Date,Rainfall_mm,Humidity_pct,Temperature_C,Soil_Moisture,Wind_Speed_ms,Atmospheric_Pressure_kPa,Rainfall_3day,Flood_Risk_Index
2004-01-01,0.34,74.34,26.73,0.55,5.59,99.75,0.34,19.21
2004-01-02,0.02,72.01,26.62,0.55,5.74,99.77,0.36000000000000004,18.13
2004-01-03,0.0,69.07,26.36,0.54,6.15,99.81,0.36000000000000004,16.35
2004-01-04,0.02,71.96,26.73,0.53,4.96,99.8,0.04,16.54
2004-01-05,0.23,75.46,26.7,0.53,5.17,99.82,0.25,18.01
2004-01-06,0.16,72.98,26.74,0.53,5.46,99.78,0.41000000000000003,17.47
2004-01-07,0.26,73.25,27.14,0.52,6.28,99.75,0.65,17.9
2004-01-08,0.37,74.68,26.59,0.52,7.61,99.8,0.79,18.82
2004-01-09,2.36,76.89,26.76,0.51,7.32,99.76,2.9899999999999998,19.86
2004-01-10,5.13,78.7,26.75,0.51,7.55,99.75,7.859999999999999,21.6
2004-01-11,1.86,75.23,26.53,0.51,7.31,99.77,9.35,20.07
2004-01-12,0.02,73.0,26.81,0.51,5.43,99.78,7.01,17.65
2004-01-13,0.59,72.86,26.92,0.5,6.43,99.67,2.47,17.92
2004-01-14,0.15,72.45,27.31,0.5,5.62,99.57,0.76,17.88
2004-01-15,0.08,72.52,27.55,0.5,4.72,99.62,0.82,17.01
2004-01-16,0.01,71.38,27.42,0.49,5.26,99.74,0.24,15.3
2004-01-17,0.0,68.07,27.19,0.49,4.72,99.68,0.09,14.09
2004-01-18,0.0,67.72,26.79,0.48,4.29,99.67,0.01,13.35
2004-01-19,0.0,61.64,26.88,0.48,3.55,99.61,0.0,10.88
2004-01-20,0.0,62.84,27.12,0.48,3.21,99.57,0.0,11.54
2004-01-21,0.0,64.08,27.29,0.47,2.6,99.48,0.0,12.07
2004-01-22,0.02,66.49,27.57,0.47,2.78,99.47,0.02,13.27
2004-01-23,0.91,71.36,27.56,0.47,3.1,99.47,0.93,15.65
2004-01-24,5.25,76.17,27.56,0.47,3.37,99.37,6.18,19.5
2004-01-25,4.02,77.46,27.57,0.47,3.11,99.49,10.18,19.53
2004-01-26,1.3,77.33,26.83,0.47,2.51,99.62,10.57,18.12
2004-01-27,0.66,73.7,27.56,0.47,1.67,99.53,5.9799999999999995,16.16
2004-01-28,0.87,68.06,28.02,0.47,2.16,99.45,2.83,14.21
2004-01-29,0.32,66.26,27.87,0.46,2.71,99.49,1.85,12.83
2004-01-30,0.0,64.33,27.87,0.46,3.88,99.53,1.19,12.21
2004-01-31,0.04,64.46,27.89,0.46,3.12,99.53,0.36,11.72
2004-02-01,0.04,68.87,27.82,0.45,1.63,99.42,0.08,13.24
2004-02-02,0.1,69.45,27.5,0.45,2.18,99.48,0.18,13.3
2004-02-03,0.97,69.1,28.45,0.45,3.65,99.52,1.1099999999999999,13.75
2004-02-04,0.53,72.98,27.86,0.45,4.52,99.56,1.6,15.61
2004-02-05,0.19,70.31,28.34,0.44,4.25,99.6,1.6900000000000002,13.59
2004-02-06,0.21,66.8,28.65,0.44,2.88,99.71,0.93,10.32
2004-02-07,3.09,68.14,28.35,0.44,1.71,99.9,3.4899999999999998,9.06
2004-02-08,4.92,70.71,27.69,0.44,2.41,99.92,8.219999999999999,11.1
2004-02-09,0.05,64.55,28.43,0.44,3.57,99.82,8.059999999999999,9.93
2004-02-10,0.23,63.91,28.23,0.44,4.36,99.84,5.2,9.47
2004-02-11,0.04,65.42,28.25,0.44,4.05,99.86,0.32,9.01
2004-02-12,0.17,67.41,28.52,0.43,4.33,99.81,0.44000000000000006,10.02
2004-02-13,0.96,69.08,28.24,0.43,5.65,99.68,1.17,12.65
2004-02-14,0.72,68.1,27.91,0.43,6.79,99.61,1.8499999999999999,13.54
2004-02-15,0.4,68.23,27.99,0.43,6.42,99.6,2.08,13.52
2004-02-16,0.02,63.39,28.25,0.42,6.27,99.65,1.14,10.39
2004-02-17,0.0,62.83,27.5,0.42,4.4,99.56,0.42000000000000004,9.79
2004-02-18,0.0,63.07,27.19,0.42,4.17,99.55,0.02,9.79
2004-02-19,0.0,58.09,27.2,0.42,4.37,99.59,0.0,7.45
2004-02-20,0.0,57.8,27.03,0.42,4.84,99.65,0.0,7.07
2004-02-21,0.05,62.03,27.05,0.41,2.88,99.68,0.05,7.14
2004-02-22,4.8,67.79,28.02,0.41,3.04,99.59,4.85,11.18
2004-02-23,8.25,74.83,27.64,0.42,4.48,99.6,13.1,16.57
2004-02-24,0.16,64.83,27.78,0.42,4.52,99.69,13.209999999999999,11.62
2004-02-25,0.0,58.65,27.2,0.42,3.37,99.73,8.41,7.29
2004-02-26,0.0,61.29,27.26,0.41,2.74,99.67,0.16,6.85
2004-02-27,0.48,67.2,27.72,0.41,2.5,99.62,0.48,9.7
2004-02-28,0.03,57.69,28.15,0.41,3.48,99.59,0.51,6.45
2004-02-29,0.0,57.9,27.26,0.41,2.93,99.57,0.51,6.41
2004-03-01,0.0,61.37,26.42,0.41,2.01,99.6,0.03,7.06
2004-03-02,0.0,60.55,27.45,0.4,1.8,99.49,0.0,7.09
2004-03-03,0.03,65.08,27.69,0.4,2.19,99.55,0.03,8.72
2004-03-04,0.14,69.47,27.43,0.4,2.63,99.6,0.17,10.42
2004-03-05,0.27,67.42,28.11,0.4,2.03,99.55,0.44000000000000006,9.69
2004-03-06,0.34,65.28,28.9,0.4,2.49,99.55,0.75,9.08
2004-03-07,0.04,60.09,28.79,0.4,2.66,99.57,0.65,6.79
2004-03-08,0.92,64.23,29.02,0.4,2.54,99.73,1.3,7.24
2004-03-09,1.15,69.31,28.24,0.4,5.29,99.68,2.11,11.43
2004-03-10,0.48,67.02,28.81,0.4,4.84,99.5,2.55,11.79
2004-03-11,0.09,64.07,29.29,0.39,3.39,99.53,1.72,8.95
2004-03-12,0.07,65.31,29.04,0.39,3.23,99.62,0.64,8.47
2004-03-13,0.59,70.4,28.35,0.39,2.74,99.73,0.75,9.45
2004-03-14,1.26,64.22,29.46,0.39,3.17,99.65,1.92,7.92
2004-03-15,8.72,74.7,28.03,0.39,2.74,99.61,10.57,13.83
2004-03-16,2.31,75.93,27.83,0.4,2.43,99.56,12.290000000000001,15.29
2004-03-17,1.5,71.85,28.28,0.4,2.37,99.57,12.530000000000001,13.49
2004-03-18,1.16,70.03,28.76,0.4,2.44,99.54,4.97,11.82
2004-03-19,0.38,71.9,28.68,0.4,2.88,99.45,3.04,13.3
2004-03-20,0.08,70.24,28.74,0.4,3.26,99.37,1.6199999999999999,13.25
2004-03-21,0.07,70.78,28.85,0.4,3.22,99.4,0.53,13.03
2004-03-22,0.5,69.55,28.61,0.4,3.29,99.52,0.65,11.56
2004-03-23,0.55,71.09,28.52,0.39,4.25,99.55,1.12,12.13
2004-03-24,2.02,74.42,28.39,0.39,4.58,99.5,3.0700000000000003,14.45
2004-03-25,1.46,74.71,28.45,0.39,5.39,99.42,4.029999999999999,15.83
2004-03-26,0.48,72.68,28.61,0.39,4.45,99.42,3.96,14.45
2004-03-27,0.18,69.88,28.98,0.39,3.52,99.6,2.1199999999999997,10.96
2004-03-28,0.07,70.14,28.94,0.39,3.2,99.66,0.7299999999999995,10.18
2004-03-29,0.61,70.9,28.82,0.39,2.89,99.65,0.8599999999999995,10.44
2004-03-30,2.86,81.49,27.53,0.39,3.41,99.65,3.539999999999999,15.63
2004-03-31,2.94,75.34,28.45,0.39,2.09,99.63,6.41,12.93
2004-04-01,14.49,84.08,26.73,0.4,2.97,99.77,20.29,18.53
2004-04-02,2.35,70.21,28.61,0.41,1.92,99.73,19.78,12.77
2004-04-03,6.51,74.48,28.46,0.41,2.37,99.75,23.35,15.21
2004-04-04,3.71,73.36,28.69,0.42,2.16,99.72,12.57,13.61
2004-04-05,4.82,79.24,27.37,0.42,2.06,99.67,15.040000000000003,16.85
2004-04-06,3.84,68.06,27.7,0.42,2.14,99.72,12.370000000000001,11.32
2004-04-07,6.23,82.24,26.7,0.42,2.5,99.72,14.89,17.92
2004-04-08,5.52,83.38,26.82,0.43,3.3,99.66,15.59,19.87
2004-04-09,2.62,78.04,27.86,0.43,2.68,99.5,14.370000000000001,18.42
2004-04-10,2.95,73.15,28.8,0.43,2.83,99.45,11.09,16.34
2004-04-11,2.49,73.75,29.12,0.44,2.06,99.53,8.060000000000002,15.45
2004-04-12,1.8,82.8,27.99,0.44,2.83,99.53,7.240000000000002,19.57
2004-04-13,9.78,85.16,27.29,0.44,4.12,99.49,14.07,22.68
2004-04-14,3.94,84.84,27.55,0.45,3.16,99.45,15.520000000000001,23.01
2004-04-15,0.76,82.78,27.94,0.45,3.96,99.48,14.48,22.16
2004-04-16,0.73,81.08,28.13,0.45,4.01,99.53,5.4300000000000015,19.62
2004-04-17,1.29,81.04,28.12,0.45,3.76,99.45,2.780000000000002,19.73
2004-04-18,1.44,78.59,28.77,0.45,4.24,99.34,3.4600000000000017,19.98
2004-04-19,0.08,72.8,28.96,0.44,3.8,99.38,2.8100000000000014,16.42
2004-04-20,0.68,73.02,28.9,0.44,3.74,99.6,2.200000000000002,14.54
2004-04-21,1.21,74.95,28.66,0.44,3.34,99.54,1.9700000000000017,15.61
2004-04-22,2.7,76.59,28.28,0.44,3.26,99.4,4.590000000000002,17.85
2004-04-23,4.76,76.14,28.46,0.44,2.68,99.37,8.670000000000002,18.24
2004-04-24,9.35,80.39,27.26,0.45,3.68,99.41,16.810000000000002,21.95
2004-04-25,5.12,73.31,28.8,0.45,1.74,99.33,19.23,18.95
2004-04-26,10.43,81.02,28.06,0.46,1.72,99.42,24.9,22.76
2004-04-27,6.64,85.08,27.54,0.47,3.31,99.47,22.19,24.92
2004-04-28,2.58,76.3,28.68,0.47,2.64,99.3,19.65,21.87
2004-04-29,4.71,77.5,28.85,0.47,3.2,99.16,13.93,22.95
2004-04-30,6.67,75.69,28.98,0.47,3.43,99.11,13.96,22.74
2004-05-01,6.78,79.98,28.17,0.48,2.93,99.09,18.16,25.53
2004-05-02,23.08,80.23,27.67,0.49,4.74,99.05,36.53,30.26
2004-05-03,18.33,84.4,26.88,0.52,5.81,99.05,48.19,35.71
2004-05-04,22.76,84.86,27.35,0.54,6.18,99.12,64.17,38.87
2004-05-05,9.18,81.42,27.71,0.55,6.49,99.19,50.269999999999996,35.23
2004-05-06,1.0,78.98,28.4,0.54,6.33,99.25,32.94,30.47
2004-05-07,3.67,79.76,28.19,0.54,5.84,99.33,13.85,26.86
2004-05-08,0.75,82.32,28.05,0.54,4.09,99.25,5.42,26.35
2004-05-09,2.13,80.67,28.19,0.54,4.44,99.28,6.55,25.77
2004-05-10,1.95,81.09,28.17,0.54,5.71,99.4,4.83,25.35
2004-05-11,1.04,81.21,28.11,0.53,6.12,99.44,5.12,24.91
2004-05-12,2.67,85.56,27.71,0.53,5.98,99.35,5.66,27.52
2004-05-13,2.07,87.37,27.76,0.53,6.39,99.28,5.779999999999999,29.12
2004-05-14,1.63,86.85,27.65,0.53,5.67,99.39,6.369999999999999,27.67
2004-05-15,7.67,84.73,27.4,0.53,6.65,99.41,11.37,27.92
2004-05-16,2.21,78.23,27.73,0.53,7.59,99.49,11.509999999999998,25.03
2004-05-17,0.58,77.88,27.69,0.53,7.03,99.55,10.459999999999999,23.91
2004-05-18,4.76,81.64,27.38,0.53,7.15,99.57,7.55,24.94
2004-05-19,1.81,80.35,27.55,0.53,7.14,99.51,7.15,24.83
2004-05-20,13.67,81.38,27.13,0.52,7.01,99.57,20.240000000000002,26.32
2004-05-21,7.7,86.05,26.96,0.53,6.39,99.54,23.18,29.1
2004-05-22,4.11,86.7,26.96,0.54,6.34,99.49,25.480000000000004,30.56
2004-05-23,1.88,86.37,27.15,0.54,6.9,99.51,13.690000000000001,28.7
2004-05-24,1.41,83.54,27.09,0.53,5.89,99.63,7.4,24.54
2004-05-25,2.31,83.7,26.97,0.53,5.76,99.6,5.6,24.5
2004-05-26,11.61,88.06,26.71,0.53,5.98,99.58,15.329999999999998,28.17
2004-05-27,18.84,85.51,26.38,0.55,7.76,99.62,32.76,31.3
2004-05-28,6.39,85.56,26.38,0.55,6.11,99.57,36.839999999999996,31.49
2004-05-29,7.41,89.89,26.47,0.56,5.63,99.47,32.64,33.66
2004-05-30,6.61,89.26,26.21,0.56,5.15,99.5,20.41,30.97
2004-05-31,2.49,87.12,26.51,0.56,5.12,99.56,16.509999999999998,28.93
2004-06-01,2.84,87.93,26.68,0.56,5.21,99.59,11.94,28.35
2004-06-02,4.34,88.61,26.47,0.56,6.02,99.64,9.67,28.3
2004-06-03,5.37,87.82,26.37,0.56,6.56,99.62,12.55,28.88
2004-06-04,3.36,86.13,26.48,0.56,6.39,99.58,13.07,28.49
2004-06-05,2.0,83.09,26.59,0.56,7.17,99.57,10.73,27.34
2004-06-06,2.59,82.38,26.81,0.56,7.61,99.56,7.949999999999999,26.92
2004-06-07,10.44,84.81,26.28,0.56,6.63,99.62,15.03,28.03
2004-06-08,5.7,87.44,26.17,0.56,5.57,99.59,18.73,29.4
2004-06-09,7.28,86.34,25.68,0.56,5.78,99.69,23.42,28.95
2004-06-10,4.46,89.26,26.26,0.57,4.5,99.54,17.44,30.24
2004-06-11,14.04,87.79,26.55,0.57,4.35,99.4,25.78,32.02
2004-06-12,12.7,87.68,26.09,0.58,5.53,99.5,31.2,33.04
2004-06-13,5.45,88.83,26.55,0.59,5.35,99.48,32.19,34.18
2004-06-14,1.79,85.44,26.99,0.59,5.54,99.49,19.939999999999998,30.84
2004-06-15,0.69,87.66,26.9,0.58,3.96,99.55,7.93,28.11
2004-06-16,1.4,85.1,27.05,0.58,5.09,99.67,3.88,25.99
2004-06-17,8.08,86.44,27.04,0.58,6.29,99.62,10.17,28.62
2004-06-18,7.31,88.08,26.73,0.59,5.87,99.72,16.79,29.71
2004-06-19,0.87,84.33,26.71,0.59,5.66,99.67,16.259999999999998,28.34
2004-06-20,0.23,84.57,26.72,0.58,5.5,99.7,8.41,26.45
2004-06-21,0.03,81.61,26.99,0.58,5.43,99.83,1.13,22.92
2004-06-22,0.02,77.16,27.14,0.57,4.92,99.93,0.28,19.37
2004-06-23,0.06,77.7,27.02,0.57,5.28,99.73,0.11,21.44
2004-06-24,0.02,76.14,27.11,0.56,5.91,99.75,0.1,20.53
2004-06-25,0.25,77.87,27.1,0.55,5.48,99.76,0.33,20.56
2004-06-26,0.7,80.74,26.92,0.55,5.9,99.7,0.97,22.61
2004-06-27,1.21,80.58,26.82,0.55,6.03,99.72,2.16,22.63
2004-06-28,0.8,80.46,26.49,0.54,6.92,99.75,2.71,22.47
2004-06-29,1.13,79.54,26.89,0.54,7.86,99.72,3.1399999999999997,22.91
2004-06-30,3.15,81.88,26.91,0.54,7.73,99.62,5.08,24.97
2004-07-01,2.87,84.1,26.67,0.54,7.63,99.61,7.15,26.27
2004-07-02,3.24,84.04,26.68,0.53,6.92,99.43,9.26,27.28
2004-07-03,2.92,84.73,26.66,0.53,7.19,99.34,9.03,28.44
2004-07-04,1.75,86.1,26.37,0.53,7.48,99.4,7.91,28.49
2004-07-05,2.58,81.99,26.19,0.53,6.42,99.41,7.25,25.99
2004-07-06,2.39,83.89,26.16,0.53,5.16,99.44,6.72,25.78
2004-07-07,6.6,87.47,25.52,0.53,5.64,99.43,11.57,28.4
2004-07-08,10.46,86.58,25.66,0.54,5.78,99.45,19.450000000000003,29.59
2004-07-09,5.37,84.95,26.08,0.54,6.07,99.5,22.43,29.11
2004-07-10,2.17,85.15,26.1,0.54,5.43,99.47,18.0,28.4
2004-07-11,3.11,88.01,25.62,0.54,5.31,99.51,10.65,28.06
2004-07-12,0.65,85.43,26.0,0.54,5.48,99.55,5.93,25.98
2004-07-13,0.37,83.35,26.26,0.54,5.66,99.57,4.13,24.75
2004-07-14,0.69,81.74,26.63,0.54,6.18,99.37,1.71,25.64
2004-07-15,1.13,82.63,26.69,0.53,7.4,99.39,2.19,26.16
2004-07-16,1.77,81.75,26.35,0.53,7.22,99.45,3.59,25.41
2004-07-17,1.51,83.5,26.33,0.53,5.64,99.49,4.41,25.09
2004-07-18,13.64,85.39,26.07,0.53,6.31,99.51,16.92,28.05
2004-07-19,5.81,85.82,25.59,0.54,6.29,99.48,20.96,29.53
2004-07-20,0.49,85.32,26.14,0.54,5.48,99.47,19.94,28.81
2004-07-21,0.24,86.1,26.19,0.54,5.93,99.52,6.540000000000001,26.86
2004-07-22,0.32,86.21,26.02,0.53,6.05,99.56,1.0500000000000018,25.35
2004-07-23,0.61,86.07,26.04,0.53,6.52,99.55,1.1700000000000017,25.64
2004-07-24,0.67,84.27,26.3,0.53,6.37,99.45,1.6000000000000019,25.71
2004-07-25,0.4,83.32,26.34,0.53,6.83,99.43,1.6800000000000017,25.73
2004-07-26,0.18,81.55,26.64,0.52,6.44,99.41,1.2500000000000018,24.45
2004-07-27,0.52,82.54,26.46,0.52,6.71,99.43,1.1000000000000019,24.82
2004-07-28,0.17,83.88,26.3,0.52,5.11,99.4,0.8700000000000018,24.74
2004-07-29,0.94,85.67,25.99,0.51,5.74,99.51,1.6300000000000017,24.61
2004-07-30,0.17,85.51,25.79,0.51,3.75,99.6,1.2800000000000016,22.66
2004-07-31,0.02,81.83,26.64,0.51,4.6,99.62,1.1300000000000017,21.37
2004-08-01,0.02,83.21,26.44,0.51,4.68,99.62,0.21000000000000169,21.85
2004-08-02,0.09,82.33,26.49,0.5,6.17,99.49,0.13000000000000167,22.94
2004-08-03,0.86,81.73,26.75,0.5,7.2,99.41,0.9700000000000016,24.05
2004-08-04,3.64,82.58,26.63,0.5,7.4,99.39,4.590000000000002,25.25
2004-08-05,3.74,84.11,26.1,0.5,5.01,99.44,8.240000000000002,24.76
2004-08-06,3.6,86.02,26.22,0.5,5.45,99.52,10.980000000000002,25.57
2004-08-07,1.16,84.82,26.07,0.5,4.86,99.61,8.500000000000002,23.59
2004-08-08,0.94,85.67,26.27,0.5,4.71,99.69,5.700000000000002,22.76
2004-08-09,1.44,82.32,26.55,0.5,4.49,99.69,3.540000000000002,20.88
2004-08-10,0.89,79.88,26.93,0.5,5.4,99.68,3.2700000000000014,20.38
2004-08-11,0.07,78.96,26.95,0.5,5.6,99.69,2.400000000000002,19.88
2004-08-12,0.09,76.54,27.11,0.49,5.7,99.71,1.0500000000000018,18.11
2004-08-13,5.82,81.04,26.99,0.49,5.24,99.76,5.980000000000002,20.12
2004-08-14,15.48,86.33,26.37,0.5,5.51,99.77,21.39,25.27
2004-08-15,4.4,84.75,25.6,0.51,5.28,99.71,25.700000000000003,26.08
2004-08-16,2.81,84.09,26.6,0.51,6.45,99.58,22.69,27.05
2004-08-17,2.8,83.75,26.65,0.51,6.15,99.71,10.010000000000002,23.66
2004-08-18,3.3,85.38,25.99,0.51,5.72,99.82,8.910000000000002,23.02
2004-08-19,1.41,85.04,26.05,0.51,5.82,99.7,7.510000000000001,23.72
2004-08-20,0.56,83.1,26.28,0.51,6.26,99.53,5.270000000000001,24.21
2004-08-21,0.38,82.46,26.24,0.5,7.02,99.54,2.350000000000002,23.38
2004-08-22,0.2,80.96,26.6,0.5,5.91,99.59,1.140000000000002,21.54
2004-08-23,0.19,78.45,27.24,0.5,6.17,99.66,0.7700000000000018,19.97
2004-08-24,0.71,80.49,26.98,0.5,6.05,99.68,1.1000000000000019,20.65
2004-08-25,0.56,81.4,26.96,0.49,5.86,99.66,1.4600000000000017,20.74
2004-08-26,0.11,80.01,26.92,0.49,6.26,99.56,1.380000000000002,21.19
2004-08-27,0.18,78.98,27.28,0.49,7.42,99.5,0.8500000000000019,21.8
2004-08-28,0.26,79.76,26.8,0.49,7.25,99.52,0.5500000000000018,21.83
2004-08-29,0.31,80.82,26.68,0.48,7.38,99.55,0.7500000000000018,21.7
2004-08-30,1.24,81.08,26.67,0.48,7.19,99.55,1.8100000000000018,21.87
2004-08-31,0.48,79.64,26.52,0.48,6.76,99.53,2.030000000000002,21.23
2004-09-01,0.05,79.45,26.58,0.48,5.22,99.37,1.7700000000000018,21.62
2004-09-02,3.15,80.66,26.65,0.47,4.78,99.46,3.6800000000000015,21.02
2004-09-03,2.71,81.36,26.49,0.48,4.68,99.59,5.910000000000002,20.94
2004-09-04,0.94,77.73,26.94,0.47,5.89,99.5,6.8000000000000025,20.53
2004-09-05,1.42,77.23,26.97,0.47,7.36,99.43,5.070000000000002,21.43
2004-09-06,18.11,79.13,26.66,0.48,7.14,99.49,20.470000000000002,24.45
2004-09-07,18.31,84.36,25.99,0.5,5.56,99.59,37.84,28.55
2004-09-08,8.1,83.34,26.09,0.51,4.75,99.65,44.519999999999996,28.65
2004-09-09,0.48,80.99,26.17,0.51,4.49,99.64,26.89,24.83
2004-09-10,2.68,84.32,26.06,0.51,4.79,99.72,11.260000000000003,23.28
2004-09-11,5.62,86.53,25.97,0.51,5.04,99.66,8.780000000000005,24.46
2004-09-12,4.97,86.85,25.56,0.51,5.42,99.72,13.270000000000003,25.01
2004-09-13,1.29,86.21,25.68,0.51,4.5,99.82,11.880000000000003,23.18
2004-09-14,1.65,86.57,25.92,0.51,4.68,99.8,7.910000000000004,22.97
2004-09-15,3.33,86.63,26.13,0.51,5.38,99.64,6.270000000000003,24.46
2004-09-16,4.21,83.98,26.66,0.52,4.89,99.64,9.190000000000005,23.96
2004-09-17,6.04,86.92,26.42,0.52,6.03,99.64,13.580000000000004,26.51
2004-09-18,7.42,84.75,26.42,0.52,6.02,99.56,17.67,26.9
2004-09-19,9.06,86.62,26.23,0.53,6.63,99.52,22.520000000000003,29.54
2004-09-20,6.11,88.01,26.22,0.53,5.9,99.57,22.590000000000007,29.33
2004-09-21,8.05,87.66,26.12,0.53,5.88,99.57,23.220000000000006,29.27
2004-09-22,7.8,83.67,26.34,0.54,5.0,99.52,21.960000000000008,27.74
2004-09-23,14.61,85.02,26.15,0.54,4.6,99.48,30.460000000000008,29.77
2004-09-24,8.5,88.24,25.94,0.55,4.03,99.4,30.910000000000007,31.99
2004-09-25,28.82,90.34,25.69,0.57,5.0,99.44,51.93000000000001,37.22
2004-09-26,40.11,90.72,25.67,0.6,3.75,99.44,77.43,41.98
2004-09-27,17.9,90.89,25.22,0.63,6.06,99.43,86.83000000000001,46.13
2004-09-28,4.08,86.68,25.32,0.63,4.6,99.43,62.09,39.67
2004-09-29,0.62,85.18,26.1,0.63,3.04,99.56,22.600000000000005,30.9
2004-09-30,1.36,85.92,26.09,0.63,2.71,99.74,6.060000000000008,26.93
2004-10-01,10.46,85.42,26.04,0.63,3.48,99.8,12.440000000000008,27.63
2004-10-02,11.0,83.91,25.72,0.64,5.37,99.69,22.820000000000007,30.99
2004-10-03,4.29,83.35,25.96,0.64,6.76,99.7,25.75000000000001,31.88
2004-10-04,7.56,85.57,25.93,0.64,6.48,99.68,22.85000000000001,32.38
2004-10-05,2.61,86.82,26.29,0.64,5.63,99.62,14.460000000000006,31.64
2004-10-06,1.93,86.89,26.28,0.63,5.34,99.65,12.100000000000005,30.46
2004-10-07,1.27,88.41,26.19,0.63,5.21,99.65,5.810000000000007,30.05
2004-10-08,3.45,87.12,26.3,0.62,4.53,99.69,6.6500000000000075,28.51
2004-10-09,4.47,88.15,26.04,0.62,4.35,99.76,9.190000000000007,28.66
2004-10-10,6.03,88.97,26.02,0.62,4.21,99.81,13.950000000000006,29.26
2004-10-11,12.42,90.4,25.98,0.63,4.61,99.79,22.92000000000001,32.08
2004-10-12,10.02,91.13,25.72,0.64,4.11,99.73,28.470000000000006,33.92
2004-10-13,5.17,89.93,25.7,0.64,3.28,99.79,27.610000000000007,32.32
2004-10-14,2.23,90.51,25.9,0.64,4.21,99.85,17.420000000000005,30.97
2004-10-15,1.45,87.07,25.69,0.64,4.46,99.81,8.850000000000005,28.63
2004-10-16,2.3,86.94,25.82,0.64,3.48,99.73,5.980000000000005,28.27
2004-10-17,9.07,88.04,26.16,0.64,2.46,99.66,12.820000000000006,29.85
2004-10-18,11.16,87.47,26.32,0.64,2.88,99.59,22.53000000000001,31.94
2004-10-19,5.87,83.11,26.1,0.65,1.93,99.59,26.100000000000005,30.57
2004-10-20,8.69,80.84,27.16,0.65,1.55,99.43,25.720000000000006,30.68
2004-10-21,16.07,83.9,27.01,0.66,1.56,99.5,30.630000000000006,32.59
2004-10-22,9.82,81.25,26.92,0.67,1.94,99.56,34.580000000000005,32.21
2004-10-23,16.45,84.1,26.66,0.68,1.86,99.52,42.34,35.36
2004-10-24,8.71,78.96,27.1,0.69,2.17,99.56,34.980000000000004,32.28
2004-10-25,8.25,83.48,26.64,0.69,2.9,99.56,33.41000000000001,34.34
2004-10-26,25.41,85.06,26.3,0.7,2.48,99.55,42.370000000000005,36.7
2004-10-27,15.5,84.63,26.21,0.71,3.41,99.54,49.16000000000001,38.59
2004-10-28,11.24,87.58,26.18,0.72,4.55,99.45,52.150000000000006,42.11
2004-10-29,7.12,86.68,25.65,0.73,4.15,99.55,33.86000000000001,38.22
2004-10-30,6.51,88.11,25.45,0.73,3.49,99.59,24.870000000000008,36.72
2004-10-31,8.48,88.88,25.66,0.74,3.01,99.53,22.110000000000007,37.28
2004-11-01,26.35,88.49,25.99,0.75,4.62,99.57,41.34,41.09
2004-11-02,5.98,83.76,26.5,0.76,4.09,99.62,40.81000000000001,38.72
2004-11-03,4.63,82.59,26.54,0.76,5.02,99.55,36.960000000000015,38.71
2004-11-04,5.55,86.69,26.02,0.75,5.76,99.49,16.160000000000007,37.67
2004-11-05,18.49,90.74,25.08,0.76,5.07,99.47,28.670000000000005,41.56
2004-11-06,8.85,86.41,25.84,0.77,2.72,99.52,32.89000000000001,39.13
2004-11-07,4.23,87.47,25.86,0.77,1.19,99.46,31.570000000000007,39.04
2004-11-08,10.28,87.62,25.79,0.77,2.89,99.47,23.360000000000007,38.65
2004-11-09,7.56,85.95,26.15,0.78,2.25,99.48,22.070000000000007,37.74
2004-11-10,7.15,87.69,26.23,0.78,1.62,99.51,24.990000000000006,38.34
2004-11-11,14.57,86.38,26.27,0.78,2.03,99.54,29.28000000000001,38.43
2004-11-12,12.5,84.11,26.4,0.79,1.52,99.68,34.220000000000006,37.21
2004-11-13,17.03,83.67,26.55,0.8,2.11,99.74,44.10000000000001,38.82
2004-11-14,5.2,88.93,26.11,0.81,4.49,99.64,34.730000000000004,42.13
2004-11-15,15.57,87.45,26.42,0.81,3.05,99.61,37.800000000000004,41.45
2004-11-16,3.73,85.52,25.82,0.82,4.57,99.64,24.500000000000004,39.54
2004-11-17,0.65,83.87,25.94,0.81,4.61,99.68,19.950000000000003,37.39
2004-11-18,0.1,82.39,25.81,0.8,5.46,99.7,4.480000000000004,34.2
2004-11-19,1.79,86.97,25.9,0.8,5.39,99.59,2.5400000000000036,36.72
2004-11-20,6.17,86.26,26.5,0.8,4.6,99.58,8.060000000000004,36.95
2004-11-21,11.41,89.59,26.21,0.8,4.99,99.55,19.370000000000005,40.6
2004-11-22,22.06,88.71,26.2,0.81,2.68,99.52,39.64,42.83
2004-11-23,8.65,87.74,25.65,0.82,3.31,99.54,42.120000000000005,43.41
2004-11-24,7.59,85.1,26.11,0.82,3.89,99.48,38.300000000000004,42.5
2004-11-25,5.37,84.57,26.32,0.82,4.37,99.53,21.610000000000003,39.5
2004-11-26,5.1,85.27,25.83,0.82,4.5,99.6,18.060000000000002,38.72
2004-11-27,1.16,81.74,26.4,0.82,4.18,99.62,11.630000000000003,35.87
2004-11-28,9.52,85.51,26.3,0.82,5.45,99.71,15.780000000000001,38.05
2004-11-29,1.39,85.31,26.05,0.81,6.81,99.67,12.070000000000002,38.04
2004-11-30,4.95,85.58,26.27,0.81,6.07,99.6,15.860000000000001,38.93
2004-12-01,8.24,84.38,26.34,0.8,3.62,99.6,14.580000000000002,36.47
2004-12-02,4.58,85.88,26.26,0.8,4.2,99.74,17.770000000000003,36.75
2004-12-03,11.07,87.27,26.14,0.8,4.34,99.78,23.89,38.04
2004-12-04,3.35,84.63,26.31,0.8,3.34,99.71,19.000000000000004,36.2
2004-12-05,5.49,84.4,25.8,0.8,2.88,99.72,19.910000000000004,35.91
2004-12-06,0.64,83.22,24.85,0.8,5.6,99.82,9.480000000000002,34.41
2004-12-07,0.39,82.3,24.79,0.79,5.31,99.87,6.520000000000002,32.55
2004-12-08,3.41,86.94,25.85,0.79,4.48,99.71,4.440000000000002,35.09
2004-12-09,3.2,87.06,25.8,0.79,4.19,99.61,7.000000000000002,36.22
2004-12-10,0.62,83.82,25.43,0.79,6.15,99.64,7.230000000000002,35.69
2004-12-11,6.39,84.71,25.42,0.78,5.93,99.65,10.21,35.91
2004-12-12,27.97,89.11,25.61,0.79,6.43,99.64,34.98,42.44
2004-12-13,6.56,90.19,25.73,0.8,5.65,99.55,40.92,44.59
2004-12-14,7.3,90.45,25.58,0.8,4.29,99.44,41.83,45.03
2004-12-15,6.48,90.09,25.43,0.81,5.19,99.42,20.340000000000003,42.58
2004-12-16,25.27,87.83,25.11,0.81,6.35,99.54,39.050000000000004,44.18
2004-12-17,4.08,83.88,24.8,0.82,6.58,99.7,35.830000000000005,41.21
2004-12-18,0.01,85.76,24.41,0.81,5.05,99.74,29.360000000000003,39.4
2004-12-19,0.0,78.93,24.39,0.81,5.14,99.65,4.090000000000003,33.34
2004-12-20,0.0,74.84,23.69,0.8,4.38,99.59,0.010000000000003553,30.64
2004-12-21,0.0,74.03,23.3,0.79,4.05,99.59,0.0,29.69
2004-12-22,0.0,78.42,23.05,0.79,3.73,99.6,0.0,31.3
2004-12-23,0.07,80.49,24.22,0.78,4.31,99.55,0.07000000000000356,32.49
2004-12-24,1.53,81.41,24.61,0.77,3.51,99.61,1.6000000000000036,31.76
2004-12-25,0.01,80.59,24.58,0.77,5.37,99.65,1.6100000000000037,32.09
2004-12-26,0.6,84.89,25.05,0.76,5.23,99.57,2.1400000000000037,34.17
2004-12-27,1.47,86.13,25.72,0.76,3.72,99.49,2.0800000000000036,34.54
2004-12-28,2.2,83.93,25.36,0.75,5.91,99.53,4.270000000000004,34.37
2004-12-29,0.01,81.52,24.7,0.75,6.0,99.63,3.6800000000000037,32.47
2004-12-30,2.48,86.39,25.53,0.74,4.7,99.59,4.690000000000003,33.9
2004-12-31,8.96,89.15,25.46,0.74,5.03,99.64,11.450000000000003,35.89
2005-01-01,5.36,87.48,25.02,0.75,4.42,99.75,16.800000000000004,35.19
2005-01-02,0.37,82.06,25.39,0.74,4.44,99.7,14.690000000000003,32.57
2005-01-03,0.01,83.19,24.75,0.74,4.29,99.68,5.740000000000002,31.73
2005-01-04,0.67,86.2,25.16,0.73,5.5,99.74,1.0500000000000018,32.0
2005-01-05,1.25,83.49,25.57,0.73,5.95,99.76,1.930000000000002,31.06
2005-01-06,0.02,81.99,25.06,0.72,6.05,99.74,1.940000000000002,30.23
2005-01-07,0.17,82.24,24.88,0.72,5.82,99.69,1.4400000000000017,30.55
2005-01-08,0.18,83.43,24.58,0.71,5.18,99.75,0.37000000000000177,29.62
2005-01-09,0.28,81.07,24.82,0.71,6.32,99.69,0.6300000000000018,29.78
2005-01-10,0.32,82.14,24.61,0.7,6.06,99.58,0.7800000000000018,30.61
2005-01-11,0.07,80.43,24.53,0.69,4.65,99.64,0.6700000000000019,28.18
2005-01-12,0.24,82.57,25.86,0.69,4.9,99.71,0.6300000000000018,28.63
2005-01-13,0.0,82.33,24.08,0.68,5.16,99.72,0.3100000000000018,28.11
2005-01-14,0.0,79.0,24.29,0.68,5.58,99.66,0.24000000000000177,27.42
2005-01-15,0.0,79.36,24.7,0.67,5.52,99.64,0.0,27.25
2005-01-16,0.0,79.21,25.19,0.66,4.98,99.67,0.0,26.22
2005-01-17,1.32,83.23,25.7,0.66,4.55,99.66,1.3200000000000018,27.98
2005-01-18,4.15,87.11,25.59,0.65,5.25,99.66,5.470000000000002,30.23
2005-01-19,4.48,88.25,26.32,0.66,5.46,99.6,9.950000000000003,32.46
2005-01-20,5.39,89.95,26.24,0.66,3.97,99.62,14.020000000000003,32.84
2005-01-21,4.5,85.44,26.2,0.66,3.54,99.8,14.370000000000001,29.24
2005-01-22,4.58,86.58,26.05,0.66,4.58,99.77,14.470000000000002,30.56
2005-01-23,4.46,85.76,26.39,0.66,3.43,99.65,13.540000000000001,30.45
2005-01-24,5.29,82.89,26.23,0.66,3.4,99.72,14.330000000000002,28.75
2005-01-25,0.22,80.51,25.51,0.65,4.53,99.68,9.97,27.58
2005-01-26,0.0,78.26,25.71,0.65,4.8,99.54,5.510000000000002,27.25
2005-01-27,0.0,75.45,25.38,0.64,2.63,99.54,0.22000000000000178,23.63
2005-01-28,0.1,80.83,25.65,0.63,2.1,99.55,0.10000000000000178,25.1
2005-01-29,22.13,82.45,25.75,0.64,2.37,99.51,22.23,30.16
2005-01-30,3.96,81.35,26.1,0.65,2.54,99.54,26.19,30.58
2005-01-31,15.09,82.91,26.24,0.65,1.36,99.64,41.18,32.12
2005-02-01,18.43,82.58,26.49,0.66,1.92,99.67,37.480000000000004,31.87
2005-02-02,3.2,86.34,25.93,0.66,3.8,99.68,36.72,34.28
2005-02-03,3.1,81.32,26.06,0.66,4.18,99.69,24.73,30.39
2005-02-04,0.03,79.11,25.53,0.66,5.02,99.72,6.33,26.77
2005-02-05,0.0,77.23,25.49,0.65,3.72,99.75,3.13,24.09
2005-02-06,0.0,76.57,25.11,0.64,4.71,99.78,0.03,23.18
2005-02-07,0.21,78.76,25.36,0.64,4.67,99.78,0.21,24.12
2005-02-08,0.49,80.39,25.86,0.63,6.06,99.76,0.7,25.38
2005-02-09,0.82,79.84,25.36,0.62,6.11,99.84,1.52,24.21
2005-02-10,0.06,78.61,25.49,0.62,5.64,99.87,1.3699999999999999,23.16
2005-02-11,0.0,75.68,25.08,0.61,5.66,99.96,0.8799999999999999,20.67
2005-02-12,0.0,77.12,24.67,0.6,5.3,99.87,0.06,21.29
2005-02-13,0.01,79.04,25.39,0.6,5.35,99.73,0.01,23.3
2005-02-14,0.0,78.14,25.42,0.59,4.6,99.62,0.01,23.01
2005-02-15,0.0,75.54,25.71,0.58,2.83,99.69,0.01,19.94
2005-02-16,0.0,77.18,25.84,0.58,2.1,99.68,0.0,20.33
2005-02-17,0.0,73.22,26.37,0.57,1.78,99.62,0.0,18.56
2005-02-18,0.07,70.17,26.35,0.57,1.47,99.65,0.07,16.85
2005-02-19,0.02,71.51,26.7,0.56,1.66,99.67,0.09000000000000001,16.94
2005-02-20,1.86,77.64,26.65,0.56,1.75,99.71,1.9500000000000002,19.54
2005-02-21,3.44,83.61,25.97,0.56,1.34,99.73,5.32,22.21
2005-02-22,1.1,80.33,26.43,0.56,1.81,99.78,6.4,20.82
2005-02-23,0.64,77.78,27.54,0.56,2.66,99.71,5.18,20.6
2005-02-24,0.24,76.33,27.4,0.55,4.0,99.64,1.9799999999999995,20.37
2005-02-25,0.02,72.95,27.46,0.54,3.06,99.66,0.8999999999999996,17.67
2005-02-26,0.0,71.73,26.69,0.54,2.61,99.77,0.25999999999999956,15.89
2005-02-27,0.0,68.24,27.25,0.54,2.24,99.66,0.019999999999999556,15.09
2005-02-28,0.0,70.35,27.76,0.53,2.32,99.61,0.0,16.02
2005-03-01,0.0,71.64,27.42,0.53,2.68,99.71,0.0,15.92
2005-03-02,0.0,71.87,27.91,0.52,1.97,99.88,0.0,13.79
2005-03-03,0.22,70.91,28.16,0.52,1.8,99.86,0.21999999999999956,13.49
2005-03-04,3.1,77.26,27.92,0.51,1.85,99.94,3.32,15.6
2005-03-05,8.43,74.98,27.95,0.51,1.56,99.96,11.75,15.63
2005-03-06,8.89,75.35,27.9,0.52,1.18,99.95,20.42,17.45
2005-03-07,2.12,71.52,28.14,0.52,2.13,99.9,19.439999999999998,16.61
2005-03-08,1.17,69.7,27.92,0.52,2.04,99.96,12.18,14.15
2005-03-09,10.36,75.68,27.56,0.52,1.13,99.89,13.649999999999999,17.01
2005-03-10,12.1,76.1,27.69,0.53,1.91,99.78,23.629999999999995,20.52
2005-03-11,7.5,78.23,27.56,0.54,1.63,99.67,29.96,23.61
2005-03-12,1.43,80.54,27.22,0.54,1.73,99.67,21.03,23.24
2005-03-13,4.9,85.32,26.44,0.54,1.92,99.67,13.83,24.24
2005-03-14,1.27,73.25,27.58,0.54,1.55,99.61,7.6,18.45
2005-03-15,0.01,68.27,27.56,0.53,2.22,99.55,6.180000000000001,16.56
2005-03-16,0.0,66.42,27.22,0.53,2.28,99.59,1.28,14.7
2005-03-17,0.01,65.7,27.08,0.52,2.2,99.58,0.02,13.82
2005-03-18,0.48,70.43,27.83,0.52,2.4,99.54,0.49,16.34
2005-03-19,1.69,74.08,28.59,0.52,2.4,99.47,2.1799999999999997,18.74
2005-03-20,3.18,74.3,28.16,0.51,2.07,99.56,5.3500000000000005,17.97
2005-03-21,1.66,72.46,28.11,0.51,2.03,99.51,6.53,17.78
2005-03-22,2.64,77.41,27.72,0.51,2.36,99.46,7.48,20.62
2005-03-23,1.86,78.27,27.72,0.51,2.69,99.45,6.16,21.04
2005-03-24,0.93,77.48,28.33,0.51,3.12,99.45,5.43,20.83
2005-03-25,2.01,81.45,27.69,0.5,3.33,99.54,4.8,21.35
2005-03-26,0.88,77.96,27.98,0.5,2.88,99.56,3.8199999999999994,19.3
2005-03-27,0.94,72.07,28.91,0.5,1.62,99.52,3.8299999999999996,16.46
2005-03-28,1.99,81.36,27.23,0.5,2.76,99.63,3.81,20.09
2005-03-29,1.33,81.33,27.39,0.5,3.6,99.58,4.26,21.02
2005-03-30,16.22,85.0,27.2,0.5,4.65,99.49,19.54,26.3
2005-03-31,13.52,85.78,26.9,0.52,4.43,99.43,31.069999999999997,29.67
2005-04-01,12.14,82.41,27.48,0.53,3.17,99.31,41.879999999999995,30.69
2005-04-02,10.88,80.29,27.44,0.54,1.89,99.33,36.54,28.51
2005-04-03,11.62,89.14,26.75,0.55,5.38,99.26,34.64,34.87
2005-04-04,12.57,85.71,26.86,0.56,2.77,99.31,35.07,32.07
2005-04-05,5.45,88.46,26.34,0.57,5.82,99.4,29.639999999999997,33.7
2005-04-06,1.78,86.66,26.6,0.57,2.87,99.53,19.8,28.71
2005-04-07,1.11,84.97,26.73,0.56,3.37,99.55,8.34,25.87
2005-04-08,0.48,81.61,27.26,0.56,4.01,99.62,3.37,23.42
2005-04-09,2.54,83.22,27.39,0.56,4.1,99.6,4.13,24.44
2005-04-10,1.82,84.06,27.17,0.55,4.32,99.61,4.84,24.52
2005-04-11,2.8,83.79,27.21,0.55,3.88,99.62,7.16,24.45
2005-04-12,1.32,82.7,27.46,0.55,3.19,99.66,5.94,23.09
2005-04-13,1.14,81.62,27.37,0.55,2.58,99.8,5.26,21.02
2005-04-14,4.67,82.56,27.15,0.55,2.77,99.85,7.13,21.39
2005-04-15,1.64,79.44,27.62,0.55,2.07,99.83,7.449999999999999,19.91
2005-04-16,1.76,77.55,28.02,0.54,1.99,99.77,8.07,19.24
2005-04-17,2.1,78.76,27.77,0.54,2.26,99.74,5.5,19.75
2005-04-18,5.48,80.05,27.81,0.54,1.68,99.7,9.34,20.92
2005-04-19,19.29,82.33,27.56,0.55,1.08,99.75,26.869999999999997,24.32
2005-04-20,14.97,77.88,27.49,0.57,2.05,99.77,39.739999999999995,25.66
2005-04-21,4.13,79.58,27.01,0.57,3.18,99.67,38.39,27.62
2005-04-22,4.51,82.32,27.25,0.57,2.04,99.61,23.609999999999996,26.35
2005-04-23,4.53,82.7,27.55,0.58,1.78,99.6,13.169999999999996,25.23
2005-04-24,4.61,81.82,27.92,0.58,1.75,99.58,13.649999999999995,25.09
2005-04-25,6.34,83.23,28.15,0.58,2.34,99.54,15.479999999999997,26.63
2005-04-26,2.34,85.88,27.61,0.58,2.64,99.54,13.289999999999996,27.57
2005-04-27,4.77,84.65,27.61,0.58,2.39,99.51,13.449999999999996,27.19
2005-04-28,1.9,84.84,27.76,0.58,2.58,99.45,9.009999999999996,27.18
2005-04-29,0.34,81.4,28.49,0.58,2.69,99.29,7.009999999999996,26.81
2005-04-30,2.43,82.18,28.29,0.57,3.09,99.25,4.669999999999996,26.9
2005-05-01,11.04,81.58,28.09,0.57,2.9,99.36,13.809999999999995,27.06
2005-05-02,13.28,83.65,27.01,0.59,2.49,99.45,26.749999999999993,29.84
2005-05-03,5.27,83.51,27.56,0.59,4.02,99.44,29.589999999999996,31.13
2005-05-04,9.03,86.93,26.67,0.6,4.36,99.43,27.579999999999995,32.96
2005-05-05,6.97,85.6,26.86,0.6,3.88,99.35,21.269999999999996,31.82
2005-05-06,4.03,85.52,27.41,0.6,4.14,99.31,20.029999999999994,32.06
2005-05-07,2.34,85.16,27.31,0.6,4.78,99.36,13.339999999999996,30.79
2005-05-08,1.2,85.39,27.36,0.6,4.77,99.44,7.569999999999997,29.3
2005-05-09,2.14,82.87,27.87,0.59,5.07,99.46,5.679999999999996,27.51
2005-05-10,1.93,79.91,28.25,0.59,5.44,99.45,5.269999999999996,26.47
2005-05-11,1.42,80.41,28.18,0.59,4.88,99.46,5.489999999999996,26.33
2005-05-12,2.45,83.41,27.75,0.58,4.96,99.49,5.799999999999996,27.02
2005-05-13,2.54,85.08,27.58,0.58,4.07,99.44,6.409999999999997,27.76
2005-05-14,0.8,85.88,27.63,0.58,4.55,99.47,5.7899999999999965,28.01
2005-05-15,0.48,84.52,27.82,0.58,5.59,99.54,3.8199999999999967,27.1
2005-05-16,0.4,82.56,28.29,0.57,4.83,99.54,1.6799999999999966,25.1
2005-05-17,5.68,79.96,28.27,0.57,4.43,99.54,6.559999999999996,24.55
2005-05-18,11.01,82.57,28.11,0.57,4.81,99.45,17.089999999999996,28.27
2005-05-19,5.86,84.54,27.76,0.58,5.04,99.41,22.549999999999994,30.84
2005-05-20,1.93,82.46,28.05,0.57,5.61,99.37,18.799999999999997,29.59
2005-05-21,3.65,81.52,28.19,0.57,5.56,99.38,11.439999999999998,27.93
2005-05-22,15.98,84.33,27.92,0.57,5.11,99.41,21.56,30.21
2005-05-23,15.28,87.25,27.54,0.59,5.89,99.48,34.91,34.23
2005-05-24,5.8,86.02,27.58,0.59,5.73,99.52,37.06,33.62
2005-05-25,1.42,85.91,27.38,0.59,4.73,99.5,22.499999999999996,30.92
2005-05-26,2.73,85.45,27.6,0.59,5.1,99.47,9.949999999999998,29.2
2005-05-27,9.36,85.8,27.5,0.59,5.27,99.48,13.509999999999998,29.92
2005-05-28,9.26,85.59,27.56,0.6,4.48,99.45,21.349999999999998,31.31
2005-05-29,20.59,87.54,27.19,0.61,6.02,99.41,39.209999999999994,36.53
2005-05-30,12.65,87.31,27.15,0.63,4.93,99.43,42.5,37.04
2005-05-31,1.41,85.31,27.56,0.63,6.07,99.41,34.65,35.74
2005-06-01,2.5,85.11,27.5,0.62,6.36,99.38,16.559999999999995,32.8
2005-06-02,4.21,85.9,27.53,0.62,6.71,99.35,8.119999999999997,32.25
2005-06-03,2.97,85.76,27.63,0.62,7.26,99.31,9.679999999999996,33.07
2005-06-04,2.14,88.61,27.05,0.62,6.67,99.29,9.319999999999997,34.07
2005-06-05,7.97,87.71,26.91,0.62,6.31,99.26,13.079999999999997,34.34
2005-06-06,8.07,87.1,26.79,0.63,5.77,99.41,18.179999999999996,33.75
2005-06-07,2.0,85.81,27.3,0.63,5.86,99.42,18.039999999999996,33.15
2005-06-08,21.16,88.87,27.45,0.63,7.33,99.3,31.229999999999997,38.32
2005-06-09,20.47,88.45,27.03,0.66,7.72,99.33,43.629999999999995,41.32
2005-06-10,2.34,86.24,27.25,0.66,7.05,99.38,43.97,39.65
2005-06-11,0.76,85.03,27.38,0.65,6.57,99.43,23.569999999999997,34.83
2005-06-12,1.79,87.97,27.08,0.65,6.58,99.39,4.889999999999996,33.49
2005-06-13,1.45,87.29,26.8,0.65,7.19,99.43,3.9999999999999964,33.05
2005-06-14,1.6,85.89,26.64,0.64,6.01,99.43,4.839999999999996,31.53
2005-06-15,1.72,84.98,26.72,0.64,6.54,99.4,4.769999999999997,31.67
2005-06-16,5.29,87.56,26.75,0.64,7.45,99.36,8.609999999999996,34.2
2005-06-17,5.02,89.09,26.28,0.64,7.7,99.42,12.029999999999998,35.01
2005-06-18,5.31,87.5,26.01,0.64,6.56,99.42,15.619999999999996,34.29
2005-06-19,7.5,87.78,26.32,0.64,6.24,99.37,17.829999999999995,35.0
2005-06-20,11.92,88.23,26.13,0.65,6.84,99.42,24.729999999999997,36.6
2005-06-21,2.78,87.48,26.31,0.65,5.92,99.51,22.199999999999996,34.63
2005-06-22,0.71,83.37,26.6,0.65,5.36,99.59,15.409999999999997,30.85
2005-06-23,0.45,85.44,26.81,0.64,5.46,99.56,3.9399999999999964,29.81
2005-06-24,1.22,85.13,26.96,0.64,6.54,99.5,2.3799999999999963,30.52
2005-06-25,1.19,85.33,26.88,0.63,6.67,99.55,2.8599999999999963,29.91
2005-06-26,0.21,84.47,26.66,0.63,5.89,99.62,2.619999999999996,28.5
2005-06-27,0.64,86.59,26.54,0.62,5.56,99.55,2.0399999999999965,29.29
2005-06-28,0.63,85.36,26.69,0.62,5.1,99.49,1.4799999999999964,28.94
2005-06-29,0.19,84.83,26.51,0.61,4.3,99.5,1.4599999999999964,27.77
2005-06-30,0.22,84.1,26.71,0.61,4.59,99.52,1.0399999999999965,27.38
2005-07-01,1.17,82.51,27.04,0.6,4.85,99.66,1.5799999999999965,25.34
2005-07-02,2.46,84.17,26.72,0.6,5.09,99.71,3.8499999999999965,26.11
2005-07-03,3.85,87.34,26.46,0.6,4.73,99.66,7.479999999999997,28.25
2005-07-04,10.27,89.12,26.35,0.6,5.28,99.59,16.58,31.31
2005-07-05,5.21,86.06,26.68,0.61,5.25,99.63,19.329999999999995,30.52
2005-07-06,1.5,86.08,26.83,0.61,5.93,99.66,16.979999999999997,30.27
2005-07-07,0.92,83.8,26.93,0.61,6.37,99.57,7.629999999999996,28.83
2005-07-08,2.58,86.18,26.64,0.6,7.08,99.47,4.9999999999999964,30.23
2005-07-09,6.77,88.68,26.28,0.6,6.39,99.5,10.269999999999996,31.49
2005-07-10,9.77,89.22,25.77,0.61,6.75,99.63,19.119999999999997,32.64
2005-07-11,1.59,87.88,25.56,0.61,6.26,99.68,18.13,31.23
2005-07-12,1.18,85.34,25.68,0.61,6.54,99.64,12.539999999999996,29.76
2005-07-13,1.75,88.58,25.59,0.6,7.55,99.47,4.519999999999996,31.43
2005-07-14,8.54,89.55,25.2,0.6,6.28,99.47,11.469999999999995,32.24
2005-07-15,5.23,89.84,24.98,0.61,5.9,99.46,15.519999999999996,33.3
2005-07-16,0.18,86.85,25.36,0.61,5.44,99.47,13.949999999999996,31.46
2005-07-17,0.44,87.21,25.48,0.6,5.87,99.41,5.849999999999997,30.65
2005-07-18,0.13,87.59,25.72,0.6,5.32,99.45,0.7499999999999964,29.38
2005-07-19,0.89,89.65,25.6,0.59,5.56,99.57,1.4599999999999964,29.06
2005-07-20,1.27,89.77,25.44,0.59,5.98,99.57,2.2899999999999965,29.47
2005-07-21,0.74,89.85,25.59,0.59,5.46,99.61,2.899999999999997,28.98
2005-07-22,0.36,88.16,25.82,0.59,5.46,99.55,2.3699999999999966,28.69
2005-07-23,1.94,87.5,25.97,0.58,6.05,99.57,3.0399999999999965,28.24
2005-07-24,1.92,89.64,25.79,0.58,5.66,99.62,4.219999999999996,28.7
2005-07-25,1.67,87.75,26.08,0.58,5.83,99.61,5.529999999999996,28.28
2005-07-26,3.1,90.05,25.99,0.58,6.34,99.56,6.689999999999996,30.13
2005-07-27,3.31,89.11,26.08,0.58,5.94,99.5,8.079999999999997,30.24
2005-07-28,12.84,88.04,26.28,0.58,5.14,99.58,19.249999999999996,30.44
2005-07-29,6.07,90.51,26.12,0.59,5.24,99.57,22.219999999999995,32.51
2005-07-30,3.63,88.09,25.81,0.59,5.61,99.52,22.539999999999996,32.16
2005-07-31,6.03,88.76,26.11,0.59,5.96,99.46,15.729999999999997,32.06
2005-08-01,5.65,90.22,25.83,0.59,5.63,99.58,15.309999999999997,31.43
2005-08-02,0.99,89.38,26.08,0.59,5.19,99.59,12.669999999999996,30.34
2005-08-03,0.88,88.39,26.28,0.59,5.27,99.59,7.519999999999997,29.15
2005-08-04,0.26,86.75,26.06,0.58,5.08,99.67,2.1299999999999963,26.41
2005-08-05,0.06,84.44,26.16,0.58,4.74,99.69,1.1999999999999964,24.94
2005-08-06,0.01,83.37,26.59,0.58,5.03,99.63,0.32999999999999646,25.01
2005-08-07,0.0,82.23,26.63,0.57,5.13,99.55,0.06999999999999644,24.79
2005-08-08,0.03,81.88,26.75,0.57,4.84,99.65,0.03999999999999645,23.64
2005-08-09,0.12,83.16,26.82,0.56,4.7,99.72,0.14999999999999644,23.11
2005-08-10,0.17,85.52,26.45,0.56,5.2,99.65,0.31999999999999645,24.99
2005-08-11,1.06,85.58,26.85,0.56,5.71,99.57,1.3499999999999965,26.13
2005-08-12,0.98,85.38,26.23,0.55,6.07,99.57,2.2099999999999964,25.95
2005-08-13,0.92,87.14,26.11,0.55,5.27,99.5,2.9599999999999964,26.97
2005-08-14,0.57,86.41,26.37,0.55,5.6,99.5,2.469999999999996,26.76
2005-08-15,1.14,84.29,26.91,0.55,6.31,99.46,2.6299999999999963,26.61
2005-08-16,0.53,83.52,26.84,0.54,5.91,99.51,2.2399999999999967,25.16
2005-08-17,0.27,84.51,26.76,0.54,5.01,99.55,1.9399999999999964,24.71
2005-08-18,0.08,84.32,26.65,0.54,4.76,99.55,0.8799999999999965,24.33
2005-08-19,0.23,81.01,26.75,0.54,5.33,99.62,0.5799999999999965,22.6
2005-08-20,0.19,79.59,26.83,0.53,4.57,99.58,0.49999999999999645,21.49
2005-08-21,0.18,80.1,26.63,0.53,4.13,99.52,0.5999999999999964,21.98
2005-08-22,0.44,79.53,26.91,0.53,4.03,99.56,0.8099999999999965,21.39
2005-08-23,0.55,81.01,26.58,0.52,4.4,99.63,1.1699999999999966,21.26
2005-08-24,0.61,82.05,26.4,0.52,4.42,99.7,1.5999999999999965,21.19
2005-08-25,0.89,80.78,26.8,0.52,4.82,99.66,2.0499999999999967,21.27
2005-08-26,0.48,80.0,27.0,0.52,4.75,99.58,1.9799999999999964,21.57
2005-08-27,1.56,81.03,26.82,0.51,5.05,99.52,2.9299999999999966,22.39
2005-08-28,0.91,78.22,27.0,0.51,4.88,99.46,2.9499999999999966,21.62
2005-08-29,5.56,81.54,26.75,0.51,4.95,99.49,8.029999999999996,23.61
2005-08-30,4.54,82.63,26.96,0.51,6.32,99.3,11.009999999999996,26.87
2005-08-31,3.56,82.81,26.76,0.51,6.68,99.22,13.659999999999997,28.23
2005-09-01,3.71,82.97,26.7,0.51,6.94,99.24,11.809999999999997,27.98
2005-09-02,2.9,86.87,26.41,0.51,7.13,99.31,10.169999999999998,28.89
2005-09-03,8.52,87.58,26.43,0.52,7.47,99.25,15.129999999999997,31.08
2005-09-04,25.65,87.64,26.21,0.53,8.88,99.17,37.06999999999999,36.41
2005-09-05,8.42,83.89,25.87,0.55,8.64,99.32,42.589999999999996,35.15
2005-09-06,1.4,81.5,25.74,0.54,7.27,99.39,35.46999999999999,31.26
2005-09-07,1.55,83.23,25.74,0.54,7.23,99.42,11.369999999999996,27.94
2005-09-08,1.56,85.93,25.89,0.54,7.06,99.4,4.509999999999996,28.08
2005-09-09,2.0,88.42,26.05,0.54,6.46,99.48,5.109999999999996,28.24
2005-09-10,12.85,90.51,25.53,0.54,7.05,99.49,16.409999999999997,31.13
2005-09-11,3.96,87.79,25.46,0.55,6.85,99.45,18.809999999999995,31.01
2005-09-12,0.71,88.0,25.51,0.55,5.39,99.48,17.519999999999996,29.85
2005-09-13,0.87,87.91,25.58,0.55,4.68,99.54,5.539999999999995,27.05
2005-09-14,0.75,87.7,25.74,0.55,4.26,99.65,2.3299999999999947,25.3
2005-09-15,0.32,87.97,25.74,0.54,3.79,99.78,1.9399999999999946,23.59
2005-09-16,0.03,85.67,26.0,0.54,3.98,99.81,1.0999999999999945,22.33
2005-09-17,0.02,83.12,26.35,0.54,4.13,99.88,0.36999999999999467,20.63
2005-09-18,0.03,83.52,26.51,0.54,5.5,99.92,0.07999999999999467,21.16
2005-09-19,0.17,81.55,26.81,0.53,6.61,99.8,0.2199999999999947,21.53
2005-09-20,3.05,81.95,26.73,0.53,6.68,99.68,3.2499999999999947,23.22
2005-09-21,2.34,83.5,26.61,0.53,5.6,99.67,5.559999999999995,23.74
2005-09-22,1.28,81.9,26.71,0.53,5.28,99.74,6.669999999999995,22.47
2005-09-23,1.19,81.62,26.63,0.52,5.0,99.8,4.809999999999994,20.99
2005-09-24,2.03,84.36,26.11,0.52,4.35,99.79,4.499999999999995,21.83
2005-09-25,1.27,85.57,26.19,0.52,4.23,99.7,4.489999999999995,23.03
2005-09-26,0.32,82.68,26.64,0.52,4.7,99.61,3.6199999999999948,22.68
2005-09-27,0.17,81.31,26.88,0.51,5.08,99.59,1.7599999999999947,21.76
2005-09-28,0.06,79.93,26.76,0.51,4.88,99.62,0.5499999999999947,20.62
2005-09-29,0.15,78.46,27.03,0.51,5.21,99.57,0.3799999999999947,20.57
2005-09-30,0.43,79.96,26.81,0.5,5.61,99.66,0.6399999999999947,20.29
2005-10-01,0.12,78.42,26.94,0.5,4.56,99.68,0.6999999999999946,18.91
2005-10-02,1.34,82.15,26.52,0.5,4.52,99.65,1.8899999999999948,20.9
2005-10-03,1.67,81.17,26.55,0.5,3.94,99.54,3.1299999999999946,21.29
2005-10-04,1.76,81.23,26.75,0.5,3.78,99.56,4.769999999999994,21.32
2005-10-05,1.5,80.94,26.6,0.5,2.89,99.63,4.929999999999994,20.16
2005-10-06,8.48,83.14,26.74,0.5,2.79,99.6,11.739999999999995,22.36
2005-10-07,10.2,85.8,26.29,0.51,4.04,99.59,20.179999999999993,25.99
2005-10-08,38.14,89.25,25.71,0.52,4.24,99.57,56.81999999999999,33.91
2005-10-09,19.12,90.68,25.42,0.56,4.06,99.56,67.46,37.86
2005-10-10,8.21,89.05,25.88,0.57,4.34,99.48,65.47,38.1
2005-10-11,22.9,88.16,25.98,0.58,5.07,99.48,50.22999999999999,36.15
2005-10-12,36.23,88.5,26.15,0.61,6.76,99.43,67.33999999999999,41.59
2005-10-13,20.55,87.2,26.27,0.63,6.66,99.35,79.67999999999999,44.44
2005-10-14,6.2,89.26,26.29,0.64,4.68,99.37,62.97999999999999,41.87
2005-10-15,3.45,89.33,26.18,0.64,3.73,99.5,30.199999999999996,35.15
2005-10-16,6.19,86.99,26.34,0.64,2.87,99.59,15.839999999999993,30.68
2005-10-17,9.76,86.83,26.15,0.64,3.84,99.72,19.399999999999995,30.61
2005-10-18,10.34,84.84,25.98,0.64,3.55,99.68,26.289999999999992,31.03
2005-10-19,15.53,85.54,26.07,0.66,5.08,99.6,35.629999999999995,35.13
2005-10-20,11.88,89.28,25.97,0.66,5.62,99.51,37.74999999999999,38.1
2005-10-21,7.75,90.8,25.85,0.67,3.84,99.47,35.16,38.13
2005-10-22,5.4,90.61,25.86,0.67,4.49,99.5,25.029999999999994,36.56
2005-10-23,12.57,89.85,25.77,0.68,4.88,99.6,25.719999999999995,36.14
2005-10-24,7.21,89.19,25.52,0.69,3.76,99.65,25.179999999999996,35.18
2005-10-25,10.51,90.78,25.77,0.69,4.79,99.57,30.289999999999992,37.88
2005-10-26,13.01,90.96,25.4,0.7,4.52,99.52,30.72999999999999,38.72
2005-10-27,6.56,86.35,25.91,0.7,5.82,99.59,30.079999999999995,36.78
2005-10-28,4.03,86.79,25.97,0.7,6.01,99.64,23.599999999999994,35.64
2005-10-29,0.76,84.96,26.18,0.7,5.07,99.6,11.349999999999993,32.76
2005-10-30,0.8,86.03,26.21,0.69,4.88,99.57,5.589999999999993,32.04
2005-10-31,2.95,83.62,26.36,0.69,5.33,99.6,4.509999999999993,30.84
2005-11-01,7.11,89.01,26.1,0.69,5.84,99.58,10.859999999999994,34.57
2005-11-02,7.95,87.58,25.63,0.69,5.31,99.63,18.009999999999994,34.38
2005-11-03,13.76,88.53,25.27,0.7,4.85,99.56,28.819999999999993,37.24
2005-11-04,7.7,89.94,25.3,0.71,3.37,99.49,29.409999999999993,38.14
2005-11-05,30.63,89.32,26.14,0.72,4.47,99.43,52.08999999999999,42.96
2005-11-06,22.16,90.34,25.93,0.74,4.62,99.41,60.489999999999995,45.81
2005-11-07,13.83,91.45,25.57,0.76,6.01,99.35,66.61999999999999,49.34
2005-11-08,6.4,91.96,25.86,0.76,4.34,99.37,42.38999999999999,44.68
2005-11-09,6.2,91.72,25.65,0.76,2.87,99.52,26.429999999999993,40.02
2005-11-10,2.64,90.3,25.84,0.76,2.76,99.58,15.239999999999993,37.1
2005-11-11,3.07,90.12,25.8,0.76,3.81,99.58,11.909999999999993,37.07
2005-11-12,16.47,90.49,25.2,0.77,4.1,99.71,22.179999999999993,38.32
2005-11-13,27.99,92.04,24.12,0.78,4.1,99.82,47.52999999999999,42.46
2005-11-14,13.15,88.66,24.88,0.8,4.35,99.76,57.60999999999999,44.1
2005-11-15,2.43,85.61,25.97,0.8,4.65,99.6,43.56999999999999,42.1
2005-11-16,0.48,81.85,25.48,0.8,5.16,99.59,16.059999999999995,36.55
2005-11-17,0.19,79.93,25.16,0.79,4.91,99.65,3.099999999999993,32.64
2005-11-18,0.07,78.53,25.37,0.78,4.33,99.68,0.7399999999999929,30.69
2005-11-19,5.98,86.74,25.19,0.78,5.38,99.63,6.239999999999993,36.02
2005-11-20,5.62,88.85,24.96,0.78,6.52,99.54,11.669999999999993,39.14
2005-11-21,78.08,88.34,25.34,0.8,5.16,99.43,89.67999999999999,52.2
2005-11-22,46.13,90.46,25.59,0.85,4.98,99.45,129.82999999999998,61.26
2005-11-23,11.22,90.33,25.46,0.87,3.17,99.54,135.43,61.19
2005-11-24,32.05,90.27,25.18,0.87,3.1,99.56,89.4,53.74
2005-11-25,31.75,90.81,24.82,0.89,1.97,99.57,75.02,51.86
2005-11-26,44.03,88.2,25.06,0.91,2.56,99.55,107.83,57.24
2005-11-27,3.79,86.34,25.64,0.92,3.37,99.58,79.57000000000001,52.62
2005-11-28,13.78,86.48,25.79,0.92,5.28,99.57,61.6,50.98
2005-11-29,0.25,84.98,24.5,0.92,4.71,99.65,17.82,42.49
2005-11-30,0.11,83.33,24.22,0.91,3.86,99.46,14.14,41.92
2005-12-01,0.3,82.25,25.17,0.9,2.39,99.42,0.6599999999999999,38.47
2005-12-02,1.42,86.41,25.38,0.9,2.66,99.55,1.8299999999999998,39.47
2005-12-03,4.75,87.21,25.82,0.89,3.34,99.55,6.47,40.48
2005-12-04,4.57,89.24,25.62,0.89,2.77,99.43,10.74,42.71
2005-12-05,8.58,85.55,25.67,0.89,1.62,99.41,17.9,41.82
2005-12-06,3.23,85.29,25.71,0.89,3.06,99.5,16.38,41.49
2005-12-07,0.07,82.8,25.46,0.89,5.12,99.53,11.88,40.59
2005-12-08,0.09,84.46,24.66,0.88,5.08,99.49,3.39,39.85
2005-12-09,14.64,84.07,24.81,0.88,4.36,99.48,14.8,41.17
2005-12-10,20.13,90.5,24.93,0.89,4.77,99.51,34.86,47.44
2005-12-11,2.94,88.44,25.27,0.89,2.62,99.52,37.71,45.77
2005-12-12,10.62,91.18,25.43,0.89,3.76,99.49,33.69,47.17
2005-12-13,9.93,83.54,25.72,0.89,3.52,99.5,23.49,42.11
2005-12-14,2.72,85.37,25.42,0.89,3.41,99.49,23.269999999999996,42.88
2005-12-15,4.52,87.83,25.11,0.89,6.1,99.53,17.17,44.08
2005-12-16,2.86,87.4,25.14,0.89,7.03,99.52,10.1,43.38
2005-12-17,5.22,89.84,25.19,0.88,6.42,99.43,12.6,44.81
2005-12-18,15.91,90.54,25.04,0.88,5.46,99.44,23.990000000000002,46.29
2005-12-19,5.36,88.1,25.51,0.89,4.04,99.36,26.490000000000002,45.97
2005-12-20,0.7,87.77,25.44,0.88,3.91,99.42,21.970000000000002,44.13
2005-12-21,5.27,88.35,25.39,0.88,3.82,99.57,11.33,41.39
2005-12-22,3.57,88.42,25.44,0.88,4.15,99.61,9.54,40.99
2005-12-23,0.67,85.16,25.4,0.87,3.37,99.61,9.51,38.75
2005-12-24,0.9,79.19,25.91,0.86,2.22,99.6,5.14,34.58
2005-12-25,0.74,76.8,25.18,0.86,3.0,99.72,2.31,32.53
2005-12-26,0.0,78.68,24.27,0.85,4.81,99.86,1.6400000000000001,32.6
2005-12-27,0.0,76.5,23.86,0.84,5.29,99.92,0.74,30.87
2005-12-28,0.0,75.78,23.74,0.84,4.07,99.94,0.0,29.62
2005-12-29,0.0,77.71,24.27,0.83,3.36,99.92,0.0,29.8
2005-12-30,0.02,80.09,24.42,0.82,4.37,99.9,0.02,31.1
2005-12-31,0.91,83.03,24.41,0.82,4.53,99.86,0.93,32.92
2006-01-01,1.29,86.16,24.69,0.81,5.83,99.8,2.22,35.23
2006-01-02,1.5,85.43,24.85,0.8,5.63,99.66,3.7,35.79
2006-01-03,1.89,85.79,25.29,0.8,5.02,99.55,4.68,36.69
2006-01-04,3.36,87.82,25.43,0.79,4.95,99.49,6.75,37.92
2006-01-05,13.61,87.94,24.97,0.79,5.48,99.44,18.86,40.58
2006-01-06,8.25,90.91,24.71,0.8,4.95,99.47,25.22,42.72
2006-01-07,5.95,87.95,25.19,0.8,4.63,99.47,27.81,41.7
2006-01-08,8.7,87.05,25.4,0.8,3.24,99.5,22.9,39.55
2006-01-09,13.94,86.83,25.09,0.81,3.88,99.53,28.589999999999996,40.86
2006-01-10,1.63,86.43,25.32,0.81,5.37,99.48,24.27,41.24
2006-01-11,14.73,88.42,24.91,0.81,6.52,99.43,30.3,44.07
2006-01-12,25.82,90.36,25.0,0.82,6.78,99.39,42.18,47.66
2006-01-13,32.21,90.22,25.4,0.84,4.1,99.43,72.76,51.46
2006-01-14,23.72,91.13,24.59,0.87,2.71,99.66,81.75,51.85
2006-01-15,5.63,86.59,25.76,0.87,1.77,99.62,61.56,46.58
2006-01-16,10.64,87.74,25.49,0.87,2.38,99.68,39.989999999999995,43.51
2006-01-17,0.75,84.37,25.48,0.87,3.64,99.74,17.02,38.65
2006-01-18,0.0,80.81,24.05,0.86,4.79,99.74,11.39,36.46
2006-01-19,0.0,80.84,23.52,0.85,4.08,99.75,0.75,33.91
2006-01-20,0.0,79.72,23.68,0.85,3.86,99.81,0.0,32.69
2006-01-21,0.0,78.16,23.24,0.84,3.57,99.85,0.0,31.12
2006-01-22,0.0,79.17,23.49,0.83,3.5,99.82,0.0,31.34
2006-01-23,0.0,76.07,23.31,0.83,3.5,99.83,0.0,29.94
2006-01-24,0.0,72.1,22.77,0.82,4.06,99.89,0.0,27.63
2006-01-25,0.0,74.26,22.59,0.81,4.84,99.92,0.0,28.29
2006-01-26,0.06,81.23,23.46,0.8,5.67,99.94,0.06,31.11
2006-01-27,3.28,84.94,24.23,0.79,6.15,99.81,3.34,34.13
2006-01-28,4.42,86.57,25.18,0.79,6.23,99.61,7.76,37.24
2006-01-29,0.04,81.05,24.33,0.79,6.26,99.81,7.74,33.23
2006-01-30,0.0,81.28,24.39,0.78,4.63,99.89,4.46,30.84
2006-01-31,0.27,82.16,24.81,0.77,5.47,99.91,0.31,30.42
2006-02-01,0.0,80.26,24.36,0.77,5.05,99.9,0.27,29.47
2006-02-02,0.03,81.63,24.77,0.76,4.68,99.85,0.30000000000000004,29.85
2006-02-03,2.33,83.52,25.56,0.75,4.16,99.84,2.3600000000000003,30.35
2006-02-04,14.65,85.94,25.75,0.75,4.79,99.88,17.01,33.68
2006-02-05,1.88,84.35,25.68,0.75,4.94,99.78,18.86,34.22
2006-02-06,0.04,82.29,25.41,0.74,5.01,99.7,16.57,33.27
2006-02-07,0.0,81.3,24.9,0.74,5.39,99.74,1.92,30.42
2006-02-08,3.63,83.83,25.5,0.73,5.74,99.78,3.67,31.2
2006-02-09,18.02,86.72,25.56,0.73,4.07,99.91,21.65,33.25
2006-02-10,1.48,86.41,25.52,0.74,5.28,99.82,23.13,35.19
2006-02-11,0.02,83.06,25.57,0.73,5.69,99.71,19.52,33.92
2006-02-12,0.01,80.64,25.68,0.73,5.33,99.67,1.51,30.21
2006-02-13,0.58,80.87,25.51,0.72,5.61,99.68,0.61,29.81
2006-02-14,0.16,81.86,25.77,0.71,4.05,99.66,0.75,29.15
2006-02-15,0.2,83.49,26.01,0.71,4.01,99.61,0.94,30.27
2006-02-16,0.15,82.51,26.24,0.7,2.59,99.62,0.51,28.52
2006-02-17,0.59,81.47,26.66,0.7,2.66,99.67,0.94,27.76
2006-02-18,4.29,79.2,26.3,0.69,3.3,99.64,5.03,27.61
2006-02-19,0.38,79.23,25.38,0.68,3.94,99.61,5.26,27.84
2006-02-20,0.0,76.87,25.07,0.68,4.33,99.58,4.67,27.21
2006-02-21,0.0,77.63,25.11,0.67,3.17,99.57,0.38,25.89
2006-02-22,0.0,78.64,25.41,0.66,3.8,99.54,0.0,26.43
2006-02-23,0.2,82.16,25.93,0.66,4.09,99.44,0.2,28.95
2006-02-24,0.34,81.91,25.85,0.65,3.61,99.43,0.54,28.3
2006-02-25,0.54,79.63,26.05,0.65,2.79,99.48,1.08,26.55
2006-02-26,0.46,81.4,26.18,0.64,1.71,99.49,1.34,26.25
2006-02-27,0.94,86.17,25.84,0.64,1.76,99.52,1.94,28.14
2006-02-28,0.14,79.1,26.42,0.64,2.33,99.47,1.54,25.81
2006-03-01,0.13,82.95,27.02,0.64,2.06,99.44,1.21,27.5
2006-03-02,4.64,85.01,26.98,0.63,2.87,99.46,4.91,28.8
2006-03-03,19.43,84.8,26.68,0.64,2.16,99.63,24.2,30.35
2006-03-04,19.53,85.51,26.04,0.66,1.93,99.73,43.6,33.58
2006-03-05,2.28,84.43,26.85,0.66,2.21,99.6,41.24,33.99
2006-03-06,7.92,84.58,26.88,0.67,1.78,99.68,29.73,31.77
2006-03-07,0.9,81.81,27.07,0.67,2.32,99.68,11.1,27.96
2006-03-08,2.48,80.87,27.02,0.67,1.69,99.68,11.3,27.25
2006-03-09,1.07,77.2,27.46,0.66,1.64,99.74,4.45,23.67
2006-03-10,6.14,80.63,27.04,0.66,1.29,99.65,9.69,26.51
2006-03-11,5.68,91.24,25.82,0.67,0.94,99.57,12.89,32.42
2006-03-12,3.62,86.77,26.12,0.67,1.39,99.53,15.44,31.5
2006-03-13,5.07,84.77,26.61,0.67,1.31,99.51,14.370000000000001,30.61
2006-03-14,4.78,80.65,27.0,0.67,1.66,99.63,13.470000000000002,27.91
2006-03-15,4.16,80.26,26.85,0.67,1.81,99.67,14.010000000000002,27.57
2006-03-16,3.31,81.67,26.93,0.67,1.95,99.54,12.25,29.06
2006-03-17,2.71,82.42,26.34,0.67,1.87,99.53,10.180000000000001,29.09
2006-03-18,0.16,78.1,26.34,0.67,3.4,99.5,6.180000000000001,27.71
2006-03-19,0.68,79.31,26.23,0.66,4.51,99.5,3.5500000000000007,27.99
2006-03-20,0.35,78.18,26.75,0.65,4.09,99.54,1.1900000000000008,26.15
2006-03-21,0.09,72.73,26.74,0.65,3.85,99.48,1.120000000000001,24.21
2006-03-22,0.01,75.17,25.95,0.64,2.05,99.43,0.45000000000000084,24.16
2006-03-23,0.01,75.62,26.59,0.64,1.78,99.37,0.11000000000000089,24.65
2006-03-24,0.05,80.42,27.01,0.63,2.34,99.42,0.0700000000000009,26.14
2006-03-25,2.62,80.4,26.93,0.62,2.42,99.59,2.680000000000001,24.74
2006-03-26,5.8,83.23,26.64,0.62,3.41,99.65,8.47,26.88
2006-03-27,1.59,82.05,26.75,0.62,3.55,99.52,10.010000000000002,27.78
2006-03-28,0.34,76.95,27.02,0.61,2.6,99.48,7.730000000000001,24.66
2006-03-29,3.13,80.76,27.05,0.61,2.93,99.56,5.0600000000000005,25.37
2006-03-30,11.1,86.49,26.25,0.61,2.43,99.71,14.57,27.76
2006-03-31,8.97,87.34,26.39,0.62,3.31,99.66,23.200000000000003,30.79
2006-04-01,1.87,81.54,27.08,0.62,2.04,99.57,21.94,28.2
2006-04-02,0.93,79.06,27.4,0.62,2.18,99.56,11.770000000000001,25.72
2006-04-03,0.13,77.84,27.46,0.61,2.54,99.55,2.93,23.67
2006-04-04,0.01,78.5,27.34,0.61,2.68,99.54,1.07,23.81
2006-04-05,0.01,81.11,27.22,0.6,3.08,99.54,0.15,24.57
2006-04-06,1.31,81.45,27.18,0.6,3.47,99.57,1.33,24.86
2006-04-07,0.67,80.76,27.36,0.59,3.64,99.51,1.9900000000000002,24.84
2006-04-08,0.47,79.47,27.44,0.59,3.31,99.41,2.45,25.03
2006-04-09,4.62,82.35,27.05,0.58,2.96,99.44,5.76,25.9
2006-04-10,2.87,82.47,27.05,0.59,3.65,99.52,7.960000000000001,26.42
2006-04-11,1.04,83.16,27.06,0.58,3.54,99.46,8.530000000000001,26.83
2006-04-12,0.66,80.19,27.48,0.58,3.23,99.33,4.570000000000001,25.87
2006-04-13,2.32,80.61,27.47,0.57,3.65,99.31,4.020000000000001,25.93
2006-04-14,5.79,79.54,27.33,0.57,2.7,99.46,8.77,24.45
2006-04-15,6.7,80.66,27.4,0.58,2.01,99.52,14.81,25.42
2006-04-16,9.84,87.76,26.0,0.58,2.87,99.45,22.33,30.67
2006-04-17,5.76,87.96,26.04,0.59,4.05,99.55,22.3,30.97
2006-04-18,4.87,85.64,26.11,0.59,3.9,99.61,20.470000000000002,29.11
2006-04-19,4.42,81.5,26.92,0.59,2.6,99.64,15.05,25.55
2006-04-20,5.28,85.5,26.74,0.6,2.33,99.63,14.570000000000002,27.53
2006-04-21,2.56,83.97,26.61,0.6,2.5,99.6,12.260000000000003,26.87
2006-04-22,0.75,80.89,26.87,0.6,2.32,99.52,8.590000000000002,25.56
2006-04-23,0.82,83.17,27.22,0.59,2.79,99.44,4.130000000000002,26.33
2006-04-24,0.67,83.62,27.37,0.59,3.05,99.46,2.240000000000002,26.19
2006-04-25,1.05,83.76,27.48,0.59,4.13,99.45,2.540000000000002,26.97
2006-04-26,0.63,81.41,27.8,0.59,5.09,99.44,2.350000000000002,26.54
2006-04-27,0.11,78.58,27.99,0.58,5.32,99.44,1.7900000000000018,24.96
2006-04-28,0.11,79.52,28.03,0.58,5.58,99.4,0.8500000000000018,25.68
2006-04-29,0.17,79.7,28.11,0.57,5.41,99.41,0.3900000000000018,25.09
2006-04-30,0.04,79.17,28.01,0.57,5.0,99.43,0.3200000000000018,24.46
2006-05-01,0.02,78.34,27.82,0.56,5.23,99.46,0.2300000000000018,23.55
2006-05-02,0.58,79.46,27.9,0.56,5.2,99.43,0.6400000000000017,24.32
2006-05-03,5.71,81.8,27.75,0.55,4.9,99.45,6.310000000000001,25.45
2006-05-04,7.26,83.86,27.48,0.56,3.79,99.58,13.55,26.19
2006-05-05,5.92,87.4,26.97,0.56,2.49,99.69,18.89,26.91
2006-05-06,5.0,86.15,27.05,0.56,4.03,99.58,18.18,28.02
2006-05-07,2.21,83.75,27.31,0.57,4.09,99.44,13.130000000000003,27.84
2006-05-08,0.45,84.76,27.32,0.56,3.63,99.48,7.660000000000002,26.4
2006-05-09,2.94,84.96,27.33,0.56,3.17,99.5,5.600000000000001,25.75
2006-05-10,1.43,84.64,27.37,0.56,3.07,99.45,4.820000000000002,25.86
2006-05-11,0.53,83.42,27.69,0.56,3.8,99.5,4.900000000000002,25.33
2006-05-12,1.05,80.27,27.83,0.56,4.25,99.59,3.0100000000000016,23.18
2006-05-13,1.35,82.34,27.56,0.56,4.54,99.56,2.930000000000002,24.45
2006-05-14,2.67,83.99,27.43,0.56,4.35,99.55,5.070000000000002,25.47
2006-05-15,3.07,85.49,26.82,0.56,4.33,99.55,7.090000000000002,26.41
2006-05-16,2.54,83.08,27.0,0.56,5.34,99.57,8.280000000000001,25.96
2006-05-17,2.99,83.94,26.94,0.56,5.8,99.59,8.600000000000001,26.45
2006-05-18,10.89,85.23,26.69,0.56,6.93,99.57,16.42,29.01
2006-05-19,14.24,85.68,26.76,0.58,6.38,99.58,28.120000000000005,31.5
2006-05-20,9.41,84.03,26.6,0.58,6.04,99.64,34.54,31.12
2006-05-21,3.15,84.33,27.05,0.58,6.73,99.59,26.8,30.82
2006-05-22,4.89,85.25,26.97,0.58,6.5,99.55,17.450000000000003,29.96
2006-05-23,6.73,85.18,26.46,0.59,7.07,99.56,14.770000000000001,30.16
2006-05-24,3.78,84.42,26.69,0.59,6.36,99.39,15.4,30.98
2006-05-25,2.82,83.79,26.98,0.59,6.6,99.37,13.330000000000002,30.68
2006-05-26,14.23,85.86,26.66,0.59,6.7,99.54,20.830000000000002,31.36
2006-05-27,18.09,87.26,26.12,0.61,6.14,99.64,35.14,33.91
2006-05-28,19.29,84.71,26.04,0.62,5.97,99.57,51.61,36.33
2006-05-29,5.86,86.57,26.84,0.63,6.29,99.4,43.24,37.83
2006-05-30,11.28,86.78,26.19,0.63,7.86,99.37,36.43,37.95
2006-05-31,11.96,87.03,25.87,0.64,5.02,99.54,29.1,34.37
2006-06-01,1.44,84.57,26.08,0.64,3.64,99.61,24.680000000000003,31.3
2006-06-02,0.51,88.68,26.45,0.64,3.06,99.57,13.91,31.37
2006-06-03,0.55,87.32,26.58,0.63,3.36,99.49,2.5,29.41
2006-06-04,2.37,82.3,26.81,0.63,3.61,99.56,3.43,26.98
2006-06-05,2.05,86.8,25.91,0.63,4.66,99.63,4.97,29.11
2006-06-06,1.22,88.0,26.27,0.63,4.41,99.58,5.64,30.0
2006-06-07,1.37,87.53,26.35,0.63,5.11,99.58,4.64,30.03
2006-06-08,2.02,86.88,26.71,0.63,5.05,99.53,4.61,30.13
2006-06-09,3.06,83.37,26.5,0.62,6.68,99.54,6.450000000000001,29.31
2006-06-10,3.52,84.51,26.54,0.62,5.67,99.61,8.600000000000001,29.0
2006-06-11,1.38,85.69,26.67,0.62,4.41,99.59,7.96,28.88
2006-06-12,0.21,86.24,26.85,0.62,4.12,99.49,5.11,29.35
2006-06-13,0.03,84.26,26.93,0.61,4.61,99.48,1.6199999999999999,27.89
2006-06-14,0.25,82.23,27.03,0.61,5.11,99.52,0.49,26.79
2006-06-15,2.72,81.63,27.05,0.6,4.86,99.54,3.0,26.2
2006-06-16,4.18,82.92,27.1,0.6,5.74,99.56,7.1499999999999995,27.71
2006-06-17,9.41,83.94,26.82,0.6,6.58,99.55,16.31,30.11
2006-06-18,4.54,85.54,26.67,0.61,5.5,99.38,18.13,32.34
2006-06-19,1.83,83.9,26.75,0.6,6.59,99.3,15.780000000000001,32.12
2006-06-20,6.1,89.13,26.29,0.6,8.3,99.22,12.469999999999999,35.41
2006-06-21,11.31,87.49,26.43,0.61,7.51,99.22,19.240000000000002,35.77
2006-06-22,21.46,87.68,26.49,0.62,7.07,99.17,38.870000000000005,39.54
2006-06-23,18.06,85.02,26.67,0.64,7.61,99.23,50.83,40.93
2006-06-24,2.7,85.44,27.07,0.64,5.89,99.36,42.22,37.73
2006-06-25,0.68,85.15,26.99,0.64,5.58,99.41,21.439999999999998,33.76
2006-06-26,0.14,83.22,26.99,0.63,4.85,99.43,3.5200000000000005,29.14
2006-06-27,0.14,85.44,26.84,0.62,4.6,99.44,0.9600000000000001,29.04
2006-06-28,0.83,87.75,26.79,0.62,5.14,99.5,1.1099999999999999,29.83
2006-06-29,1.0,85.83,26.27,0.62,5.16,99.61,1.9699999999999998,28.24
2006-06-30,0.37,86.1,26.43,0.61,5.14,99.64,2.1999999999999997,27.7
2006-07-01,2.75,87.26,26.69,0.61,6.59,99.66,4.12,29.11
2006-07-02,6.08,84.02,26.47,0.61,6.99,99.59,9.2,29.34
2006-07-03,26.89,89.91,25.89,0.63,6.78,99.54,35.72,37.15
2006-07-04,22.45,89.51,25.91,0.65,7.0,99.56,55.42,40.87
2006-07-05,8.75,87.04,26.12,0.66,5.59,99.66,58.09,39.07
2006-07-06,0.95,87.48,25.96,0.66,3.63,99.72,32.15,33.62
2006-07-07,0.24,88.73,26.19,0.65,5.16,99.63,9.939999999999996,31.82
2006-07-08,0.08,87.61,26.52,0.65,5.32,99.53,1.2699999999999965,30.91
2006-07-09,0.38,88.51,26.33,0.64,5.33,99.53,0.6999999999999964,30.79
2006-07-10,1.9,88.44,26.46,0.64,6.02,99.61,2.3599999999999963,30.72
2006-07-11,3.82,87.18,25.98,0.64,6.47,99.66,6.099999999999996,30.59
2006-07-12,3.98,87.0,25.49,0.64,6.28,99.65,9.699999999999996,31.06
2006-07-13,3.53,89.02,25.51,0.64,6.04,99.57,11.329999999999995,32.72
2006-07-14,2.73,89.8,25.68,0.64,5.98,99.6,10.239999999999997,32.59
2006-07-15,1.38,89.48,26.13,0.63,5.9,99.58,7.639999999999995,31.75
2006-07-16,0.49,88.49,26.14,0.63,6.64,99.49,4.599999999999996,32.01
2006-07-17,2.0,89.78,26.0,0.63,6.54,99.42,3.869999999999996,32.98
2006-07-18,0.87,89.03,25.82,0.63,5.74,99.47,3.3599999999999963,31.73
2006-07-19,0.05,86.87,25.83,0.62,4.73,99.56,2.9199999999999964,29.02
2006-07-20,0.13,87.12,25.92,0.62,4.54,99.57,1.0499999999999965,28.64
2006-07-21,0.39,87.83,25.94,0.61,4.7,99.51,0.5699999999999965,29.03
2006-07-22,0.55,86.16,25.89,0.61,4.38,99.59,1.0699999999999965,27.56
2006-07-23,0.03,82.79,25.54,0.6,3.82,99.65,0.9699999999999966,24.89
2006-07-24,0.0,85.21,25.69,0.6,3.76,99.61,0.5799999999999965,26.15
2006-07-25,0.47,86.19,25.88,0.6,4.46,99.54,0.49999999999999645,27.52
2006-07-26,2.4,87.94,25.68,0.59,5.7,99.68,2.8699999999999966,27.71
2006-07-27,2.44,88.91,25.7,0.59,6.08,99.7,5.309999999999996,28.54
2006-07-28,1.12,86.66,25.51,0.59,5.42,99.59,5.959999999999996,28.26
2006-07-29,1.45,88.9,24.98,0.59,4.92,99.58,5.009999999999996,28.87
2006-07-30,1.09,87.79,25.89,0.59,4.16,99.63,3.659999999999996,27.36
2006-07-31,0.78,88.26,25.96,0.59,4.81,99.6,3.319999999999996,28.11
2006-08-01,0.64,89.6,25.94,0.58,4.83,99.55,2.5099999999999962,28.55
2006-08-02,0.99,89.99,25.83,0.58,4.62,99.51,2.409999999999996,28.93
2006-08-03,0.6,90.02,25.8,0.58,4.89,99.49,2.229999999999996,29.22
2006-08-04,0.19,85.89,26.08,0.58,4.95,99.49,1.7799999999999958,27.43
2006-08-05,0.04,86.92,26.21,0.57,3.94,99.59,0.829999999999996,25.91
2006-08-06,0.01,84.01,26.33,0.57,3.89,99.76,0.239999999999996,23.13
2006-08-07,0.01,83.06,26.27,0.57,4.67,99.77,0.059999999999996,23.04
2006-08-08,0.02,80.52,26.4,0.56,4.82,99.75,0.039999999999996004,21.79
2006-08-09,1.6,81.74,26.62,0.56,5.83,99.69,1.6299999999999961,23.6
2006-08-10,16.36,85.28,26.54,0.56,6.69,99.63,17.979999999999997,28.64
2006-08-11,10.16,87.83,26.31,0.58,6.02,99.61,28.119999999999997,31.96
2006-08-12,12.06,85.03,25.84,0.58,6.33,99.61,38.58,32.59
2006-08-13,16.98,87.67,25.59,0.6,6.48,99.6,39.199999999999996,34.81
2006-08-14,12.57,88.46,25.83,0.61,6.32,99.55,41.61,36.28
2006-08-15,19.83,89.43,25.57,0.61,6.0,99.5,49.379999999999995,38.16
2006-08-16,8.19,88.86,25.49,0.63,6.85,99.45,40.589999999999996,38.27
2006-08-17,5.38,86.84,25.94,0.63,6.14,99.42,33.39999999999999,36.15
2006-08-18,10.23,85.95,25.85,0.63,5.45,99.57,23.799999999999997,32.63
2006-08-19,8.66,86.77,25.52,0.64,4.84,99.62,24.269999999999996,32.73
2006-08-20,12.75,88.61,25.42,0.64,5.23,99.59,31.64,35.13
2006-08-21,8.06,90.6,25.5,0.65,5.35,99.55,29.47,36.45
2006-08-22,3.46,88.92,25.77,0.65,5.35,99.57,24.27,34.76
2006-08-23,11.14,87.82,25.77,0.65,4.85,99.6,22.66,33.52
2006-08-24,10.45,85.72,25.98,0.65,4.68,99.65,25.049999999999997,32.49
2006-08-25,6.26,85.27,26.0,0.66,4.53,99.75,27.849999999999998,32.24
2006-08-26,2.48,85.57,26.01,0.65,4.29,99.72,19.189999999999998,30.71
2006-08-27,1.15,87.29,25.93,0.65,4.31,99.63,9.889999999999997,30.74
2006-08-28,0.37,84.58,26.23,0.65,5.53,99.54,3.9999999999999982,30.09
2006-08-29,1.69,84.14,26.19,0.65,6.2,99.58,3.209999999999998,29.8
2006-08-30,0.8,82.76,26.43,0.64,4.59,99.61,2.8599999999999985,27.62
2006-08-31,1.04,86.51,26.16,0.64,4.68,99.51,3.5299999999999985,30.2
2006-09-01,3.32,87.71,26.18,0.64,4.35,99.47,5.159999999999998,31.12
2006-09-02,5.68,86.73,26.14,0.63,5.53,99.52,10.04,31.27
2006-09-03,6.95,88.7,25.64,0.64,3.96,99.54,15.949999999999998,32.44
2006-09-04,3.41,89.1,25.53,0.64,4.37,99.44,16.04,33.68
2006-09-05,3.38,88.81,25.66,0.64,4.02,99.37,13.739999999999998,33.6
2006-09-06,9.79,88.18,25.71,0.64,4.46,99.29,16.58,34.68
2006-09-07,9.59,89.2,25.74,0.65,5.03,99.37,22.759999999999998,36.15
2006-09-08,17.11,87.06,25.83,0.66,6.54,99.49,36.489999999999995,37.63
2006-09-09,19.86,84.91,25.83,0.68,7.08,99.62,46.56,38.34
2006-09-10,8.21,83.69,25.93,0.68,6.59,99.64,45.17999999999999,37.18
2006-09-11,5.61,84.94,25.93,0.68,6.77,99.57,33.68,36.59
2006-09-12,11.7,85.9,25.95,0.69,6.01,99.59,25.52,35.56
2006-09-13,5.81,85.05,25.93,0.69,6.15,99.72,23.119999999999997,33.8
2006-09-14,2.25,84.54,25.97,0.69,5.92,99.69,19.759999999999998,33.19
2006-09-15,2.95,86.78,26.0,0.69,5.64,99.67,11.01,32.78
2006-09-16,0.98,84.72,26.24,0.68,5.62,99.73,6.18,30.21
2006-09-17,0.53,86.99,25.89,0.68,4.3,99.74,4.46,30.1
2006-09-18,2.35,87.08,25.97,0.68,4.07,99.69,3.8600000000000003,30.34
2006-09-19,6.27,88.41,26.05,0.68,4.85,99.61,9.15,32.83
2006-09-20,4.13,88.09,26.32,0.68,5.03,99.67,12.75,32.86
2006-09-21,2.94,87.54,26.24,0.68,4.53,99.7,13.34,32.19
2006-09-22,1.69,85.66,26.19,0.68,4.17,99.66,8.760000000000002,30.82
2006-09-23,1.45,85.67,26.16,0.67,4.34,99.66,6.080000000000001,30.07
2006-09-24,2.21,85.84,26.14,0.67,5.27,99.75,5.350000000000001,29.77
2006-09-25,4.87,86.43,25.7,0.67,5.41,99.83,8.530000000000001,29.93
2006-09-26,3.36,89.6,25.36,0.67,4.53,99.74,10.440000000000001,31.85
2006-09-27,2.76,88.66,26.0,0.67,5.6,99.54,10.99,33.8
2006-09-28,1.72,85.33,26.12,0.67,5.92,99.54,7.840000000000001,32.06
2006-09-29,1.44,85.07,26.22,0.67,6.38,99.61,5.92,31.31
2006-09-30,0.64,83.98,26.13,0.66,5.89,99.7,3.8000000000000007,29.07
2006-10-01,0.2,85.44,25.93,0.66,4.94,99.71,2.280000000000001,28.86
2006-10-02,0.19,83.51,26.34,0.65,4.49,99.59,1.030000000000001,28.18
2006-10-03,0.3,83.93,26.39,0.65,4.74,99.63,0.6900000000000008,28.11
2006-10-04,1.26,81.22,26.36,0.64,5.59,99.75,1.7500000000000009,26.15
2006-10-05,12.47,85.11,26.43,0.64,5.79,99.75,14.030000000000001,29.84
2006-10-06,5.49,84.14,26.41,0.64,6.23,99.74,19.22,30.56
2006-10-07,5.08,83.16,26.07,0.64,6.09,99.72,23.040000000000003,30.84
2006-10-08,7.1,84.22,26.12,0.64,5.86,99.79,17.67,29.74
2006-10-09,1.67,84.39,26.23,0.64,4.97,99.82,13.85,28.47
2006-10-10,2.71,83.77,26.06,0.64,4.75,99.88,11.48,27.22
2006-10-11,3.78,83.27,26.35,0.64,4.68,99.89,8.16,26.36
2006-10-12,27.09,85.65,26.35,0.64,4.3,99.83,33.58,31.66
2006-10-13,13.81,86.85,25.83,0.66,4.36,99.86,44.68,34.54
2006-10-14,2.51,84.87,25.89,0.66,2.5,99.84,43.41,32.66
2006-10-15,6.77,80.81,26.85,0.66,1.97,99.68,23.090000000000003,28.81
2006-10-16,13.07,86.87,26.16,0.67,1.89,99.67,22.35,31.72
2006-10-17,14.64,84.91,26.44,0.68,2.03,99.68,34.480000000000004,33.21
2006-10-18,23.93,91.17,25.56,0.69,2.47,99.65,51.64,39.47
2006-10-19,20.35,86.79,25.75,0.71,2.09,99.68,58.92,39.15
2006-10-20,30.09,87.52,25.79,0.73,1.64,99.71,74.37,42.24
2006-10-21,29.52,87.99,25.71,0.76,2.53,99.74,79.96000000000001,44.81
2006-10-22,23.11,83.32,26.51,0.78,2.13,99.65,82.72,44.65
2006-10-23,22.07,83.94,26.37,0.79,3.12,99.61,74.69999999999999,44.95
2006-10-24,36.47,88.02,26.0,0.82,4.15,99.56,81.65,50.02
2006-10-25,26.92,86.72,25.79,0.84,2.54,99.58,85.46000000000001,49.87
2006-10-26,56.11,91.5,25.41,0.86,2.21,99.59,119.5,57.83
2006-10-27,42.78,89.89,25.14,0.89,4.87,99.71,125.81,59.84
2006-10-28,37.83,90.12,25.08,0.92,4.18,99.63,136.72,63.22
2006-10-29,4.96,84.71,25.86,0.93,2.88,99.62,85.57,52.7
2006-10-30,3.28,83.11,26.43,0.92,1.86,99.62,46.07,44.84
2006-10-31,6.93,90.01,25.38,0.92,3.02,99.64,15.17,43.37
2006-11-01,4.38,88.56,25.63,0.92,2.16,99.57,14.59,42.79
2006-11-02,4.09,84.84,26.25,0.92,1.97,99.44,15.399999999999999,42.33
2006-11-03,18.41,86.26,26.18,0.92,1.82,99.49,26.88,44.23
2006-11-04,19.21,86.82,25.9,0.93,2.24,99.61,41.71,46.44
2006-11-05,4.07,86.27,26.56,0.93,1.87,99.62,41.69,45.92
2006-11-06,8.48,85.86,26.57,0.93,1.85,99.6,31.76,44.35
2006-11-07,12.04,91.18,25.44,0.93,3.61,99.57,24.59,46.68
2006-11-08,13.15,86.46,25.93,0.94,3.08,99.68,33.67,45.32
2006-11-09,17.72,87.56,25.82,0.94,1.83,99.74,42.91,46.05
2006-11-10,12.53,87.99,25.87,0.94,2.91,99.76,43.4,46.73
2006-11-11,19.31,88.48,25.7,0.95,2.89,99.69,49.56,48.9
2006-11-12,15.29,87.53,25.7,0.95,2.26,99.6,47.13,48.53
2006-11-13,11.37,83.99,26.03,0.95,2.21,99.55,45.97,47.24
2006-11-14,7.08,87.14,25.78,0.95,2.02,99.53,33.74000000000001,46.73
2006-11-15,10.19,85.1,26.19,0.95,2.0,99.5,28.640000000000008,45.3
2006-11-16,18.53,89.73,25.66,0.95,1.68,99.48,35.80000000000001,48.38
2006-11-17,42.19,89.25,25.5,0.96,1.94,99.48,70.91000000000001,54.26
2006-11-18,58.95,87.78,26.01,0.97,2.5,99.5,119.67000000000002,61.85
2006-11-19,24.05,89.0,26.11,0.98,3.81,99.53,125.19000000000001,64.11
2006-11-20,24.66,85.69,25.88,0.98,3.37,99.51,107.66000000000003,59.88
2006-11-21,7.08,86.57,25.5,0.98,3.24,99.54,55.79000000000001,51.79
2006-11-22,5.19,88.45,25.37,0.97,2.42,99.62,36.930000000000014,48.09
2006-11-23,7.46,86.49,26.17,0.97,3.27,99.54,19.730000000000015,45.69
2006-11-24,5.18,86.27,26.05,0.97,3.95,99.54,17.830000000000013,45.66
2006-11-25,17.23,84.55,26.31,0.97,2.37,99.53,29.870000000000015,46.06
2006-11-26,12.74,84.71,26.15,0.97,2.08,99.46,35.15000000000002,47.38
2006-11-27,10.45,81.87,26.63,0.96,1.77,99.47,40.420000000000016,46.33
2006-11-28,14.08,84.43,26.19,0.96,3.58,99.52,37.27000000000001,47.48
2006-11-29,1.01,85.19,25.86,0.96,5.71,99.6,25.540000000000013,46.44
2006-11-30,0.19,84.55,25.64,0.95,5.35,99.65,15.280000000000014,43.52
2006-12-01,0.09,84.31,25.21,0.94,4.94,99.68,1.2900000000000142,40.33
2006-12-02,12.43,85.75,25.39,0.94,6.01,99.6,12.710000000000013,43.98
2006-12-03,8.05,84.51,25.23,0.94,5.84,99.67,20.570000000000014,44.01
2006-12-04,10.02,85.23,25.7,0.94,5.29,99.71,30.500000000000014,45.24
2006-12-05,12.64,85.87,25.78,0.94,5.52,99.73,30.710000000000015,45.5
2006-12-06,4.62,85.44,25.69,0.93,5.35,99.71,27.280000000000015,44.43
2006-12-07,8.13,86.28,25.47,0.93,5.93,99.63,25.390000000000015,45.48
2006-12-08,0.3,82.92,25.33,0.92,5.4,99.72,13.050000000000015,40.65
2006-12-09,1.96,82.49,25.36,0.92,5.59,99.77,10.390000000000013,39.73
2006-12-10,11.29,88.11,25.47,0.91,3.94,99.74,13.550000000000013,41.55
2006-12-11,17.65,85.92,25.85,0.92,2.09,99.64,30.900000000000013,43.61
2006-12-12,5.21,85.13,26.47,0.92,3.05,99.62,34.15000000000001,44.47
2006-12-13,1.11,84.57,26.14,0.92,5.23,99.69,23.970000000000013,43.22
2006-12-14,0.23,83.01,25.87,0.91,6.01,99.69,6.550000000000014,39.83
2006-12-15,5.97,84.72,25.89,0.9,6.71,99.63,7.310000000000014,41.13
2006-12-16,4.9,85.1,25.46,0.9,6.79,99.64,11.100000000000014,41.84
2006-12-17,2.67,84.74,25.34,0.89,5.56,99.63,13.540000000000013,41.07
2006-12-18,6.4,86.29,26.03,0.89,6.2,99.57,13.970000000000015,42.64
2006-12-19,26.64,90.47,25.77,0.89,6.49,99.57,35.710000000000015,47.99
2006-12-20,13.48,88.89,25.75,0.9,5.66,99.62,46.52000000000001,48.57
2006-12-21,1.5,83.84,25.4,0.9,5.22,99.57,41.62000000000002,45.84
2006-12-22,2.31,85.52,25.51,0.9,5.9,99.46,17.290000000000013,44.02
2006-12-23,2.9,86.4,25.64,0.89,5.66,99.5,6.710000000000014,41.85
2006-12-24,2.19,85.64,25.56,0.89,6.02,99.48,7.400000000000015,42.0
2006-12-25,3.95,86.64,24.62,0.88,6.64,99.56,9.040000000000013,41.92
2006-12-26,0.57,84.35,24.83,0.88,5.35,99.61,6.710000000000014,39.46
2006-12-27,0.0,81.22,24.88,0.87,4.76,99.66,4.520000000000014,36.63
2006-12-28,0.01,80.28,24.55,0.86,5.05,99.75,0.5800000000000142,34.59
2006-12-29,0.0,80.24,23.77,0.85,5.84,99.87,0.010000000000014211,33.48
2006-12-30,0.0,79.24,23.06,0.85,5.21,99.94,0.010000000000014211,32.13
2006-12-31,0.0,75.96,23.09,0.84,4.17,99.93,0.0,29.84
2007-01-01,0.0,75.14,23.97,0.83,3.43,99.95,0.0,28.5
2007-01-02,0.0,78.27,24.14,0.83,4.76,99.95,0.0,30.54
2007-01-03,0.02,76.77,23.86,0.82,4.55,99.93,0.02000000000001421,29.54
2007-01-04,1.46,76.65,22.95,0.81,4.93,99.86,1.4800000000000142,30.09
2007-01-05,0.02,78.03,23.09,0.8,4.34,99.8,1.5000000000000142,30.44
2007-01-06,0.58,81.24,23.72,0.8,4.23,99.75,2.0600000000000143,32.25
2007-01-07,0.07,83.17,24.11,0.79,4.95,99.73,0.6700000000000141,32.98
2007-01-08,3.87,85.08,25.22,0.79,5.13,99.64,4.520000000000014,35.25
2007-01-09,14.99,86.86,25.75,0.79,6.1,99.66,18.930000000000014,38.62
2007-01-10,23.05,87.33,25.52,0.79,5.56,99.72,41.91000000000001,41.63
2007-01-11,25.89,87.15,25.78,0.8,5.96,99.66,63.93000000000002,46.16
2007-01-12,6.01,86.7,25.51,0.81,5.54,99.69,54.95000000000002,44.5
2007-01-13,0.39,85.4,25.62,0.81,5.5,99.72,32.29000000000001,40.12
2007-01-14,1.14,85.26,25.81,0.8,5.08,99.69,7.540000000000013,35.78
2007-01-15,0.02,83.55,25.41,0.79,5.34,99.65,1.550000000000014,34.16
2007-01-16,1.12,83.25,25.19,0.79,5.39,99.69,2.280000000000014,33.84
2007-01-17,0.0,82.9,25.14,0.78,5.06,99.77,1.1400000000000143,32.24
2007-01-18,0.44,83.81,25.23,0.77,5.66,99.77,1.5600000000000143,32.59
2007-01-19,0.03,82.6,24.78,0.77,5.73,99.83,0.4700000000000142,31.44
2007-01-20,0.0,81.02,24.49,0.76,5.69,99.82,0.4700000000000142,30.41
2007-01-21,0.0,79.84,23.59,0.76,4.24,99.88,0.03000000000001421,28.56
2007-01-22,0.0,78.99,24.02,0.75,4.9,99.92,0.0,27.79
2007-01-23,0.0,78.8,23.73,0.74,4.81,99.96,0.0,26.9
2007-01-24,0.0,80.12,23.94,0.74,4.92,99.9,0.0,28.02
2007-01-25,0.22,82.96,24.74,0.73,5.03,99.81,0.2200000000000142,29.65
2007-01-26,1.67,85.38,25.42,0.72,4.8,99.74,1.8900000000000141,30.98
2007-01-27,8.22,86.54,26.08,0.72,4.2,99.73,10.110000000000015,32.52
2007-01-28,4.26,84.45,26.09,0.72,3.29,99.75,14.150000000000015,31.61
2007-01-29,3.78,83.64,25.92,0.72,4.25,99.75,16.260000000000016,32.12
2007-01-30,0.2,81.08,25.49,0.71,4.62,99.83,8.240000000000014,28.88
2007-01-31,0.06,80.77,25.35,0.71,5.3,99.9,4.040000000000014,27.87
2007-02-01,0.0,79.43,24.36,0.7,5.03,99.91,0.2600000000000142,26.05
2007-02-02,0.53,80.98,24.79,0.69,3.87,99.87,0.5900000000000143,26.05
2007-02-03,0.37,81.55,25.29,0.69,3.79,99.93,0.9000000000000142,25.79
2007-02-04,0.02,77.94,25.59,0.68,3.71,99.87,0.9200000000000144,24.3
2007-02-05,0.0,76.22,24.88,0.68,4.24,99.76,0.39000000000001434,24.7
2007-02-06,0.0,74.58,24.13,0.67,3.73,99.78,0.020000000000014322,23.08
2007-02-07,0.13,74.9,24.81,0.66,3.18,99.79,0.13000000000001433,22.43
2007-02-08,0.78,75.29,25.09,0.66,3.12,99.8,0.9100000000000144,22.6
2007-02-09,0.03,76.9,25.09,0.65,3.84,99.71,0.9400000000000144,24.01
2007-02-10,0.27,75.51,25.79,0.65,2.43,99.67,1.0800000000000143,23.01
2007-02-11,0.56,76.52,26.48,0.64,1.79,99.77,0.8600000000000144,21.8
2007-02-12,0.7,79.15,26.47,0.64,1.81,99.78,1.5300000000000145,22.95
2007-02-13,0.39,79.36,26.09,0.63,2.14,99.71,1.6500000000000143,23.4
2007-02-14,0.01,80.12,25.74,0.62,2.51,99.81,1.1000000000000143,22.57
2007-02-15,0.0,78.33,25.69,0.62,2.45,99.84,0.40000000000001434,21.42
2007-02-16,0.09,77.31,25.58,0.61,2.2,99.74,0.10000000000001431,21.22
2007-02-17,0.22,77.64,25.69,0.61,2.36,99.72,0.3100000000000143,21.65
2007-02-18,0.89,73.59,26.52,0.6,1.26,99.67,1.2000000000000144,19.47
2007-02-19,1.72,74.07,26.27,0.6,3.09,99.68,2.8300000000000143,20.84
2007-02-20,0.0,75.02,25.51,0.6,5.71,99.7,2.6100000000000145,22.45
2007-02-21,0.0,74.22,25.31,0.59,5.81,99.73,1.7200000000000142,21.35
2007-02-22,0.0,75.02,25.21,0.58,5.77,99.55,0.0,22.49
2007-02-23,0.07,76.59,25.85,0.58,3.36,99.45,0.07000000000001422,22.7
2007-02-24,3.48,80.28,26.32,0.58,2.95,99.49,3.550000000000014,24.25
2007-02-25,6.44,86.24,25.44,0.58,4.16,99.55,9.990000000000014,27.94
2007-02-26,1.24,79.31,26.84,0.58,2.98,99.47,11.160000000000014,25.22
2007-02-27,1.03,79.18,26.85,0.58,1.73,99.48,8.710000000000015,24.02
2007-02-28,0.52,77.86,26.76,0.57,2.68,99.55,2.7900000000000142,22.04
2007-03-01,0.06,75.57,26.84,0.57,1.92,99.59,1.6100000000000143,20.13
2007-03-02,0.61,81.29,26.41,0.56,2.8,99.64,1.1900000000000142,22.12
2007-03-03,0.54,76.36,26.89,0.56,1.72,99.6,1.2100000000000142,19.79
2007-03-04,0.05,69.69,26.8,0.56,1.55,99.61,1.2000000000000142,16.78
2007-03-05,0.0,67.62,26.64,0.55,2.03,99.71,0.5900000000000143,14.81
2007-03-06,0.0,66.8,26.73,0.55,2.27,99.59,0.050000000000014214,15.51
2007-03-07,0.08,72.07,26.43,0.54,1.96,99.48,0.08000000000001421,18.08
2007-03-08,0.02,73.08,26.92,0.54,1.75,99.53,0.10000000000001422,17.98
2007-03-09,0.0,66.81,26.42,0.53,1.99,99.53,0.10000000000001422,15.03
2007-03-10,0.02,67.86,26.41,0.53,2.44,99.63,0.04000000000001421,14.87
2007-03-11,0.07,68.74,26.31,0.52,1.87,99.64,0.09000000000001422,14.44
2007-03-12,2.08,73.81,26.82,0.52,1.8,99.7,2.170000000000014,16.37
2007-03-13,2.04,76.21,27.46,0.52,1.26,99.62,4.190000000000014,18.08
2007-03-14,4.51,72.29,27.96,0.52,2.33,99.55,8.630000000000013,18.29
2007-03-15,0.46,70.54,27.94,0.52,1.92,99.51,7.010000000000013,17.4
2007-03-16,2.62,78.53,27.28,0.51,1.89,99.57,7.590000000000013,19.94
2007-03-17,1.39,75.32,28.04,0.51,1.55,99.56,4.470000000000013,17.99
2007-03-18,0.04,67.97,27.66,0.51,2.48,99.51,4.050000000000013,15.73
2007-03-19,0.0,68.36,27.55,0.51,1.73,99.63,1.4300000000000133,14.07
2007-03-20,0.02,66.26,27.62,0.5,1.93,99.71,0.06000000000001332,11.98
2007-03-21,0.08,74.23,27.11,0.5,2.55,99.76,0.10000000000001333,15.28
2007-03-22,0.03,72.95,27.08,0.49,2.17,99.78,0.13000000000001333,13.94
2007-03-23,0.12,69.46,27.26,0.49,1.9,99.79,0.2300000000000133,12.25
2007-03-24,0.03,73.78,27.16,0.49,2.64,99.75,0.1800000000000133,14.81
2007-03-25,0.5,68.04,28.15,0.48,1.78,99.56,0.6500000000000132,13.16
2007-03-26,0.66,71.83,27.98,0.48,2.42,99.51,1.1900000000000133,15.61
2007-03-27,0.04,63.69,28.25,0.48,0.91,99.59,1.2000000000000133,10.68
2007-03-28,0.17,63.66,28.04,0.48,1.03,99.64,0.8700000000000134,10.26
2007-03-29,0.4,66.65,27.67,0.47,1.75,99.56,0.6100000000000134,12.12
2007-03-30,0.5,73.07,27.75,0.47,2.16,99.56,1.0700000000000134,15.14
2007-03-31,14.13,76.86,27.49,0.47,2.43,99.65,15.030000000000014,18.33
2007-04-01,15.15,78.27,27.64,0.49,1.49,99.66,29.780000000000015,21.49
2007-04-02,0.73,79.72,27.6,0.49,2.74,99.54,30.010000000000012,23.83
2007-04-03,5.4,78.03,28.02,0.49,2.27,99.43,21.280000000000015,22.41
2007-04-04,14.53,78.09,28.08,0.49,1.79,99.42,20.66000000000001,22.16
2007-04-05,19.23,79.73,27.64,0.51,1.68,99.44,39.16000000000001,26.38
2007-04-06,14.66,82.57,27.25,0.53,2.79,99.56,48.420000000000016,29.48
2007-04-07,27.91,78.02,27.3,0.55,1.85,99.56,61.80000000000001,29.99
2007-04-08,30.29,82.85,26.75,0.57,1.39,99.54,72.86000000000001,34.54
2007-04-09,13.26,82.88,26.82,0.59,2.15,99.52,71.46000000000001,35.76
2007-04-10,34.0,87.79,26.44,0.61,3.47,99.55,77.55000000000001,40.1
2007-04-11,18.49,90.17,26.36,0.64,3.33,99.47,65.75000000000001,41.12
2007-04-12,16.33,87.61,26.59,0.65,3.15,99.39,68.82000000000001,41.52
2007-04-13,6.12,85.24,27.11,0.66,2.07,99.41,40.94000000000001,35.81
2007-04-14,3.19,78.9,27.57,0.66,1.89,99.43,25.64000000000001,30.45
2007-04-15,3.28,78.3,27.65,0.66,1.95,99.47,12.590000000000014,27.85
2007-04-16,1.83,78.78,27.4,0.66,1.9,99.48,8.300000000000015,27.27
2007-04-17,0.21,78.43,27.47,0.65,2.21,99.52,5.3200000000000145,26.06
2007-04-18,0.5,79.28,27.66,0.65,2.45,99.57,2.5400000000000142,25.69
2007-04-19,0.5,80.54,27.76,0.64,2.08,99.55,1.2100000000000142,25.56
2007-04-20,3.43,81.25,27.79,0.64,2.6,99.58,4.430000000000014,26.4
2007-04-21,2.15,83.38,27.29,0.64,2.85,99.6,6.080000000000014,27.53
2007-04-22,5.12,85.59,26.65,0.63,3.28,99.66,10.700000000000014,28.49
2007-04-23,3.67,86.52,26.78,0.63,3.1,99.57,10.940000000000015,29.59
2007-04-24,2.76,81.39,26.89,0.63,3.84,99.52,11.550000000000015,28.33
2007-04-25,7.54,83.67,27.32,0.63,2.23,99.4,13.970000000000013,29.81
2007-04-26,15.85,88.41,26.98,0.64,3.33,99.49,26.150000000000013,33.99
2007-04-27,7.34,82.71,26.96,0.65,1.92,99.62,30.730000000000018,30.87
2007-04-28,3.29,86.15,26.9,0.65,2.56,99.51,26.480000000000015,32.93
2007-04-29,8.49,87.57,26.88,0.65,3.32,99.5,19.120000000000015,32.87
2007-04-30,7.34,87.45,27.14,0.66,2.85,99.51,19.120000000000015,32.9
2007-05-01,2.14,85.44,27.52,0.66,3.1,99.57,17.970000000000017,31.5
2007-05-02,4.01,86.58,27.59,0.65,3.99,99.42,13.490000000000014,32.6
2007-05-03,4.61,84.31,27.9,0.65,5.8,99.28,10.760000000000016,33.36
2007-05-04,3.04,84.5,28.03,0.65,5.63,99.27,11.660000000000014,33.57
2007-05-05,2.49,87.09,27.86,0.65,4.85,99.35,10.140000000000015,33.34
2007-05-06,1.6,87.79,27.44,0.65,4.33,99.36,7.130000000000015,32.8
2007-05-07,1.97,86.96,27.54,0.65,4.55,99.38,6.060000000000015,32.23
2007-05-08,11.68,87.72,27.56,0.65,4.77,99.47,15.250000000000014,33.36
2007-05-09,12.85,87.95,27.28,0.67,5.38,99.63,26.500000000000014,35.06
2007-05-10,4.47,86.38,27.15,0.67,5.5,99.61,29.000000000000014,35.02
2007-05-11,3.89,88.21,27.65,0.67,6.42,99.4,21.210000000000015,36.83
2007-05-12,3.43,85.97,27.78,0.67,7.08,99.45,11.790000000000013,34.34
2007-05-13,0.92,82.32,27.22,0.66,5.49,99.48,8.240000000000014,30.7
2007-05-14,0.2,82.49,27.29,0.66,6.14,99.43,4.550000000000014,30.96
2007-05-15,0.01,79.04,27.47,0.65,5.46,99.44,1.1300000000000143,28.09
2007-05-16,0.01,80.08,27.24,0.64,5.32,99.51,0.2200000000000142,27.3
2007-05-17,0.21,81.72,27.04,0.64,5.44,99.53,0.2300000000000142,27.89
2007-05-18,0.7,85.3,27.17,0.63,5.18,99.54,0.9200000000000141,28.87
2007-05-19,1.35,86.4,27.4,0.63,5.29,99.55,2.260000000000014,29.52
2007-05-20,1.58,85.76,27.47,0.63,4.87,99.5,3.630000000000014,29.66
2007-05-21,2.86,86.23,27.46,0.62,5.22,99.42,5.790000000000014,30.64
2007-05-22,2.2,86.59,27.28,0.62,4.98,99.38,6.640000000000015,31.13
2007-05-23,4.77,86.9,27.2,0.62,4.26,99.44,9.830000000000014,30.87
2007-05-24,2.94,87.84,26.92,0.62,3.72,99.46,9.910000000000014,30.82
2007-05-25,4.03,89.05,27.01,0.62,3.31,99.47,11.740000000000013,31.31
2007-05-26,3.63,87.08,26.93,0.62,4.07,99.56,10.600000000000014,29.95
2007-05-27,6.15,84.95,27.15,0.62,4.8,99.61,13.810000000000015,29.53
2007-05-28,7.31,87.1,26.33,0.63,5.96,99.7,17.090000000000014,31.25
2007-05-29,2.23,81.06,26.88,0.62,4.86,99.64,15.690000000000014,27.96
2007-05-30,5.1,83.23,26.89,0.62,4.81,99.56,14.640000000000013,29.36
2007-05-31,1.5,82.27,27.01,0.62,3.84,99.55,8.830000000000013,27.6
2007-06-01,0.46,85.62,26.9,0.62,3.76,99.43,7.060000000000012,29.7
2007-06-02,0.63,83.37,27.54,0.61,4.14,99.36,2.5900000000000123,28.42
2007-06-03,0.22,83.62,27.56,0.61,3.99,99.36,1.3100000000000125,28.24
2007-06-04,0.54,84.15,27.47,0.61,3.89,99.4,1.3900000000000126,28.09
2007-06-05,0.55,87.17,27.21,0.6,3.66,99.36,1.3100000000000125,29.14
2007-06-06,1.61,89.19,27.12,0.6,4.07,99.34,2.7000000000000126,30.61
2007-06-07,6.51,87.7,26.95,0.6,4.83,99.38,8.670000000000012,30.99
2007-06-08,4.96,86.92,26.61,0.61,5.67,99.44,13.080000000000013,31.72
2007-06-09,2.32,85.05,26.98,0.6,5.55,99.49,13.790000000000012,30.14
2007-06-10,3.21,85.37,27.18,0.6,6.08,99.4,10.490000000000013,30.8
2007-06-11,5.13,84.19,27.23,0.6,6.95,99.27,10.66000000000001,31.88
2007-06-12,9.97,84.47,27.13,0.61,5.94,99.18,18.310000000000013,33.84
2007-06-13,6.03,87.86,26.93,0.61,6.11,99.11,21.130000000000013,36.4
2007-06-14,9.18,86.89,26.6,0.62,6.45,99.13,25.180000000000014,37.06
2007-06-15,12.99,84.81,26.29,0.62,5.37,99.18,28.20000000000001,35.65
2007-06-16,6.21,84.29,26.66,0.63,6.68,99.21,28.38000000000001,36.34
2007-06-17,5.73,87.25,26.39,0.63,6.21,99.27,24.93000000000001,36.29
2007-06-18,7.31,87.56,26.02,0.63,6.28,99.34,19.25000000000001,34.98
2007-06-19,4.7,87.32,25.87,0.63,6.02,99.29,17.74000000000001,34.92
2007-06-20,8.16,87.94,25.38,0.63,7.39,99.21,20.17000000000001,36.98
2007-06-21,19.38,88.22,25.46,0.64,7.32,99.07,32.24000000000001,40.55
2007-06-22,16.44,88.9,25.86,0.66,7.65,99.1,43.98000000000001,43.46
2007-06-23,10.32,90.68,26.06,0.67,3.73,99.38,46.14000000000001,40.5
2007-06-24,2.02,84.71,26.26,0.67,1.97,99.58,28.780000000000012,32.62
2007-06-25,0.3,87.7,26.14,0.67,3.02,99.57,12.640000000000011,32.0
2007-06-26,0.46,86.06,26.24,0.66,3.71,99.47,2.780000000000011,30.55
2007-06-27,0.36,88.88,26.41,0.66,4.85,99.47,1.1200000000000108,32.1
2007-06-28,1.86,90.19,26.43,0.66,5.37,99.53,2.6800000000000104,32.68
2007-06-29,1.81,89.64,26.4,0.66,4.69,99.57,4.030000000000011,31.95
2007-06-30,1.88,83.95,25.68,0.65,6.09,99.61,5.5500000000000105,29.78
2007-07-01,1.74,87.62,26.54,0.65,4.75,99.46,5.43000000000001,31.85
2007-07-02,2.24,87.72,26.84,0.65,4.74,99.5,5.86000000000001,31.62
2007-07-03,7.61,87.63,26.64,0.65,4.8,99.6,11.59000000000001,31.67
2007-07-04,3.95,89.09,26.21,0.65,4.91,99.69,13.800000000000011,31.94
2007-07-05,1.35,87.57,26.58,0.65,5.41,99.61,12.91000000000001,32.1
2007-07-06,2.77,83.44,26.43,0.65,6.6,99.65,8.070000000000011,29.9
2007-07-07,1.52,82.58,26.6,0.65,6.28,99.61,5.640000000000011,29.31
2007-07-08,0.72,86.92,26.6,0.64,5.45,99.58,5.010000000000011,30.43
2007-07-09,0.32,86.64,26.29,0.64,4.13,99.5,2.5600000000000107,29.89
2007-07-10,1.99,87.6,26.26,0.63,5.4,99.48,3.030000000000011,30.8
2007-07-11,4.44,87.63,26.38,0.63,5.63,99.53,6.7500000000000115,31.1
2007-07-12,6.83,87.57,26.66,0.63,6.05,99.54,13.260000000000012,32.24
2007-07-13,2.76,87.79,26.55,0.63,6.23,99.51,14.030000000000012,32.8
2007-07-14,0.97,87.12,26.58,0.63,6.38,99.42,10.56000000000001,32.81
2007-07-15,0.88,87.57,26.55,0.63,5.87,99.45,4.61000000000001,31.54
2007-07-16,6.73,87.61,26.13,0.63,5.71,99.48,8.58000000000001,31.84
2007-07-17,6.01,86.94,25.89,0.63,6.68,99.46,13.620000000000012,33.04
2007-07-18,3.18,87.34,25.75,0.63,5.57,99.4,15.92000000000001,33.48
2007-07-19,17.57,90.24,25.39,0.63,5.94,99.41,26.760000000000012,36.52
2007-07-20,10.61,89.52,25.17,0.65,5.9,99.53,31.36000000000001,36.76
2007-07-21,3.87,89.41,25.09,0.65,4.72,99.46,32.05000000000001,36.77
2007-07-22,1.6,88.18,25.0,0.65,6.12,99.33,16.08000000000001,35.59
2007-07-23,1.32,88.13,24.57,0.65,4.47,99.38,6.790000000000011,32.8
2007-07-24,3.99,90.31,24.78,0.65,4.78,99.45,6.910000000000011,33.32
2007-07-25,1.98,89.3,24.75,0.65,4.21,99.43,7.290000000000012,32.81
2007-07-26,0.09,87.56,25.3,0.64,5.17,99.46,6.060000000000011,31.73
2007-07-27,0.3,87.91,25.63,0.64,4.91,99.42,2.3700000000000108,31.49
2007-07-28,0.86,85.56,25.71,0.63,5.08,99.43,1.2500000000000107,29.9
2007-07-29,1.49,88.4,25.56,0.63,5.04,99.47,2.6500000000000106,30.97
2007-07-30,0.79,87.62,25.43,0.63,4.75,99.5,3.140000000000011,30.31
2007-07-31,1.08,86.24,25.66,0.62,5.25,99.51,3.360000000000011,29.52
2007-08-01,1.32,84.89,25.75,0.62,5.54,99.57,3.190000000000011,28.57
2007-08-02,6.13,87.24,25.71,0.62,5.36,99.64,8.530000000000012,29.72
2007-08-03,3.8,86.6,25.83,0.62,4.6,99.69,11.25000000000001,29.05
2007-08-04,3.61,87.87,25.98,0.62,5.17,99.55,13.54000000000001,31.43
2007-08-05,0.88,86.85,26.25,0.62,5.3,99.48,8.29000000000001,30.83
2007-08-06,0.35,85.76,26.24,0.62,5.14,99.51,4.8400000000000105,29.49
2007-08-07,0.23,87.19,26.36,0.61,4.58,99.52,1.4600000000000106,28.75
2007-08-08,0.62,84.83,26.56,0.61,5.2,99.47,1.2000000000000106,28.47
2007-08-09,1.76,86.5,26.53,0.61,5.12,99.42,2.6100000000000105,29.77
2007-08-10,4.09,85.55,26.08,0.61,6.19,99.47,6.47000000000001,30.14
2007-08-11,2.43,85.9,25.69,0.6,6.17,99.58,8.28000000000001,29.21
2007-08-12,1.76,86.25,25.74,0.6,4.9,99.66,8.28000000000001,28.0
2007-08-13,1.06,86.07,25.79,0.6,5.07,99.63,5.250000000000011,27.79
2007-08-14,0.09,86.54,26.03,0.6,4.76,99.57,2.910000000000011,27.96
2007-08-15,0.14,88.19,25.95,0.6,4.39,99.5,1.2900000000000107,28.79
2007-08-16,0.25,86.79,26.11,0.59,4.47,99.44,0.48000000000001064,28.2
2007-08-17,0.53,85.81,26.2,0.59,4.82,99.53,0.9200000000000107,27.28
2007-08-18,1.22,85.58,26.44,0.59,5.64,99.58,2.0000000000000107,27.38
2007-08-19,1.96,86.63,26.3,0.58,5.68,99.57,3.7100000000000106,27.77
2007-08-20,3.21,84.9,26.39,0.58,5.39,99.6,6.39000000000001,27.05
2007-08-21,4.06,85.84,26.23,0.58,6.31,99.54,9.230000000000011,28.9
2007-08-22,1.62,86.74,25.85,0.58,5.43,99.49,8.890000000000011,29.17
2007-08-23,0.92,87.28,25.77,0.58,4.67,99.44,6.60000000000001,29.05
2007-08-24,3.92,85.46,26.18,0.58,4.94,99.44,6.460000000000011,28.4
2007-08-25,6.97,86.49,26.03,0.58,5.08,99.47,11.81000000000001,29.5
2007-08-26,7.33,86.5,25.94,0.59,5.23,99.46,18.22000000000001,31.1
2007-08-27,1.13,87.35,25.89,0.59,4.72,99.44,15.43000000000001,30.92
2007-08-28,6.76,87.67,25.99,0.59,4.93,99.45,15.220000000000011,31.05
2007-08-29,12.71,88.96,26.04,0.59,5.36,99.46,20.600000000000012,32.59
2007-08-30,32.29,88.44,25.67,0.61,6.37,99.49,51.76000000000001,38.4
2007-08-31,26.04,87.79,25.63,0.64,6.96,99.51,71.04000000000002,42.57
2007-09-01,5.6,85.12,25.88,0.64,5.73,99.5,63.93000000000001,39.74
2007-09-02,4.76,85.33,25.71,0.64,6.18,99.55,36.40000000000001,35.33
2007-09-03,1.71,83.69,26.12,0.64,5.3,99.61,12.070000000000014,29.84
2007-09-04,2.23,84.91,26.23,0.64,4.29,99.5,8.700000000000014,30.21
2007-09-05,7.48,87.3,26.11,0.64,6.79,99.46,11.420000000000014,33.33
2007-09-06,5.19,85.39,26.3,0.64,6.07,99.49,14.900000000000016,32.43
2007-09-07,7.19,88.08,25.99,0.64,4.15,99.41,19.860000000000014,33.98
2007-09-08,10.05,87.76,26.35,0.65,3.67,99.34,22.430000000000014,35.0
2007-09-09,17.83,90.44,25.38,0.66,4.04,99.37,35.07000000000001,38.49
2007-09-10,5.57,86.27,25.45,0.67,3.54,99.47,33.45000000000002,35.78
2007-09-11,3.73,86.42,25.9,0.66,4.35,99.39,27.13000000000001,35.54
2007-09-12,5.72,89.09,25.95,0.66,4.9,99.38,15.02000000000001,35.15
2007-09-13,11.45,87.69,26.05,0.67,5.68,99.48,20.90000000000001,35.49
2007-09-14,6.88,84.17,25.74,0.68,6.04,99.53,24.050000000000008,34.69
2007-09-15,4.12,84.93,26.19,0.67,6.28,99.4,22.45000000000001,35.56
2007-09-16,10.96,86.57,26.34,0.68,7.37,99.32,21.96000000000001,37.86
2007-09-17,18.58,85.75,26.52,0.68,7.59,99.41,33.66000000000001,38.71
2007-09-18,10.09,84.84,26.51,0.69,7.1,99.44,39.63000000000001,39.17
2007-09-19,2.65,86.15,26.51,0.69,6.39,99.4,31.320000000000007,38.37
2007-09-20,1.22,87.4,26.19,0.69,6.29,99.42,13.96000000000001,35.96
2007-09-21,4.86,87.65,26.49,0.69,7.06,99.45,8.730000000000011,35.4
2007-09-22,2.52,86.34,26.06,0.69,6.76,99.46,8.60000000000001,34.58
2007-09-23,3.79,87.52,25.99,0.69,5.71,99.41,11.17000000000001,35.34
2007-09-24,3.55,87.56,26.09,0.68,4.48,99.4,9.86000000000001,34.15
2007-09-25,1.44,86.52,26.46,0.68,4.72,99.56,8.780000000000012,32.32
2007-09-26,0.38,86.82,26.47,0.68,3.84,99.59,5.37000000000001,31.19
2007-09-27,1.26,88.49,26.3,0.67,4.09,99.62,3.0800000000000107,30.99
2007-09-28,4.26,87.64,26.13,0.67,4.87,99.68,5.900000000000011,31.0
2007-09-29,0.93,83.18,26.29,0.67,5.63,99.78,6.450000000000011,28.76
2007-09-30,0.26,86.19,26.43,0.67,5.46,99.75,5.450000000000011,30.04
2007-10-01,2.31,83.62,26.16,0.66,6.34,99.63,3.5000000000000107,29.71
2007-10-02,9.56,85.22,26.36,0.67,6.59,99.51,12.130000000000011,33.3
2007-10-03,4.62,84.77,26.35,0.67,6.44,99.47,16.490000000000013,34.05
2007-10-04,8.11,86.02,26.28,0.67,5.9,99.46,22.290000000000013,35.29
2007-10-05,6.28,85.06,26.08,0.67,6.84,99.45,19.010000000000012,34.96
2007-10-06,11.57,85.8,25.93,0.67,7.04,99.45,25.96000000000001,36.47
2007-10-07,15.4,87.82,25.71,0.68,5.91,99.49,33.250000000000014,37.95
2007-10-08,9.48,88.38,25.71,0.69,5.47,99.49,36.45000000000001,38.87
2007-10-09,0.39,85.36,26.15,0.69,3.74,99.42,25.27000000000001,35.49
2007-10-10,3.46,84.97,26.05,0.68,3.29,99.43,13.33000000000001,32.7
2007-10-11,11.69,88.43,25.43,0.69,4.43,99.58,15.54000000000001,34.29
2007-10-12,2.31,86.83,25.65,0.69,3.95,99.72,17.460000000000008,32.48
2007-10-13,1.36,86.72,26.01,0.68,3.82,99.68,15.36000000000001,31.95
2007-10-14,9.91,88.3,25.54,0.68,3.74,99.62,13.58000000000001,32.8
2007-10-15,16.1,90.15,25.31,0.7,3.31,99.63,27.37000000000001,36.28
2007-10-16,9.39,89.5,25.2,0.7,3.15,99.67,35.40000000000001,36.84
2007-10-17,21.04,88.96,25.24,0.71,3.47,99.62,46.530000000000015,39.37
2007-10-18,12.59,89.64,24.84,0.73,3.89,99.69,43.02000000000001,39.6
2007-10-19,15.5,86.02,25.41,0.74,3.07,99.78,49.13000000000001,38.25
2007-10-20,16.01,87.65,25.16,0.75,5.65,99.75,44.10000000000001,40.22
2007-10-21,12.47,84.59,25.32,0.76,4.7,99.63,43.98000000000001,39.82
2007-10-22,28.11,87.58,25.34,0.77,5.0,99.5,56.59000000000001,44.74
2007-10-23,10.16,89.71,25.24,0.78,4.05,99.39,50.74000000000001,45.56
2007-10-24,5.86,89.57,25.48,0.79,3.75,99.42,44.13000000000001,44.47
2007-10-25,12.54,89.85,25.45,0.79,3.2,99.41,28.560000000000006,41.93
2007-10-26,27.59,90.85,25.14,0.81,3.89,99.4,45.99000000000001,46.4
2007-10-27,11.49,85.43,25.4,0.82,3.27,99.45,51.620000000000005,44.65
2007-10-28,9.85,88.41,25.74,0.82,4.29,99.35,48.93000000000001,46.88
2007-10-29,5.92,83.11,26.06,0.82,5.69,99.29,27.260000000000005,42.5
2007-10-30,4.16,83.33,26.44,0.82,4.83,99.31,19.930000000000007,40.8
2007-10-31,1.42,83.6,26.31,0.82,3.54,99.47,11.500000000000007,37.56
2007-11-01,5.68,84.74,26.19,0.81,3.34,99.51,11.260000000000007,37.13
2007-11-02,13.98,85.99,25.71,0.82,3.29,99.32,21.080000000000005,41.2
2007-11-03,15.9,88.61,25.31,0.82,3.21,99.29,35.56,44.79
2007-11-04,15.92,89.49,25.44,0.83,2.86,99.55,45.800000000000004,44.82
2007-11-05,5.54,89.11,25.51,0.84,2.61,99.63,37.36000000000001,42.95
2007-11-06,22.91,90.62,25.52,0.84,4.2,99.54,44.370000000000005,46.31
2007-11-07,16.59,89.68,25.36,0.86,4.08,99.55,45.040000000000006,46.71
2007-11-08,6.06,86.23,25.64,0.86,2.56,99.5,45.56000000000001,44.93
2007-11-09,6.49,84.81,25.68,0.86,2.63,99.52,29.140000000000008,41.62
2007-11-10,1.74,83.9,25.54,0.86,2.7,99.5,14.290000000000006,39.11
2007-11-11,3.3,84.43,25.83,0.86,3.26,99.48,11.530000000000008,39.37
2007-11-12,3.24,84.02,25.93,0.85,4.36,99.47,8.280000000000008,38.94
2007-11-13,0.78,84.21,26.0,0.85,5.14,99.44,7.320000000000007,39.54
2007-11-14,0.05,77.2,25.74,0.84,5.41,99.41,4.070000000000007,36.04
2007-11-15,0.0,73.74,25.2,0.83,4.02,99.56,0.8300000000000072,31.63
2007-11-16,0.01,76.32,25.18,0.82,4.48,99.69,0.06000000000000711,31.33
2007-11-17,0.0,74.03,24.33,0.82,4.84,99.56,0.010000000000007106,31.64
2007-11-18,0.33,79.31,25.31,0.81,4.06,99.55,0.34000000000000713,33.17
2007-11-19,3.47,85.22,25.66,0.8,2.66,99.71,3.8000000000000074,33.7
2007-11-20,7.71,83.21,26.2,0.8,3.14,99.7,11.510000000000007,34.4
2007-11-21,6.78,83.77,26.4,0.8,2.93,99.63,17.960000000000008,36.12
2007-11-22,19.64,83.44,26.4,0.81,2.45,99.63,34.13000000000001,38.68
2007-11-23,3.48,86.33,26.19,0.81,3.3,99.63,29.90000000000001,39.71
2007-11-24,0.92,85.32,25.96,0.81,5.0,99.63,24.04000000000001,39.28
2007-11-25,0.01,80.24,25.41,0.8,5.64,99.69,4.410000000000011,33.46
2007-11-26,0.0,77.51,25.39,0.8,4.15,99.78,0.9300000000000107,30.19
2007-11-27,0.39,81.26,25.54,0.79,3.0,99.73,0.4000000000000107,31.08
2007-11-28,0.05,80.6,25.68,0.78,3.48,99.61,0.44000000000001066,31.65
2007-11-29,4.45,80.56,25.87,0.78,3.73,99.59,4.890000000000011,32.63
2007-11-30,0.03,78.22,25.58,0.77,4.63,99.73,4.530000000000012,30.47
2007-12-01,0.03,79.42,25.44,0.77,4.71,99.74,4.5100000000000104,30.94
2007-12-02,2.67,83.06,25.48,0.76,3.83,99.65,2.7300000000000106,32.06
2007-12-03,0.14,81.93,25.56,0.76,5.18,99.65,2.840000000000011,32.32
2007-12-04,0.68,81.68,25.84,0.75,5.87,99.59,3.490000000000011,32.77
2007-12-05,0.93,81.2,25.8,0.74,5.79,99.6,1.7500000000000107,31.75
2007-12-06,0.13,78.23,25.18,0.74,5.57,99.62,1.7400000000000106,30.2
2007-12-07,1.57,83.6,25.57,0.73,5.46,99.56,2.6300000000000106,32.64
2007-12-08,3.91,82.84,26.0,0.73,4.68,99.5,5.61000000000001,32.86
2007-12-09,7.48,84.14,25.84,0.73,5.82,99.49,12.960000000000012,35.27
2007-12-10,0.58,83.21,25.72,0.72,5.84,99.47,11.97000000000001,34.47
2007-12-11,0.11,81.81,25.54,0.72,5.79,99.47,8.17000000000001,33.26
2007-12-12,8.22,88.85,24.64,0.72,5.91,99.37,8.91000000000001,37.26
2007-12-13,23.45,89.33,25.6,0.73,6.48,99.08,31.78000000000001,44.22
2007-12-14,10.7,88.85,25.74,0.74,3.7,99.08,42.37000000000001,44.6
2007-12-15,6.17,88.13,25.4,0.75,4.07,99.16,40.320000000000014,43.93
2007-12-16,3.82,86.49,25.34,0.75,5.74,99.33,20.69000000000001,39.62
2007-12-17,6.83,89.51,25.15,0.75,6.24,99.35,16.82000000000001,40.4
2007-12-18,34.58,89.36,25.29,0.76,3.76,99.28,45.23000000000001,44.47
2007-12-19,7.54,86.03,25.57,0.78,3.24,99.39,48.95000000000001,43.28
2007-12-20,4.23,81.44,25.98,0.78,1.83,99.53,46.350000000000016,38.99
2007-12-21,12.49,83.62,25.76,0.78,2.24,99.68,24.260000000000016,35.41
2007-12-22,20.56,90.85,25.06,0.8,4.41,99.65,37.280000000000015,42.79
2007-12-23,11.69,89.13,24.64,0.81,2.39,99.69,44.74000000000001,42.23
2007-12-24,0.35,85.02,25.74,0.81,2.75,99.61,32.600000000000016,39.44
2007-12-25,0.02,84.48,24.32,0.8,3.3,99.65,12.060000000000013,35.53
2007-12-26,0.0,77.88,23.65,0.8,4.06,99.71,0.3700000000000142,30.8
2007-12-27,0.0,79.24,24.09,0.79,3.51,99.75,0.02000000000001421,30.27
2007-12-28,0.0,83.85,24.16,0.79,4.43,99.66,0.0,33.47
2007-12-29,0.07,78.75,24.34,0.78,3.65,99.56,0.07000000000001422,31.32
2007-12-30,0.04,77.93,24.17,0.77,4.03,99.62,0.11000000000001423,30.25
2007-12-31,0.01,79.94,23.95,0.77,4.79,99.63,0.12000000000001422,31.43
2008-01-01,0.01,82.31,23.96,0.76,5.08,99.66,0.06000000000001421,31.91
2008-01-02,0.71,83.63,24.23,0.75,5.72,99.66,0.7300000000000142,32.5
2008-01-03,1.79,88.95,24.87,0.75,6.03,99.64,2.510000000000014,35.37
2008-01-04,0.61,80.46,25.49,0.74,2.17,99.72,3.1100000000000145,28.68
2008-01-05,0.6,82.62,25.78,0.74,3.27,99.71,3.000000000000014,30.26
2008-01-06,6.65,85.24,25.45,0.74,5.58,99.76,7.8600000000000145,32.96
2008-01-07,5.72,85.69,25.0,0.73,6.69,99.72,12.970000000000013,34.47
2008-01-08,5.73,86.69,25.37,0.73,4.79,99.69,18.100000000000016,34.92
2008-01-09,2.12,87.84,25.31,0.73,5.46,99.67,13.570000000000014,35.23
2008-01-10,4.92,85.13,25.75,0.73,4.34,99.66,12.770000000000014,33.43
2008-01-11,6.3,87.62,25.11,0.73,5.01,99.63,13.340000000000014,35.19
2008-01-12,6.6,87.32,25.14,0.73,4.53,99.62,17.820000000000014,35.59
2008-01-13,7.54,85.74,25.48,0.73,4.58,99.65,20.440000000000015,35.11
2008-01-14,0.19,79.72,24.52,0.73,4.89,99.71,14.330000000000014,31.26
2008-01-15,0.08,78.75,23.84,0.72,5.55,99.76,7.810000000000014,29.34
2008-01-16,0.01,80.89,24.23,0.71,4.84,99.85,0.28000000000001424,27.5
2008-01-17,0.0,80.96,24.0,0.71,5.35,99.83,0.09000000000001421,27.94
2008-01-18,0.0,78.62,24.12,0.7,4.17,99.64,0.010000000000014211,27.47
2008-01-19,0.0,76.81,23.97,0.7,3.73,99.54,0.0,27.31
2008-01-20,0.39,80.44,24.56,0.69,4.43,99.53,0.3900000000000142,28.95
2008-01-21,2.53,84.55,26.24,0.68,4.14,99.38,2.920000000000014,31.76
2008-01-22,2.35,84.21,25.72,0.68,4.49,99.35,5.270000000000014,32.43
2008-01-23,0.02,79.69,24.94,0.67,4.49,99.43,4.900000000000015,29.36
2008-01-24,0.0,75.95,25.18,0.67,2.75,99.47,2.3700000000000143,26.1
2008-01-25,0.01,80.9,25.63,0.66,3.07,99.45,0.03000000000001421,27.75
2008-01-26,0.02,82.03,25.53,0.66,2.12,99.46,0.030000000000014213,27.63
2008-01-27,0.42,82.87,25.59,0.65,2.43,99.51,0.4500000000000142,27.38
2008-01-28,0.37,83.41,25.61,0.65,2.85,99.63,0.8100000000000143,26.88
2008-01-29,0.13,81.11,25.73,0.64,3.77,99.6,0.9200000000000141,26.25
2008-01-30,0.09,78.69,25.72,0.64,2.74,99.51,0.5900000000000143,25.37
2008-01-31,0.23,76.86,26.01,0.63,1.99,99.52,0.4500000000000143,23.66
2008-02-01,0.49,79.78,25.95,0.63,2.29,99.54,0.8100000000000143,24.95
2008-02-02,0.1,77.96,26.13,0.62,1.99,99.59,0.8200000000000143,23.18
2008-02-03,0.21,73.22,26.51,0.62,2.64,99.48,0.8000000000000143,22.44
2008-02-04,2.19,75.48,26.82,0.61,2.33,99.5,2.500000000000014,22.9
2008-02-05,0.61,76.09,26.81,0.61,3.0,99.45,3.010000000000014,24.03
2008-02-06,7.53,83.18,26.07,0.61,1.93,99.49,10.330000000000014,27.27
2008-02-07,5.75,89.35,25.14,0.62,1.49,99.47,13.890000000000015,30.79
2008-02-08,5.49,84.03,25.52,0.62,2.22,99.5,18.770000000000014,29.45
2008-02-09,3.76,84.29,26.15,0.62,2.6,99.54,15.000000000000014,28.84
2008-02-10,2.57,84.62,26.33,0.62,2.3,99.57,11.820000000000014,28.06
2008-02-11,4.11,80.48,26.75,0.62,1.83,99.54,10.440000000000014,26.09
2008-02-12,7.3,79.4,26.96,0.62,1.44,99.58,13.980000000000015,25.64
2008-02-13,2.96,79.62,26.73,0.62,1.97,99.63,14.370000000000013,25.66
2008-02-14,1.55,77.76,26.75,0.62,3.13,99.72,11.810000000000015,24.34
2008-02-15,7.22,80.51,26.4,0.62,4.29,99.74,11.730000000000015,25.95
2008-02-16,8.82,79.67,26.3,0.62,4.63,99.76,17.590000000000014,26.53
2008-02-17,0.14,78.14,25.73,0.62,5.26,99.74,16.180000000000014,26.17
2008-02-18,0.0,71.11,25.75,0.61,3.89,99.76,8.960000000000015,20.73
2008-02-19,0.0,71.96,25.96,0.6,2.62,99.82,0.14000000000001422,18.09
2008-02-20,0.44,70.03,26.75,0.6,1.34,99.8,0.4400000000000142,16.79
2008-02-21,3.57,76.12,26.99,0.59,3.21,99.78,4.010000000000014,20.69
2008-02-22,0.16,75.06,26.18,0.59,4.62,99.81,4.170000000000014,20.78
2008-02-23,0.0,70.01,25.16,0.59,4.19,99.75,3.730000000000014,18.84
2008-02-24,0.0,65.37,24.48,0.58,3.93,99.71,0.16000000000001421,16.08
2008-02-25,0.0,66.74,24.54,0.58,3.89,99.62,0.0,17.37
2008-02-26,2.37,74.39,24.92,0.57,2.27,99.55,2.3700000000000143,20.28
2008-02-27,8.49,83.3,26.04,0.57,1.89,99.58,10.860000000000014,24.93
2008-02-28,9.49,81.81,26.37,0.58,2.99,99.6,20.350000000000016,26.64
2008-02-29,17.29,86.72,25.73,0.59,3.47,99.51,35.27000000000001,32.5
2008-03-01,6.38,80.04,26.35,0.6,3.47,99.53,33.16000000000002,29.59
2008-03-02,4.79,76.25,26.93,0.6,1.46,99.61,28.460000000000015,25.49
2008-03-03,2.08,79.28,26.52,0.6,2.64,99.6,13.250000000000014,25.11
2008-03-04,2.7,81.21,26.02,0.59,2.86,99.53,9.570000000000014,25.63
2008-03-05,10.28,83.06,26.38,0.6,4.39,99.52,15.060000000000013,28.61
2008-03-06,17.6,81.76,26.07,0.6,3.68,99.61,30.580000000000013,29.36
2008-03-07,0.63,81.23,25.56,0.61,4.91,99.64,28.510000000000012,29.65
2008-03-08,0.19,73.98,25.72,0.6,4.28,99.56,18.420000000000012,24.9
2008-03-09,18.57,83.66,25.69,0.6,3.23,99.5,19.39000000000001,29.09
2008-03-10,8.97,85.61,25.67,0.62,3.23,99.51,27.73000000000001,31.99
2008-03-11,4.91,89.15,24.87,0.62,3.08,99.46,32.45000000000001,34.57
2008-03-12,28.18,85.52,25.67,0.63,2.46,99.43,42.06000000000001,34.88
2008-03-13,25.96,86.88,25.76,0.66,2.25,99.45,59.05000000000001,39.11
2008-03-14,19.15,88.61,25.73,0.68,2.46,99.51,73.29,42.53
2008-03-15,31.93,86.2,25.94,0.7,2.03,99.4,77.04,43.64
2008-03-16,14.76,89.41,25.21,0.72,3.54,99.32,65.84,45.58
2008-03-17,12.84,88.8,25.74,0.73,4.39,99.13,59.53000000000001,46.8
2008-03-18,6.71,90.44,25.64,0.74,2.79,99.21,34.31000000000001,42.43
2008-03-19,6.77,88.05,25.82,0.74,4.89,99.27,26.320000000000007,40.79
2008-03-20,5.71,86.24,26.44,0.74,5.09,99.25,19.190000000000005,39.18
2008-03-21,5.0,85.54,26.44,0.75,5.44,99.32,17.480000000000004,38.64
2008-03-22,7.41,84.64,26.53,0.75,4.18,99.42,18.120000000000005,36.84
2008-03-23,8.01,86.1,26.57,0.75,3.75,99.49,20.42000000000001,37.0
2008-03-24,11.35,86.08,26.16,0.76,3.04,99.57,26.770000000000007,37.35
2008-03-25,1.66,82.72,26.65,0.76,2.61,99.58,21.020000000000007,34.71
2008-03-26,1.17,82.09,26.4,0.75,2.59,99.58,14.180000000000007,32.94
2008-03-27,1.15,81.01,26.85,0.75,1.96,99.42,3.9800000000000066,31.88
2008-03-28,5.86,81.06,26.97,0.74,1.69,99.41,8.180000000000007,32.07
2008-03-29,13.24,88.35,26.15,0.75,3.11,99.51,20.250000000000007,37.41
2008-03-30,6.89,86.14,26.4,0.75,3.17,99.57,25.99000000000001,36.9
2008-03-31,6.53,86.29,26.31,0.75,3.83,99.53,26.66000000000001,37.77
2008-04-01,4.04,86.16,26.49,0.75,3.48,99.5,17.460000000000008,36.33
2008-04-02,8.82,85.12,26.63,0.75,3.23,99.6,19.390000000000008,35.22
2008-04-03,5.98,83.27,26.84,0.75,2.42,99.59,18.84000000000001,33.99
2008-04-04,5.3,87.34,26.16,0.75,3.37,99.44,20.10000000000001,37.69
2008-04-05,5.03,81.12,26.91,0.75,1.89,99.57,16.31000000000001,32.56
2008-04-06,23.13,80.28,26.66,0.75,2.03,99.69,33.46000000000001,33.97
2008-04-07,25.36,82.58,26.27,0.77,2.14,99.6,53.52000000000001,39.76
2008-04-08,13.86,83.53,26.46,0.78,2.07,99.5,62.35000000000001,42.77
2008-04-09,12.22,79.53,26.53,0.79,1.68,99.46,51.44000000000001,39.91
2008-04-10,28.32,85.77,26.53,0.8,2.2,99.44,54.40000000000001,43.89
2008-04-11,23.33,88.07,25.98,0.82,3.01,99.36,63.87000000000001,48.31
2008-04-12,13.82,87.55,25.49,0.83,2.76,99.4,65.47000000000001,48.29
2008-04-13,5.05,85.17,26.16,0.84,2.37,99.36,42.20000000000001,44.18
2008-04-14,3.11,85.2,26.86,0.84,2.1,99.32,21.980000000000015,41.21
2008-04-15,5.8,84.04,26.85,0.83,2.23,99.44,13.960000000000013,38.1
2008-04-16,5.74,82.11,26.55,0.83,2.19,99.49,14.650000000000015,36.94
2008-04-17,3.49,82.23,26.99,0.83,1.72,99.42,15.030000000000014,37.39
2008-04-18,23.1,88.42,26.51,0.83,3.59,99.37,32.33000000000001,44.16
2008-04-19,13.61,85.65,27.03,0.85,3.61,99.4,40.20000000000002,44.83
2008-04-20,4.45,87.14,26.79,0.85,3.93,99.39,41.16000000000002,45.87
2008-04-21,2.61,83.61,27.48,0.85,3.23,99.34,20.670000000000012,41.19
2008-04-22,3.5,84.51,27.46,0.84,3.67,99.39,10.560000000000015,39.38
2008-04-23,3.03,84.81,27.31,0.84,4.05,99.49,9.140000000000015,38.65
2008-04-24,20.15,84.11,26.65,0.84,4.2,99.52,26.680000000000014,40.94
2008-04-25,14.51,86.29,26.18,0.86,3.07,99.46,37.69000000000001,44.33
2008-04-26,10.52,86.3,26.33,0.86,2.77,99.41,45.180000000000014,45.77
2008-04-27,30.19,90.87,26.1,0.87,4.97,99.29,55.22000000000001,51.9
2008-04-28,35.48,89.45,26.32,0.89,6.06,99.2,76.19000000000001,56.78
2008-04-29,7.25,87.54,26.76,0.9,5.77,99.28,72.92000000000002,55.06
2008-04-30,5.33,89.35,26.77,0.89,5.23,99.42,48.06000000000001,50.03
2008-05-01,3.54,89.21,26.84,0.89,5.83,99.5,16.120000000000015,44.61
2008-05-02,0.64,88.18,26.9,0.89,6.23,99.42,9.510000000000014,44.02
2008-05-03,1.15,87.68,27.12,0.88,6.24,99.39,5.330000000000014,42.99
2008-05-04,1.3,90.01,27.07,0.88,5.82,99.45,3.090000000000014,42.89
2008-05-05,1.88,90.48,26.71,0.87,5.93,99.54,4.330000000000014,42.17
2008-05-06,3.71,87.91,26.4,0.87,5.47,99.49,6.890000000000015,41.65
2008-05-07,2.32,84.97,26.33,0.87,4.09,99.44,7.910000000000014,40.24
2008-05-08,4.28,85.38,26.3,0.87,5.62,99.54,10.310000000000015,40.78
2008-05-09,2.69,86.06,26.1,0.86,4.97,99.6,9.290000000000015,39.63
2008-05-10,1.69,84.74,26.58,0.86,5.17,99.55,8.660000000000014,39.5
2008-05-11,1.71,86.3,26.8,0.85,6.2,99.51,6.090000000000015,40.22
2008-05-12,5.09,87.64,26.88,0.85,6.27,99.6,8.490000000000014,40.45
2008-05-13,3.12,85.72,26.87,0.85,6.19,99.7,9.920000000000016,38.98
2008-05-14,3.29,85.89,26.84,0.85,6.6,99.69,11.500000000000014,39.6
2008-05-15,1.35,88.3,26.78,0.84,5.88,99.68,7.760000000000014,39.31
2008-05-16,0.67,87.2,26.94,0.84,5.32,99.65,5.310000000000015,38.41
2008-05-17,0.23,85.76,27.12,0.84,5.95,99.56,2.250000000000014,38.41
2008-05-18,0.26,86.05,27.21,0.83,5.8,99.45,1.1600000000000144,38.78
2008-05-19,0.4,85.07,26.85,0.83,5.51,99.54,0.8900000000000142,37.41
2008-05-20,0.23,85.78,27.04,0.82,5.29,99.55,0.8900000000000142,37.09
2008-05-21,0.43,85.6,26.86,0.82,4.67,99.52,1.0600000000000143,36.96
2008-05-22,3.41,84.4,26.88,0.81,4.4,99.48,4.0700000000000145,36.69
2008-05-23,12.33,86.01,26.69,0.81,4.97,99.45,16.170000000000016,39.83
2008-05-24,4.15,86.34,26.5,0.81,3.77,99.4,19.890000000000015,40.32
2008-05-25,1.31,85.51,26.89,0.81,4.03,99.37,17.790000000000013,40.03
2008-05-26,3.78,86.1,26.68,0.81,4.31,99.46,9.240000000000014,38.34
2008-05-27,8.33,88.05,26.63,0.81,4.77,99.49,13.420000000000014,39.82
2008-05-28,4.49,87.9,26.67,0.81,5.4,99.41,16.600000000000016,41.26
2008-05-29,5.73,87.1,26.61,0.81,6.26,99.42,18.550000000000015,41.61
2008-05-30,5.5,86.41,26.58,0.81,6.09,99.48,15.720000000000015,40.28
2008-05-31,12.36,84.58,26.71,0.81,6.17,99.47,23.590000000000014,40.87
2008-06-01,27.03,86.79,26.58,0.82,5.85,99.42,44.890000000000015,45.82
2008-06-02,16.31,87.58,26.23,0.83,5.94,99.42,55.70000000000002,48.32
2008-06-03,12.08,90.21,25.84,0.84,5.25,99.5,55.420000000000016,48.77
2008-06-04,4.83,89.98,26.14,0.84,4.65,99.61,33.22000000000001,43.94
2008-06-05,4.39,86.26,26.19,0.84,5.27,99.55,21.300000000000015,41.33
2008-06-06,8.55,86.3,26.62,0.84,4.87,99.37,17.770000000000017,42.09
2008-06-07,7.27,87.2,26.34,0.85,5.19,99.37,20.210000000000015,43.45
2008-06-08,9.4,86.58,26.35,0.85,5.23,99.39,25.220000000000013,43.83
2008-06-09,6.58,87.63,25.75,0.85,5.19,99.57,23.250000000000014,42.43
2008-06-10,0.95,86.3,26.04,0.85,3.99,99.57,16.930000000000014,40.23
2008-06-11,3.2,88.53,26.43,0.84,5.3,99.55,10.730000000000015,40.65
2008-06-12,1.69,88.94,25.93,0.84,4.41,99.54,5.840000000000014,39.66
2008-06-13,1.77,88.77,26.26,0.84,4.77,99.57,6.660000000000014,39.66
2008-06-14,2.01,84.69,26.12,0.84,5.28,99.55,5.470000000000014,38.19
2008-06-15,1.79,89.91,26.04,0.83,4.21,99.45,5.5700000000000145,40.25
2008-06-16,0.78,87.83,26.26,0.83,5.16,99.42,4.580000000000014,39.98
2008-06-17,3.2,87.18,26.31,0.82,5.01,99.47,5.770000000000015,38.97
2008-06-18,7.06,87.67,26.35,0.82,4.97,99.47,11.040000000000013,39.98
2008-06-19,4.67,86.3,26.24,0.82,4.71,99.5,14.930000000000014,39.62
2008-06-20,3.86,86.73,26.52,0.82,4.55,99.54,15.590000000000014,39.48
2008-06-21,7.05,88.75,26.52,0.82,5.07,99.58,15.580000000000014,40.28
2008-06-22,8.47,88.0,26.31,0.82,5.55,99.59,19.380000000000017,40.74
2008-06-23,5.8,86.27,25.79,0.82,6.4,99.57,21.320000000000014,40.94
2008-06-24,1.48,86.36,26.39,0.82,5.67,99.48,15.750000000000014,40.46
2008-06-25,2.72,86.93,25.63,0.82,6.27,99.63,10.000000000000014,38.86
2008-06-26,2.33,85.88,26.25,0.82,4.65,99.58,6.5300000000000145,37.42
2008-06-27,0.39,86.47,26.42,0.81,5.33,99.5,5.440000000000015,38.11
2008-06-28,2.34,84.87,26.35,0.8,5.32,99.54,5.060000000000015,36.61
2008-06-29,3.53,85.71,26.35,0.8,5.14,99.55,6.260000000000014,36.97
2008-06-30,5.69,87.01,26.28,0.8,4.4,99.57,11.560000000000015,37.79
2008-07-01,8.19,86.79,25.7,0.8,5.8,99.71,17.410000000000014,38.2
2008-07-02,0.23,82.31,26.07,0.8,3.52,99.69,14.110000000000014,34.71
2008-07-03,0.74,88.99,26.42,0.79,4.23,99.61,9.160000000000014,37.4
2008-07-04,1.34,88.51,26.33,0.79,4.76,99.6,2.3100000000000143,36.49
2008-07-05,0.62,88.26,26.37,0.79,4.7,99.52,2.7000000000000144,37.09
2008-07-06,2.34,87.54,26.4,0.78,5.44,99.54,4.300000000000014,36.84
2008-07-07,4.18,88.09,26.44,0.78,5.89,99.49,7.140000000000014,38.18
2008-07-08,2.99,85.97,26.33,0.78,5.78,99.43,9.510000000000014,38.1
2008-07-09,0.91,88.01,26.4,0.78,5.4,99.48,8.080000000000014,38.12
2008-07-10,0.87,87.68,26.49,0.77,5.4,99.58,4.770000000000015,36.19
2008-07-11,8.56,84.96,26.09,0.77,5.61,99.56,10.340000000000014,36.2
2008-07-12,3.75,82.74,26.16,0.77,5.12,99.37,13.180000000000016,37.03
2008-07-13,1.44,86.47,26.15,0.77,4.3,99.39,13.750000000000016,38.09
2008-07-14,4.37,88.1,26.27,0.76,4.63,99.51,9.560000000000016,36.87
2008-07-15,15.96,87.53,25.84,0.77,7.16,99.49,21.770000000000017,40.51
2008-07-16,6.44,86.27,25.47,0.78,6.05,99.38,26.770000000000017,41.5
2008-07-17,4.37,86.64,26.07,0.78,6.41,99.25,26.770000000000017,42.95
2008-07-18,34.52,88.65,25.9,0.78,6.98,99.28,45.33000000000002,46.77
2008-07-19,17.22,87.36,25.64,0.8,6.59,99.3,56.11000000000002,48.38
2008-07-20,1.88,89.19,25.69,0.8,5.52,99.3,53.62000000000002,48.19
2008-07-21,1.14,89.24,25.42,0.8,5.74,99.32,20.240000000000013,42.92
2008-07-22,15.19,88.85,25.43,0.8,5.83,99.23,18.210000000000015,43.24
2008-07-23,13.48,89.33,25.5,0.81,7.16,99.28,29.810000000000016,45.99
2008-07-24,1.67,89.2,25.46,0.81,6.3,99.4,30.340000000000014,44.54
2008-07-25,1.09,89.99,25.22,0.8,6.18,99.45,16.240000000000016,41.76
2008-07-26,2.23,89.85,25.29,0.8,6.0,99.47,4.990000000000014,39.67
2008-07-27,7.23,88.68,25.35,0.8,6.39,99.54,10.550000000000015,39.67
2008-07-28,9.62,89.41,25.35,0.8,5.9,99.49,19.080000000000013,41.47
2008-07-29,5.56,90.14,25.61,0.8,5.11,99.43,22.410000000000014,42.38
2008-07-30,3.97,89.85,25.48,0.8,4.94,99.43,19.150000000000013,41.65
2008-07-31,1.25,89.66,25.57,0.8,5.24,99.43,10.780000000000014,40.42
2008-08-01,1.72,89.46,25.68,0.79,4.75,99.43,6.940000000000015,39.04
2008-08-02,0.65,90.12,25.49,0.79,3.98,99.44,3.6200000000000143,38.3
2008-08-03,0.18,91.08,25.61,0.79,4.04,99.36,2.550000000000014,39.24
2008-08-04,0.06,89.42,25.63,0.78,4.36,99.35,0.8900000000000142,38.11
2008-08-05,0.05,87.76,25.73,0.78,5.2,99.49,0.2900000000000142,36.59
2008-08-06,0.04,84.81,25.84,0.77,5.21,99.53,0.1500000000000142,34.57
2008-08-07,0.05,86.96,25.76,0.77,6.09,99.5,0.14000000000001422,36.21
2008-08-08,0.76,91.67,25.4,0.76,5.19,99.5,0.8500000000000142,37.4
2008-08-09,2.01,84.69,25.85,0.76,6.22,99.54,2.820000000000014,34.98
2008-08-10,1.86,87.5,25.7,0.76,6.38,99.49,4.630000000000014,36.96
2008-08-11,1.82,88.26,25.93,0.75,5.36,99.43,5.690000000000014,36.98
2008-08-12,6.05,89.23,26.16,0.75,4.78,99.48,9.730000000000015,37.29
2008-08-13,4.99,87.32,26.01,0.75,4.05,99.57,12.860000000000014,35.82
2008-08-14,3.02,89.33,25.24,0.75,4.65,99.6,14.060000000000015,36.93
2008-08-15,1.01,87.73,25.4,0.75,3.77,99.46,9.020000000000016,36.16
2008-08-16,0.35,87.69,25.44,0.75,4.15,99.42,4.380000000000015,35.96
2008-08-17,0.52,87.93,25.56,0.74,4.29,99.54,1.880000000000015,34.31
2008-08-18,0.65,87.76,25.59,0.74,4.3,99.56,1.5200000000000151,34.02
2008-08-19,1.21,87.85,25.95,0.73,4.14,99.57,2.380000000000015,33.6
2008-08-20,1.54,88.86,25.96,0.73,4.26,99.65,3.400000000000015,33.58
2008-08-21,4.72,88.13,25.89,0.73,5.25,99.65,7.470000000000015,34.45
2008-08-22,2.84,85.91,25.98,0.73,5.04,99.59,9.100000000000016,34.15
2008-08-23,3.11,85.89,26.06,0.73,5.56,99.48,10.670000000000014,35.59
2008-08-24,3.53,85.74,25.89,0.72,5.03,99.42,9.480000000000015,35.14
2008-08-25,8.3,87.52,25.38,0.72,4.29,99.44,14.940000000000015,36.18
2008-08-26,6.88,85.6,25.43,0.73,4.17,99.44,18.710000000000015,36.32
2008-08-27,3.81,86.68,25.59,0.73,3.78,99.38,18.990000000000016,37.11
2008-08-28,2.13,88.13,25.6,0.73,4.26,99.36,12.820000000000014,37.19
2008-08-29,8.58,88.52,25.2,0.73,5.01,99.35,14.520000000000014,38.11
2008-08-30,17.77,88.8,25.31,0.73,5.93,99.43,28.480000000000018,40.24
2008-08-31,13.4,86.97,25.91,0.74,6.25,99.47,39.75000000000002,41.5
2008-09-01,3.63,87.94,25.93,0.75,4.58,99.45,34.80000000000002,40.82
2008-09-02,0.39,84.79,26.18,0.74,3.82,99.46,17.42000000000002,35.84
2008-09-03,5.37,86.08,26.04,0.74,4.19,99.45,9.390000000000018,35.41
2008-09-04,12.25,88.13,25.68,0.74,4.5,99.53,18.01000000000002,37.13
2008-09-05,4.48,88.26,25.43,0.74,3.52,99.55,22.10000000000002,37.13
2008-09-06,2.47,89.19,25.6,0.74,4.97,99.55,19.200000000000017,37.85
2008-09-07,3.98,89.12,25.78,0.74,4.59,99.54,10.930000000000021,36.4
2008-09-08,8.91,86.98,25.65,0.74,5.19,99.6,15.36000000000002,36.01
2008-09-09,3.44,86.61,25.96,0.75,5.1,99.53,16.33000000000002,36.97
2008-09-10,1.14,88.94,26.45,0.74,5.33,99.44,13.49000000000002,37.96
2008-09-11,10.71,85.39,26.28,0.74,6.55,99.41,15.29000000000002,37.65
2008-09-12,4.41,87.46,26.02,0.74,5.05,99.46,16.26000000000002,37.45
2008-09-13,1.1,88.66,26.26,0.74,4.14,99.56,16.22000000000002,36.62
2008-09-14,0.22,87.51,26.15,0.74,4.48,99.68,5.73000000000002,33.67
2008-09-15,0.7,87.13,26.12,0.73,4.65,99.71,2.0200000000000196,32.34
2008-09-16,0.32,86.33,26.19,0.73,4.68,99.63,1.2400000000000195,32.57
2008-09-17,0.36,85.17,26.36,0.72,4.25,99.59,1.3800000000000194,31.78
2008-09-18,0.1,84.19,26.51,0.72,3.64,99.55,0.7800000000000196,31.27
2008-09-19,0.42,83.23,26.14,0.71,4.29,99.57,0.8800000000000194,30.64
2008-09-20,1.09,82.99,26.01,0.71,4.72,99.68,1.6100000000000194,29.96
2008-09-21,0.77,84.65,26.23,0.7,4.28,99.65,2.28000000000002,30.36
2008-09-22,0.17,85.76,25.92,0.7,4.0,99.61,2.03000000000002,30.98
2008-09-23,0.07,83.02,26.42,0.69,3.95,99.56,1.0100000000000195,29.63
2008-09-24,0.02,81.46,26.63,0.69,5.01,99.64,0.26000000000001955,28.75
2008-09-25,0.64,84.58,26.4,0.68,4.25,99.74,0.7300000000000195,28.47
2008-09-26,0.39,87.24,26.17,0.68,3.64,99.68,1.0500000000000194,29.82
2008-09-27,1.07,86.42,26.4,0.67,4.35,99.65,2.1000000000000196,29.85
2008-09-28,0.93,83.09,26.49,0.67,4.18,99.69,2.3900000000000197,28.06
2008-09-29,0.0,81.47,26.31,0.66,4.28,99.68,2.0000000000000195,27.03
2008-09-30,0.3,81.89,26.2,0.66,3.85,99.57,1.2300000000000197,27.77
2008-10-01,0.24,80.57,26.39,0.65,3.77,99.51,0.5400000000000198,27.14
2008-10-02,0.11,79.8,26.56,0.65,3.69,99.48,0.6500000000000198,27.04
2008-10-03,0.52,81.61,26.34,0.64,3.08,99.54,0.8700000000000199,26.59
2008-10-04,4.83,79.7,26.65,0.64,2.54,99.54,5.46000000000002,26.21
2008-10-05,2.44,79.4,26.69,0.64,2.41,99.66,7.7900000000000205,25.37
2008-10-06,2.35,81.63,26.84,0.64,2.64,99.64,9.62000000000002,26.89
2008-10-07,4.64,82.53,26.43,0.63,3.68,99.68,9.430000000000021,27.05
2008-10-08,7.6,84.18,26.12,0.64,3.0,99.6,14.590000000000021,29.28
2008-10-09,3.64,83.43,26.3,0.64,2.55,99.63,15.880000000000019,28.67
2008-10-10,6.56,79.7,27.01,0.64,1.41,99.67,17.80000000000002,26.44
2008-10-11,13.34,81.82,26.6,0.64,1.51,99.65,23.54000000000002,28.46
2008-10-12,11.82,83.37,26.27,0.66,2.09,99.51,31.72000000000002,32.74
2008-10-13,5.7,83.95,26.54,0.66,2.59,99.35,30.86000000000002,34.46
2008-10-14,19.13,84.15,27.02,0.67,3.03,99.41,36.65000000000002,35.62
2008-10-15,15.94,85.46,26.72,0.68,2.87,99.47,40.77000000000002,36.65
2008-10-16,13.82,86.52,26.5,0.69,2.52,99.41,48.890000000000015,39.11
2008-10-17,13.51,85.45,26.62,0.71,1.87,99.33,43.270000000000024,38.94
2008-10-18,13.91,88.22,26.42,0.72,1.76,99.33,41.24000000000002,40.16
2008-10-19,29.69,85.59,26.51,0.73,2.76,99.36,57.11000000000003,42.25
2008-10-20,21.03,87.86,26.04,0.75,4.48,99.28,64.63000000000002,46.84
2008-10-21,25.53,87.06,26.19,0.78,5.69,99.34,76.25000000000003,49.75
2008-10-22,22.64,86.53,26.41,0.8,6.89,99.41,69.20000000000003,49.32
2008-10-23,19.49,86.34,26.81,0.81,7.23,99.53,67.66000000000003,48.6
2008-10-24,17.6,86.22,26.64,0.82,7.06,99.64,59.730000000000025,46.71
2008-10-25,3.97,84.09,26.75,0.82,5.94,99.64,41.06000000000002,42.27
2008-10-26,12.49,87.18,26.55,0.82,6.16,99.58,34.060000000000024,43.11
2008-10-27,1.14,86.67,26.36,0.82,4.74,99.64,17.600000000000023,39.04
2008-10-28,0.43,81.35,26.39,0.82,2.96,99.63,14.060000000000022,35.35
2008-10-29,0.04,76.89,26.44,0.81,1.99,99.66,1.6100000000000212,30.3
2008-10-30,0.0,72.57,26.13,0.8,2.97,99.71,0.4700000000000213,27.98
2008-10-31,0.0,69.36,25.61,0.8,3.7,99.77,0.04000000000002132,26.44
2008-11-01,0.0,69.45,25.51,0.79,2.62,99.73,0.0,25.8
2008-11-02,0.0,73.05,25.38,0.78,2.78,99.65,0.0,27.66
2008-11-03,0.0,76.36,25.57,0.77,2.67,99.68,0.0,28.33
2008-11-04,0.0,71.16,26.06,0.77,3.0,99.59,0.0,27.06
2008-11-05,0.0,73.35,25.73,0.76,3.57,99.53,0.0,28.38
2008-11-06,0.0,74.51,26.07,0.75,2.96,99.47,0.0,28.62
2008-11-07,0.98,77.91,26.74,0.75,2.23,99.54,0.9800000000000213,29.23
2008-11-08,13.19,80.46,27.07,0.74,3.06,99.52,14.170000000000021,32.58
2008-11-09,10.48,81.82,26.84,0.75,4.03,99.49,24.65000000000002,36.0
2008-11-10,6.39,86.39,26.36,0.75,4.11,99.47,30.06000000000002,39.0
2008-11-11,2.11,84.04,26.22,0.75,3.4,99.45,18.980000000000018,36.05
2008-11-12,6.27,87.79,25.43,0.75,5.4,99.39,14.770000000000021,38.56
2008-11-13,2.75,85.48,25.7,0.75,4.17,99.37,11.13000000000002,36.51
2008-11-14,4.0,81.52,25.93,0.75,2.84,99.35,13.020000000000021,34.58
2008-11-15,0.7,83.86,25.87,0.75,2.82,99.26,7.4500000000000215,35.44
2008-11-16,0.01,81.53,26.04,0.74,3.23,99.28,4.710000000000021,33.65
2008-11-17,1.2,78.98,26.55,0.74,2.19,99.24,1.9100000000000212,31.91
2008-11-18,5.55,79.31,27.09,0.74,2.12,99.3,6.760000000000021,32.27
2008-11-19,6.95,85.59,26.48,0.74,3.37,99.41,13.70000000000002,35.77
2008-11-20,19.66,83.53,26.67,0.74,2.39,99.54,32.160000000000025,36.17
2008-11-21,4.52,83.91,25.84,0.75,3.03,99.57,31.13000000000002,36.69
2008-11-22,9.04,85.37,25.59,0.76,3.39,99.48,33.22000000000002,39.01
2008-11-23,21.82,91.85,25.76,0.77,4.96,99.4,35.380000000000024,44.04
2008-11-24,16.02,88.99,25.58,0.78,5.97,99.49,46.880000000000024,44.85
2008-11-25,21.65,89.53,25.63,0.8,5.8,99.43,59.49000000000002,48.31
2008-11-26,14.5,87.21,25.99,0.81,6.84,99.4,52.170000000000016,47.42
2008-11-27,12.83,86.73,26.36,0.81,5.54,99.43,48.980000000000025,45.76
2008-11-28,9.74,88.04,26.13,0.81,3.37,99.6,37.07000000000002,41.85
2008-11-29,6.25,92.83,25.47,0.82,4.16,99.69,28.82000000000002,42.68
2008-11-30,1.85,86.66,26.41,0.82,2.04,99.77,17.84000000000002,36.52
2008-12-01,3.66,87.17,25.88,0.82,1.49,99.69,11.760000000000021,36.15
2008-12-02,0.32,77.95,25.98,0.82,2.83,99.62,5.830000000000021,32.63
2008-12-03,1.99,81.42,25.31,0.81,3.32,99.56,5.970000000000022,34.47
2008-12-04,3.25,85.29,25.52,0.81,3.73,99.59,5.560000000000022,36.01
2008-12-05,1.66,85.93,25.52,0.8,4.72,99.71,6.900000000000021,35.6
2008-12-06,4.71,85.94,25.52,0.8,5.58,99.7,9.620000000000022,36.58
2008-12-07,10.05,92.07,25.19,0.8,7.63,99.39,16.420000000000023,43.95
2008-12-08,10.96,90.4,26.66,0.81,3.26,99.43,25.720000000000024,42.43
2008-12-09,9.1,88.79,25.71,0.82,2.25,99.62,30.11000000000002,40.72
2008-12-10,5.06,86.1,25.89,0.82,2.1,99.68,25.120000000000022,38.21
2008-12-11,8.75,85.54,26.06,0.82,5.49,99.6,22.91000000000002,40.13
2008-12-12,0.3,83.37,25.16,0.82,4.61,99.6,14.110000000000023,37.35
2008-12-13,0.51,81.86,25.16,0.81,3.43,99.66,9.560000000000022,34.44
2008-12-14,3.51,82.69,25.7,0.81,3.5,99.61,4.320000000000022,34.42
2008-12-15,5.52,83.32,25.78,0.8,3.14,99.55,9.54000000000002,35.39
2008-12-16,3.33,87.13,25.54,0.8,3.45,99.53,12.36000000000002,37.79
2008-12-17,3.32,87.56,25.52,0.8,5.84,99.51,12.170000000000021,39.4
2008-12-18,4.91,91.63,25.36,0.8,3.9,99.42,11.560000000000022,40.74
2008-12-19,7.28,87.95,25.54,0.81,2.45,99.51,15.510000000000023,38.68
2008-12-20,0.31,82.29,25.3,0.8,5.14,99.65,12.500000000000021,35.66
2008-12-21,0.01,81.44,24.88,0.8,5.04,99.64,7.600000000000022,34.56
2008-12-22,0.23,82.09,24.95,0.79,5.05,99.67,0.5500000000000214,33.06
2008-12-23,0.7,84.37,25.23,0.78,5.68,99.65,0.9400000000000213,34.18
2008-12-24,0.64,83.5,25.62,0.78,5.04,99.65,1.5700000000000212,33.56
2008-12-25,0.02,79.74,24.99,0.77,5.37,99.69,1.3600000000000212,31.35
2008-12-26,0.01,78.91,25.08,0.76,5.15,99.74,0.6700000000000214,29.93
2008-12-27,0.0,79.45,24.63,0.76,4.98,99.75,0.030000000000021315,29.88
2008-12-28,0.0,77.36,24.04,0.75,4.85,99.7,0.010000000000021316,28.92
2008-12-29,0.06,74.22,24.01,0.74,4.97,99.71,0.060000000000021314,27.15
2008-12-30,0.0,75.23,23.54,0.73,4.8,99.77,0.060000000000021314,26.56
2008-12-31,0.01,74.31,23.71,0.73,4.88,99.74,0.07000000000002131,26.47
2009-01-01,0.04,73.87,23.89,0.72,4.77,99.72,0.05000000000002132,25.97
2009-01-02,0.08,73.23,24.11,0.71,4.27,99.77,0.13000000000002132,24.59
2009-01-03,0.0,73.22,24.21,0.71,4.28,99.84,0.12000000000002133,24.01
2009-01-04,0.0,78.84,24.8,0.7,4.8,99.74,0.08000000000002132,27.08
2009-01-05,0.01,79.78,25.27,0.69,5.16,99.6,0.010000000000021316,28.41
2009-01-06,1.11,83.27,25.45,0.69,4.31,99.58,1.1200000000000214,29.78
2009-01-07,5.84,82.1,25.86,0.68,2.91,99.68,6.960000000000021,28.18
2009-01-08,1.59,81.64,25.22,0.68,4.03,99.77,8.540000000000022,28.08
2009-01-09,7.45,91.48,24.76,0.68,4.43,99.73,14.88000000000002,33.8
2009-01-10,1.34,82.99,25.66,0.69,5.28,99.76,10.380000000000022,30.12
2009-01-11,0.06,77.86,25.13,0.68,4.77,99.86,8.850000000000021,26.17
2009-01-12,0.12,78.58,24.65,0.67,5.94,99.98,1.5200000000000213,24.53
2009-01-13,1.18,80.95,24.94,0.67,5.83,99.98,1.3600000000000212,25.45
2009-01-14,0.88,80.0,24.83,0.66,5.35,99.96,2.180000000000021,24.66
2009-01-15,0.02,77.97,24.67,0.66,5.22,99.95,2.080000000000021,23.8
2009-01-16,0.01,77.43,24.5,0.65,5.78,99.94,0.9100000000000213,23.35
2009-01-17,0.03,77.73,24.64,0.64,5.69,99.82,0.060000000000021314,23.88
2009-01-18,0.03,76.7,24.87,0.64,4.48,99.74,0.07000000000002131,23.46
2009-01-19,0.01,76.66,24.85,0.63,5.3,99.67,0.07000000000002131,24.05
2009-01-20,0.01,76.02,24.94,0.62,5.63,99.7,0.05000000000002132,23.28
2009-01-21,0.0,75.89,24.52,0.62,5.34,99.73,0.020000000000021317,22.81
2009-01-22,0.0,72.85,24.59,0.61,5.23,99.65,0.010000000000021316,21.71
2009-01-23,0.0,74.81,24.64,0.61,4.57,99.58,0.0,22.77
2009-01-24,0.01,73.68,25.14,0.6,3.78,99.54,0.010000000000021316,21.78
2009-01-25,1.17,80.5,25.35,0.6,3.72,99.57,1.1800000000000213,24.57
2009-01-26,3.1,85.51,25.81,0.6,3.25,99.58,4.280000000000022,26.84
2009-01-27,7.44,80.5,26.32,0.6,2.19,99.67,11.710000000000022,24.55
2009-01-28,5.03,78.78,26.35,0.6,1.61,99.64,15.570000000000022,24.37
2009-01-29,0.78,76.84,25.68,0.6,3.6,99.65,13.25000000000002,24.17
2009-01-30,0.02,71.38,24.48,0.59,3.17,99.66,5.8300000000000205,19.95
2009-01-31,0.0,73.09,24.76,0.59,4.1,99.65,0.8000000000000205,20.48
2009-02-01,0.0,71.93,25.06,0.58,3.51,99.75,0.02000000000002043,18.28
2009-02-02,0.01,71.08,25.14,0.58,3.85,99.79,0.010000000000020428,17.77
2009-02-03,0.0,68.4,24.93,0.57,3.03,99.8,0.010000000000020428,15.68
2009-02-04,0.0,68.76,25.26,0.57,3.01,99.84,0.010000000000020428,15.49
2009-02-05,0.0,66.99,25.2,0.56,3.18,99.82,0.0,14.57
2009-02-06,0.0,68.68,24.79,0.56,3.82,99.76,0.0,16.14
2009-02-07,0.0,68.6,24.83,0.55,3.87,99.72,0.0,16.04
2009-02-08,0.0,68.23,25.15,0.55,3.56,99.82,0.0,14.88
2009-02-09,0.0,67.17,25.42,0.54,3.98,99.83,0.0,14.15
2009-02-10,0.0,71.18,25.32,0.54,3.6,99.78,0.0,16.06
2009-02-11,0.07,68.05,25.57,0.53,3.16,99.77,0.07000000000002043,14.17
2009-02-12,0.19,66.73,25.38,0.53,2.78,99.77,0.26000000000002044,13.43
2009-02-13,0.0,65.38,25.0,0.52,3.39,99.65,0.26000000000002044,13.78
2009-02-14,0.0,61.48,25.53,0.52,2.4,99.58,0.19000000000002043,12.16
2009-02-15,0.0,66.96,25.41,0.52,2.52,99.56,0.0,14.69
2009-02-16,0.0,73.28,25.66,0.51,2.73,99.61,0.0,16.64
2009-02-17,0.0,69.58,25.92,0.51,4.7,99.58,0.0,16.39
2009-02-18,0.0,69.58,25.8,0.5,5.04,99.48,0.0,16.99
2009-02-19,0.01,72.18,26.23,0.5,3.88,99.39,0.010000000000020428,18.22
2009-02-20,0.15,73.62,27.27,0.5,2.17,99.48,0.16000000000002043,17.17
2009-02-21,0.28,73.22,27.54,0.49,3.29,99.5,0.4400000000000205,17.06
2009-02-22,0.71,72.33,27.82,0.49,2.07,99.38,1.1400000000000206,17.14
2009-02-23,1.4,74.87,27.56,0.49,1.85,99.47,2.3900000000000206,17.54
2009-02-24,1.56,75.25,27.74,0.48,1.92,99.56,3.670000000000021,16.76
2009-02-25,1.04,78.84,27.15,0.48,1.89,99.53,4.00000000000002,18.57
2009-02-26,0.01,76.2,27.55,0.48,2.05,99.49,2.6100000000000207,17.66
2009-02-27,0.07,75.47,27.13,0.48,2.23,99.58,1.1200000000000208,16.46
2009-02-28,0.0,70.7,27.74,0.47,1.91,99.56,0.08000000000002065,13.84
2009-03-01,0.0,69.97,27.89,0.47,2.12,99.53,0.07000000000002066,13.9
2009-03-02,0.0,63.97,28.39,0.47,1.57,99.49,0.0,11.38
2009-03-03,0.03,70.04,27.41,0.46,2.64,99.56,0.03000000000002065,13.53
2009-03-04,23.51,75.83,26.87,0.48,2.3,99.59,23.54000000000002,20.08
2009-03-05,1.86,74.6,27.0,0.48,2.54,99.55,25.40000000000002,20.32
2009-03-06,1.79,75.39,27.0,0.48,2.37,99.57,27.160000000000018,20.67
2009-03-07,0.01,70.22,27.5,0.47,2.15,99.48,3.660000000000018,15.0
2009-03-08,5.11,76.2,26.97,0.47,1.86,99.49,6.910000000000018,17.81
2009-03-09,14.96,78.21,26.43,0.48,3.35,99.51,20.08000000000002,21.79
2009-03-10,10.2,80.21,26.26,0.49,1.84,99.63,30.270000000000017,22.83
2009-03-11,10.67,78.22,27.12,0.5,1.45,99.61,35.83000000000002,23.24
2009-03-12,15.28,78.14,27.12,0.51,1.74,99.61,36.15000000000002,23.84
2009-03-13,20.45,79.66,27.03,0.52,1.44,99.68,46.40000000000002,25.77
2009-03-14,19.23,78.29,27.15,0.54,1.92,99.64,54.960000000000015,27.97
2009-03-15,2.63,78.59,26.75,0.55,2.04,99.59,42.310000000000024,27.02
2009-03-16,3.02,77.01,27.14,0.55,1.72,99.54,24.880000000000017,23.86
2009-03-17,14.3,81.64,26.41,0.55,1.75,99.56,19.950000000000017,24.9
2009-03-18,0.88,74.01,27.2,0.56,1.95,99.54,18.20000000000002,22.09
2009-03-19,0.03,71.02,27.82,0.55,1.68,99.53,15.210000000000019,19.87
2009-03-20,1.39,75.96,27.47,0.55,1.77,99.58,2.3000000000000176,19.56
2009-03-21,0.69,76.35,27.07,0.54,1.69,99.57,2.1100000000000176,19.32
2009-03-22,0.66,72.78,27.51,0.54,1.47,99.49,2.7400000000000175,18.45
2009-03-23,7.28,74.36,27.56,0.54,1.6,99.6,8.630000000000019,19.2
2009-03-24,14.35,81.56,26.84,0.55,2.05,99.68,22.290000000000017,24.39
2009-03-25,5.49,72.59,27.68,0.55,1.56,99.66,27.12000000000002,21.25
2009-03-26,9.47,81.77,27.18,0.55,2.25,99.57,29.310000000000016,26.61
2009-03-27,9.08,85.73,26.43,0.56,2.2,99.61,24.04000000000002,27.52
2009-03-28,2.56,77.46,27.34,0.56,1.35,99.58,21.110000000000017,23.35
2009-03-29,5.82,78.91,27.02,0.56,1.74,99.55,17.46000000000002,23.85
2009-03-30,6.29,77.86,27.18,0.56,1.57,99.49,14.67000000000002,23.38
2009-03-31,4.1,77.08,27.89,0.56,1.52,99.37,16.21000000000002,24.27
2009-04-01,9.02,76.03,28.37,0.56,1.58,99.37,19.410000000000018,24.36
2009-04-02,4.26,72.34,28.49,0.56,1.28,99.42,17.380000000000017,21.9
2009-04-03,8.7,75.34,27.83,0.56,1.19,99.45,21.980000000000018,23.59
2009-04-04,12.72,78.36,27.76,0.57,1.33,99.48,25.680000000000017,25.7
2009-04-05,11.68,81.76,27.44,0.58,1.71,99.57,33.100000000000016,28.18
2009-04-06,9.98,82.47,27.61,0.59,1.66,99.46,34.380000000000024,30.0
2009-04-07,9.69,82.83,27.55,0.6,1.45,99.37,31.350000000000016,30.74
2009-04-08,10.02,88.06,26.55,0.6,2.31,99.33,29.69000000000002,33.5
2009-04-09,21.33,78.84,27.35,0.62,2.18,99.31,41.04000000000002,32.32
2009-04-10,34.59,89.14,26.22,0.64,5.67,99.1,65.94000000000003,45.09
2009-04-11,15.64,89.04,26.37,0.66,6.84,99.12,71.56000000000003,47.24
2009-04-12,4.74,82.12,27.11,0.67,3.63,99.3,54.97000000000003,38.88
2009-04-13,17.02,85.73,27.2,0.67,4.95,99.24,37.40000000000002,38.87
2009-04-14,6.5,84.22,27.37,0.68,4.77,99.24,28.26000000000002,37.12
2009-04-15,1.48,84.07,27.79,0.68,5.19,99.3,25.000000000000018,36.27
2009-04-16,0.99,86.15,27.84,0.68,4.44,99.23,8.970000000000022,34.81
2009-04-17,0.43,85.43,27.68,0.67,4.54,99.25,2.9000000000000212,33.02
2009-04-18,0.17,82.74,27.8,0.67,3.34,99.44,1.5900000000000214,29.43
2009-04-19,0.17,85.73,27.35,0.66,3.57,99.63,0.7700000000000213,28.67
2009-04-20,0.32,86.91,27.05,0.66,3.93,99.6,0.6600000000000213,29.6
2009-04-21,6.6,85.68,27.17,0.66,4.54,99.49,7.090000000000021,31.34
2009-04-22,16.15,86.58,27.28,0.67,4.84,99.53,23.07000000000002,34.48
2009-04-23,2.46,84.77,27.45,0.67,4.29,99.58,25.210000000000022,33.34
2009-04-24,1.76,82.37,27.7,0.66,3.91,99.54,20.37000000000002,31.27
2009-04-25,1.22,80.92,27.73,0.66,3.79,99.57,5.440000000000021,27.99
2009-04-26,2.41,81.4,27.68,0.65,2.9,99.56,5.390000000000022,27.37
2009-04-27,2.61,82.76,27.68,0.65,2.35,99.56,6.2400000000000215,27.78
2009-04-28,1.31,82.11,27.59,0.64,3.22,99.62,6.330000000000021,27.06
2009-04-29,1.63,82.55,27.1,0.64,4.25,99.7,5.550000000000021,27.01
2009-04-30,1.87,82.6,27.32,0.63,4.7,99.68,4.810000000000022,26.9
2009-05-01,0.62,82.28,27.35,0.63,4.42,99.63,4.120000000000021,26.93
2009-05-02,1.3,85.27,27.44,0.62,4.66,99.67,3.7900000000000214,27.51
2009-05-03,1.16,86.47,27.61,0.62,4.8,99.66,3.0800000000000214,28.07
2009-05-04,0.97,87.36,27.41,0.62,4.95,99.56,3.430000000000021,29.42
2009-05-05,1.88,85.21,27.55,0.61,4.08,99.57,4.010000000000021,27.62
2009-05-06,1.36,83.89,27.51,0.61,3.59,99.56,4.210000000000021,26.92
2009-05-07,3.23,84.84,27.83,0.61,3.78,99.44,6.470000000000021,28.78
2009-05-08,9.12,88.2,27.34,0.61,3.91,99.42,13.71000000000002,31.58
2009-05-09,5.71,88.08,27.49,0.62,4.87,99.39,18.06000000000002,33.41
2009-05-10,2.22,86.9,27.58,0.61,4.79,99.29,17.050000000000022,33.12
2009-05-11,1.48,86.31,27.75,0.61,5.03,99.31,9.410000000000021,31.64
2009-05-12,4.04,86.52,27.86,0.61,4.78,99.29,7.7400000000000215,31.49
2009-05-13,3.7,85.4,27.65,0.61,5.01,99.26,9.22000000000002,31.63
2009-05-14,2.83,83.32,27.7,0.61,5.87,99.26,10.570000000000022,31.42
2009-05-15,2.83,84.19,27.35,0.61,6.1,99.37,9.36000000000002,30.8
2009-05-16,4.04,84.4,27.21,0.61,4.79,99.43,9.70000000000002,29.73
2009-05-17,3.66,87.01,27.0,0.61,4.32,99.46,10.530000000000022,30.46
2009-05-18,8.11,87.96,26.97,0.62,4.65,99.41,15.810000000000022,32.72
2009-05-19,22.37,87.83,27.39,0.62,6.13,99.41,34.14000000000002,36.34
2009-05-20,23.33,88.06,27.09,0.65,6.75,99.37,53.81000000000002,41.47
2009-05-21,10.81,86.2,26.5,0.66,6.31,99.42,56.51000000000002,40.87
2009-05-22,8.43,87.0,26.86,0.66,7.0,99.38,42.570000000000014,39.73
2009-05-23,6.06,89.68,26.47,0.67,7.02,99.26,25.300000000000022,39.59
2009-05-24,17.81,88.65,26.87,0.67,7.85,99.18,32.30000000000002,41.38
2009-05-25,4.94,90.02,26.3,0.68,6.91,99.24,28.810000000000024,40.82
2009-05-26,6.52,89.22,26.4,0.68,6.71,99.23,29.270000000000024,40.53
2009-05-27,5.31,88.65,26.17,0.68,5.34,99.32,16.770000000000024,36.83
2009-05-28,1.32,89.74,26.64,0.68,5.56,99.35,13.150000000000023,36.59
2009-05-29,1.28,90.54,26.83,0.68,5.83,99.41,7.910000000000025,35.75
2009-05-30,10.9,90.0,26.9,0.68,6.2,99.39,13.500000000000025,36.77
2009-05-31,8.67,89.86,26.8,0.69,6.11,99.47,20.850000000000026,37.56
2009-06-01,2.29,88.96,26.76,0.69,5.71,99.55,21.860000000000024,36.45
2009-06-02,0.34,86.69,26.88,0.68,5.13,99.59,11.300000000000027,32.76
2009-06-03,0.51,87.75,26.88,0.68,5.92,99.63,3.1400000000000268,32.02
2009-06-04,2.87,89.65,26.94,0.67,6.42,99.55,3.720000000000027,33.43
2009-06-05,9.88,90.56,26.79,0.68,7.23,99.5,13.260000000000028,36.6
2009-06-06,3.77,83.66,26.87,0.68,7.42,99.52,16.520000000000028,34.12
2009-06-07,2.73,87.62,26.75,0.68,6.65,99.51,16.380000000000027,35.44
2009-06-08,3.06,88.77,26.68,0.67,6.16,99.54,9.560000000000027,33.92
2009-06-09,1.51,87.16,26.88,0.67,6.54,99.55,7.300000000000027,33.01
2009-06-10,2.68,86.83,26.75,0.67,6.62,99.54,7.250000000000027,32.99
2009-06-11,8.68,87.15,26.64,0.67,7.22,99.62,12.870000000000026,33.66
2009-06-12,5.49,87.07,26.33,0.67,5.8,99.69,16.850000000000026,32.89
2009-06-13,4.36,86.32,26.54,0.67,5.39,99.74,18.530000000000026,32.2
2009-06-14,2.22,85.01,26.67,0.67,5.3,99.71,12.070000000000027,30.83
2009-06-15,2.6,85.71,26.62,0.67,5.83,99.64,9.180000000000028,31.55
2009-06-16,1.52,86.13,26.55,0.66,5.94,99.56,6.3400000000000265,31.59
2009-06-17,2.15,85.22,26.86,0.66,7.09,99.48,6.270000000000026,32.48
2009-06-18,8.11,86.8,26.51,0.66,7.31,99.44,11.780000000000026,34.47
2009-06-19,15.88,87.62,26.17,0.67,6.97,99.45,26.14000000000003,37.23
2009-06-20,4.19,83.99,26.56,0.68,5.88,99.51,28.180000000000028,35.34
2009-06-21,0.51,87.25,26.48,0.67,5.03,99.55,20.58000000000003,34.31
2009-06-22,2.74,87.9,26.59,0.67,5.64,99.54,7.440000000000027,32.94
2009-06-23,3.92,88.14,26.09,0.67,5.95,99.47,7.170000000000027,33.75
2009-06-24,5.59,90.43,25.92,0.67,5.98,99.5,12.250000000000027,35.29
2009-06-25,15.61,90.67,25.85,0.67,6.91,99.49,25.120000000000026,37.99
2009-06-26,6.76,86.26,25.59,0.68,6.45,99.5,27.960000000000022,36.66
2009-06-27,11.48,86.18,26.1,0.69,5.83,99.42,33.85000000000003,38.31
2009-06-28,6.98,85.86,26.14,0.69,6.21,99.38,25.220000000000027,37.36
2009-06-29,14.3,89.8,25.67,0.7,6.11,99.38,32.760000000000026,40.59
2009-06-30,17.61,90.08,25.62,0.71,6.15,99.54,38.89000000000003,40.77
2009-07-01,12.57,86.52,25.54,0.72,6.86,99.67,44.480000000000025,39.85
2009-07-02,7.84,84.56,25.62,0.72,7.06,99.61,38.020000000000024,38.62
2009-07-03,1.44,86.14,25.64,0.72,6.13,99.49,21.850000000000026,37.26
2009-07-04,2.11,86.64,25.5,0.71,5.14,99.45,11.390000000000025,35.2
2009-07-05,5.8,88.05,25.63,0.71,5.27,99.42,9.350000000000025,35.8
2009-07-06,5.06,87.78,25.46,0.72,4.41,99.45,12.970000000000024,35.96
2009-07-07,1.1,86.54,25.51,0.71,4.64,99.55,11.960000000000026,34.14
2009-07-08,1.33,86.22,25.75,0.71,4.62,99.58,7.490000000000025,33.04
2009-07-09,1.1,88.19,25.61,0.71,4.5,99.61,3.530000000000025,32.94
2009-07-10,0.38,88.87,25.72,0.7,3.91,99.6,2.810000000000025,32.45
2009-07-11,0.17,89.26,25.77,0.7,3.96,99.64,1.650000000000025,32.13
2009-07-12,0.1,88.58,26.01,0.7,4.89,99.54,0.6500000000000249,33.03
2009-07-13,0.35,85.85,26.31,0.69,6.24,99.51,0.6200000000000249,32.42
2009-07-14,1.88,88.79,26.39,0.69,6.22,99.5,2.330000000000025,34.01
2009-07-15,5.78,86.57,25.65,0.69,6.36,99.63,8.010000000000025,32.94
2009-07-16,8.34,88.23,25.46,0.69,5.71,99.62,16.000000000000025,34.64
2009-07-17,14.47,87.89,25.39,0.7,6.01,99.57,28.590000000000025,37.47
2009-07-18,6.18,86.08,25.84,0.7,4.79,99.59,28.990000000000023,35.94
2009-07-19,0.27,88.83,26.02,0.7,5.18,99.65,20.920000000000027,35.55
2009-07-20,0.13,88.43,26.06,0.7,5.99,99.62,6.580000000000025,33.82
2009-07-21,0.11,88.43,26.01,0.69,5.66,99.63,0.5100000000000249,32.18
2009-07-22,0.14,88.93,26.1,0.69,5.11,99.55,0.3800000000000249,32.74
2009-07-23,0.31,88.41,26.09,0.68,4.73,99.6,0.5600000000000249,31.5
2009-07-24,0.45,84.29,26.34,0.68,3.39,99.6,0.9000000000000249,29.08
2009-07-25,0.57,87.16,26.33,0.67,4.41,99.58,1.330000000000025,30.66
2009-07-26,0.95,87.03,26.11,0.67,5.56,99.58,1.9700000000000246,31.33
2009-07-27,1.09,88.05,26.1,0.67,5.69,99.6,2.610000000000025,31.77
2009-07-28,1.37,89.26,26.1,0.66,5.03,99.63,3.410000000000025,31.37
2009-07-29,2.13,85.99,26.2,0.66,4.29,99.68,4.590000000000025,29.35
2009-07-30,4.52,85.58,26.38,0.66,4.69,99.75,8.020000000000024,29.35
2009-07-31,4.34,86.22,26.25,0.66,5.45,99.71,10.990000000000023,30.83
2009-08-01,1.26,87.29,26.2,0.66,5.42,99.64,10.120000000000026,31.72
2009-08-02,0.83,89.07,26.01,0.65,5.46,99.59,6.430000000000025,31.91
2009-08-03,0.59,87.03,26.43,0.65,5.9,99.55,2.6800000000000246,31.03
2009-08-04,1.21,87.13,26.4,0.65,6.65,99.59,2.6300000000000248,31.14
2009-08-05,1.13,85.08,26.54,0.64,6.32,99.58,2.9300000000000246,29.8
2009-08-06,1.67,86.1,26.43,0.64,6.83,99.54,4.010000000000025,31.01
2009-08-07,5.75,88.36,25.92,0.64,6.23,99.56,8.550000000000026,32.19
2009-08-08,4.84,88.84,26.04,0.64,5.84,99.47,12.260000000000025,33.52
2009-08-09,0.94,87.17,26.24,0.64,5.61,99.43,11.530000000000024,32.91
2009-08-10,0.47,86.32,26.35,0.63,5.78,99.37,6.250000000000025,31.89
2009-08-11,1.39,87.25,26.44,0.63,5.59,99.42,2.8000000000000247,31.22
2009-08-12,2.47,87.26,26.45,0.63,6.31,99.44,4.330000000000025,31.69
2009-08-13,4.01,86.93,25.95,0.63,5.07,99.42,7.870000000000025,31.6
2009-08-14,9.1,89.46,25.85,0.63,4.83,99.44,15.580000000000025,33.59
2009-08-15,8.24,87.67,25.68,0.64,4.55,99.45,21.350000000000023,33.92
2009-08-16,21.0,88.49,25.59,0.64,4.23,99.38,38.340000000000025,37.35
2009-08-17,22.54,86.3,25.09,0.67,4.56,99.43,51.78000000000002,39.56
2009-08-18,4.75,87.39,25.28,0.67,3.45,99.4,48.29000000000002,39.13
2009-08-19,9.21,86.85,25.61,0.67,2.74,99.46,36.50000000000002,36.16
2009-08-20,7.56,90.08,25.72,0.68,4.46,99.48,21.52000000000002,36.36
2009-08-21,9.95,90.33,25.97,0.68,5.93,99.6,26.72000000000002,37.07
2009-08-22,5.09,87.43,25.79,0.69,5.82,99.63,22.60000000000002,35.31
2009-08-23,3.25,86.32,25.94,0.68,6.19,99.61,18.29000000000002,34.11
2009-08-24,2.61,86.96,25.98,0.68,5.04,99.62,10.95000000000002,32.52
2009-08-25,3.09,87.12,26.18,0.68,5.1,99.62,8.95000000000002,32.3
2009-08-26,3.37,87.54,26.2,0.68,5.61,99.69,9.070000000000022,32.19
2009-08-27,3.48,87.47,26.14,0.68,6.53,99.65,9.940000000000023,33.13
2009-08-28,4.2,85.55,25.89,0.68,6.49,99.66,11.050000000000022,32.38
2009-08-29,2.67,86.31,26.25,0.67,5.57,99.57,10.350000000000021,32.43
2009-08-30,3.8,86.41,26.19,0.67,5.66,99.59,10.670000000000021,32.41
2009-08-31,4.8,89.28,25.94,0.67,5.39,99.6,11.270000000000021,33.49
2009-09-01,7.55,88.0,26.04,0.67,5.98,99.61,16.15000000000002,33.94
2009-09-02,9.81,87.64,25.59,0.68,6.12,99.58,22.16000000000002,35.49
2009-09-03,4.02,87.48,25.74,0.68,6.43,99.58,21.38000000000002,35.46
2009-09-04,6.39,85.05,25.68,0.68,6.38,99.71,20.220000000000024,33.13
2009-09-05,6.56,86.43,26.05,0.68,7.04,99.68,16.97000000000002,33.82
2009-09-06,11.09,85.0,26.05,0.68,7.33,99.57,24.04000000000002,35.4
2009-09-07,6.59,86.97,26.14,0.69,6.88,99.53,24.24000000000002,36.78
2009-09-08,2.77,88.45,26.26,0.68,6.15,99.56,20.45000000000002,35.75
2009-09-09,0.83,87.75,26.23,0.68,5.65,99.59,10.19000000000002,33.32
2009-09-10,0.38,86.55,26.21,0.68,5.12,99.49,3.9800000000000213,32.39
2009-09-11,0.05,86.69,26.39,0.67,4.37,99.5,1.2600000000000213,31.1
2009-09-12,0.29,83.67,26.44,0.66,3.82,99.57,0.7200000000000213,28.43
2009-09-13,0.16,83.61,26.44,0.66,4.21,99.67,0.5000000000000213,27.74
2009-09-14,0.64,81.95,26.55,0.65,4.81,99.72,1.0900000000000214,26.61
2009-09-15,0.74,86.63,26.38,0.65,4.98,99.53,1.5400000000000214,30.35
2009-09-16,0.55,86.47,26.34,0.64,4.8,99.46,1.9300000000000215,30.41
2009-09-17,1.35,85.84,26.31,0.64,4.93,99.55,2.6400000000000214,29.57
2009-09-18,10.82,87.18,26.23,0.64,5.54,99.64,12.720000000000022,31.3
2009-09-19,6.22,86.63,26.2,0.65,5.52,99.69,18.390000000000022,31.95
2009-09-20,4.63,86.8,26.12,0.65,4.83,99.63,21.67000000000002,32.67
2009-09-21,12.89,87.21,26.36,0.65,5.34,99.58,23.740000000000023,33.86
2009-09-22,11.94,87.51,26.21,0.66,5.35,99.58,29.460000000000022,35.31
2009-09-23,5.29,86.9,26.21,0.66,5.12,99.66,30.12000000000002,34.36
2009-09-24,0.75,86.5,26.19,0.66,4.72,99.71,17.980000000000018,31.65
2009-09-25,0.52,85.47,26.41,0.66,5.62,99.7,6.560000000000022,29.99
2009-09-26,0.52,84.68,26.45,0.65,5.48,99.58,1.7900000000000214,29.42
2009-09-27,0.58,83.35,26.37,0.65,5.97,99.47,1.6200000000000214,30.02
2009-09-28,6.75,84.55,26.8,0.65,7.2,99.44,7.850000000000021,32.42
2009-09-29,20.59,87.19,26.11,0.66,7.75,99.52,27.920000000000023,36.74
2009-09-30,7.84,88.87,26.35,0.66,7.1,99.46,35.18000000000002,38.74
2009-10-01,8.5,87.15,26.16,0.67,8.4,99.46,36.93000000000002,39.41
2009-10-02,1.58,83.0,26.17,0.67,8.8,99.53,17.920000000000023,34.3
2009-10-03,1.07,85.88,26.44,0.66,7.21,99.59,11.150000000000022,32.67
2009-10-04,0.3,84.87,26.33,0.66,6.44,99.7,2.9500000000000215,29.62
2009-10-05,0.16,82.69,26.13,0.65,5.25,99.73,1.5300000000000213,27.15
2009-10-06,0.28,84.94,25.75,0.65,4.42,99.68,0.7400000000000213,27.95
2009-10-07,0.22,84.2,26.11,0.65,5.02,99.6,0.6600000000000213,28.62
2009-10-08,0.19,83.99,26.1,0.64,4.87,99.55,0.6900000000000213,28.45
2009-10-09,0.1,81.61,26.16,0.64,4.37,99.53,0.5100000000000213,27.31
2009-10-10,0.02,82.52,25.84,0.63,3.85,99.63,0.3100000000000213,26.12
2009-10-11,1.33,79.65,26.31,0.62,3.37,99.69,1.4500000000000213,23.9
2009-10-12,1.67,80.99,26.18,0.62,2.58,99.71,3.020000000000021,24.12
2009-10-13,15.33,80.25,25.95,0.62,2.05,99.75,18.33000000000002,25.59
2009-10-14,14.64,82.29,26.04,0.63,1.7,99.71,31.640000000000022,29.11
2009-10-15,4.03,80.8,26.27,0.64,1.68,99.68,34.00000000000002,29.51
2009-10-16,1.57,77.66,26.6,0.64,1.99,99.67,20.240000000000023,26.27
2009-10-17,0.25,76.45,26.59,0.63,2.11,99.59,5.850000000000022,23.81
2009-10-18,6.57,79.64,26.82,0.63,2.06,99.52,8.390000000000022,26.13
2009-10-19,21.05,84.5,26.0,0.64,2.52,99.64,27.870000000000022,30.91
2009-10-20,9.42,81.83,26.13,0.65,1.74,99.73,37.04000000000002,30.46
2009-10-21,4.31,80.03,26.84,0.65,1.8,99.71,34.78000000000002,29.55
2009-10-22,1.55,70.79,27.03,0.65,2.9,99.74,15.28000000000002,22.91
2009-10-23,0.01,68.57,26.52,0.64,2.65,99.67,5.8700000000000205,20.52
2009-10-24,0.04,73.7,26.55,0.63,1.95,99.6,1.6000000000000214,21.81
2009-10-25,0.12,73.97,27.15,0.63,1.53,99.58,0.1700000000000213,21.64
2009-10-26,3.65,73.33,27.35,0.62,1.91,99.58,3.8100000000000214,21.72
2009-10-27,13.87,82.19,26.59,0.63,1.94,99.57,17.640000000000022,28.17
2009-10-28,17.32,81.81,26.72,0.64,1.53,99.49,34.84000000000002,31.59
2009-10-29,8.59,80.39,27.15,0.65,1.38,99.54,39.78000000000002,31.68
2009-10-30,7.66,81.07,26.93,0.65,4.39,99.56,33.57000000000002,32.46
2009-10-31,15.9,82.24,26.69,0.65,4.1,99.47,32.15000000000003,33.33
2009-11-01,7.43,78.12,26.51,0.66,3.97,99.4,30.990000000000023,32.34
2009-11-02,1.78,78.85,26.94,0.66,3.8,99.4,25.110000000000024,31.63
2009-11-03,5.27,79.55,27.01,0.66,2.83,99.38,14.480000000000025,29.91
2009-11-04,19.96,85.61,26.21,0.67,2.43,99.39,27.010000000000026,34.56
2009-11-05,11.41,85.88,26.29,0.68,3.34,99.33,36.64000000000003,37.61
2009-11-06,32.18,86.93,26.21,0.7,4.03,99.35,63.550000000000026,43.33
2009-11-07,35.28,89.09,26.4,0.73,5.03,99.24,78.87000000000003,49.39
2009-11-08,23.99,89.93,26.22,0.76,4.61,99.26,91.45000000000003,52.59
2009-11-09,28.56,89.42,25.3,0.78,2.53,99.28,87.83000000000001,51.36
2009-11-10,3.94,84.83,25.35,0.79,4.02,99.26,56.490000000000016,45.89
2009-11-11,1.19,83.09,26.24,0.79,2.7,99.19,33.69000000000002,41.45
2009-11-12,2.04,84.98,26.65,0.79,2.78,99.28,7.170000000000021,37.37
2009-11-13,7.02,86.28,26.17,0.78,3.53,99.4,10.250000000000021,37.38
2009-11-14,20.77,88.07,26.44,0.79,3.39,99.19,29.83000000000002,43.33
2009-11-15,35.67,91.21,25.54,0.81,5.22,99.22,63.46000000000002,51.52
2009-11-16,17.62,87.47,25.81,0.83,3.68,99.48,74.06000000000002,49.43
2009-11-17,40.53,86.98,26.46,0.84,3.7,99.55,93.82000000000002,52.17
2009-11-18,29.62,86.11,25.07,0.87,3.57,99.74,87.77000000000002,50.46
2009-11-19,6.6,81.87,25.95,0.87,1.43,99.77,76.75000000000001,45.52
2009-11-20,14.57,85.24,25.66,0.87,1.97,99.86,50.79000000000001,42.41
2009-11-21,14.91,85.7,25.83,0.88,2.3,99.83,36.08000000000001,41.15
2009-11-22,7.11,84.72,26.02,0.88,3.01,99.75,36.59000000000001,41.87
2009-11-23,2.34,84.91,25.92,0.88,2.38,99.82,24.360000000000014,39.1
2009-11-24,8.26,80.97,25.96,0.88,1.9,99.86,17.710000000000015,35.79
2009-11-25,6.12,82.88,26.22,0.88,3.73,99.76,16.720000000000013,38.28
2009-11-26,1.17,80.01,25.55,0.88,4.38,99.7,15.550000000000015,37.73
2009-11-27,0.0,77.63,25.18,0.87,4.76,99.75,7.2900000000000125,34.79
2009-11-28,7.06,82.76,25.75,0.86,5.16,99.78,8.230000000000011,36.65
2009-11-29,8.52,82.16,26.05,0.86,4.01,99.76,15.58000000000001,37.1
2009-11-30,3.57,83.09,26.3,0.85,2.91,99.74,19.15000000000001,37.2
2009-12-01,18.83,83.73,26.64,0.85,2.03,99.7,30.92000000000001,39.18
2009-12-02,13.11,85.57,26.56,0.86,2.4,99.68,35.510000000000005,41.47
2009-12-03,6.26,82.63,26.55,0.86,1.51,99.72,38.20000000000001,39.83
2009-12-04,2.53,81.43,26.39,0.86,3.73,99.71,21.90000000000001,38.05
2009-12-05,0.5,82.75,25.92,0.85,4.58,99.63,9.29000000000001,37.34
2009-12-06,0.21,83.14,25.32,0.85,4.35,99.61,3.2400000000000104,36.6
2009-12-07,1.83,84.06,25.35,0.84,5.33,99.62,2.5400000000000107,36.9
2009-12-08,1.17,88.3,25.73,0.84,5.24,99.54,3.2100000000000106,39.42
2009-12-09,2.53,86.63,26.09,0.84,5.55,99.48,5.53000000000001,39.75
2009-12-10,1.18,86.3,25.82,0.83,7.58,99.4,4.8800000000000106,40.86
2009-12-11,0.31,87.48,26.12,0.83,6.23,99.32,4.02000000000001,41.16
2009-12-12,12.5,89.12,26.41,0.83,4.79,99.33,13.99000000000001,42.56
2009-12-13,13.19,88.69,26.04,0.84,4.22,99.46,26.00000000000001,43.29
2009-12-14,2.37,85.31,26.28,0.84,3.58,99.55,28.060000000000013,41.08
2009-12-15,27.25,83.9,26.52,0.84,2.1,99.66,42.81000000000001,41.07
2009-12-16,9.32,86.27,25.95,0.85,2.3,99.77,38.94000000000001,41.08
2009-12-17,1.28,81.68,26.27,0.85,1.56,99.85,37.85000000000001,37.89
2009-12-18,2.45,82.18,26.47,0.84,1.47,99.83,13.050000000000011,33.9
2009-12-19,9.54,85.43,26.31,0.85,3.34,99.84,13.27000000000001,36.66
2009-12-20,2.69,86.05,26.08,0.85,4.22,99.81,14.68000000000001,37.88
2009-12-21,9.1,84.37,26.05,0.85,4.08,99.69,21.33000000000001,39.14
2009-12-22,5.41,83.54,25.57,0.85,4.37,99.7,17.20000000000001,38.21
2009-12-23,3.3,85.03,25.6,0.85,5.01,99.68,17.81000000000001,39.45
2009-12-24,2.32,85.72,26.09,0.84,4.32,99.63,11.03000000000001,38.31
2009-12-25,3.14,90.14,25.49,0.84,4.25,99.65,8.76000000000001,39.62
2009-12-26,7.72,88.43,25.55,0.84,5.38,99.59,13.18000000000001,40.7
2009-12-27,7.94,90.9,25.11,0.84,4.02,99.58,18.80000000000001,41.98
2009-12-28,2.05,87.12,24.64,0.84,1.79,99.71,17.710000000000008,37.91
2009-12-29,5.16,88.15,24.75,0.85,2.53,99.68,15.150000000000011,39.02
2009-12-30,0.68,80.42,25.48,0.84,3.17,99.65,7.89000000000001,34.78
2009-12-31,0.03,81.02,24.9,0.84,4.16,99.66,5.870000000000011,35.16
2010-01-01,0.08,82.05,25.01,0.83,5.05,99.61,0.7900000000000107,35.28
2010-01-02,0.63,85.01,24.97,0.82,5.42,99.74,0.7400000000000106,35.21
2010-01-03,2.73,86.1,24.93,0.82,5.79,99.78,3.4400000000000106,35.96
2010-01-04,0.11,81.95,24.39,0.82,5.07,99.7,3.4700000000000104,34.49
2010-01-05,0.0,79.04,23.47,0.81,4.66,99.59,2.8400000000000105,33.44
2010-01-06,0.0,80.25,23.51,0.8,5.11,99.56,0.11000000000001066,33.59
2010-01-07,0.16,81.73,24.54,0.79,4.96,99.58,0.16000000000001066,33.56
2010-01-08,5.5,88.34,24.96,0.79,4.13,99.57,5.660000000000011,36.86
2010-01-09,16.61,87.4,25.76,0.79,3.34,99.56,22.27000000000001,38.72
2010-01-10,1.04,82.32,25.55,0.8,2.48,99.72,23.15000000000001,35.32
2010-01-11,4.22,81.22,26.04,0.79,1.77,99.87,21.87000000000001,32.59
2010-01-12,18.25,82.83,26.1,0.8,1.51,99.91,23.510000000000012,33.48
2010-01-13,13.17,82.33,26.48,0.8,1.09,99.91,35.640000000000015,34.94
2010-01-14,2.31,81.55,26.11,0.8,3.01,99.93,33.73000000000001,35.18
2010-01-15,0.05,81.6,25.34,0.79,4.87,99.99,15.530000000000014,32.42
2010-01-16,3.16,84.68,25.66,0.79,5.64,100.01,5.520000000000014,32.41
2010-01-17,8.38,84.03,25.48,0.79,6.2,100.04,11.590000000000014,33.13
2010-01-18,1.29,83.87,25.3,0.78,5.48,100.01,12.830000000000013,32.7
2010-01-19,5.34,82.34,25.45,0.78,5.52,99.85,15.010000000000012,33.76
2010-01-20,0.31,80.43,24.82,0.77,5.57,99.91,6.940000000000014,30.78
2010-01-21,0.05,80.8,24.58,0.77,5.94,99.86,5.700000000000014,31.36
2010-01-22,0.0,79.7,24.14,0.76,5.21,99.85,0.3600000000000142,29.33
2010-01-23,0.0,79.46,24.0,0.75,5.07,99.85,0.050000000000014214,28.68
2010-01-24,0.02,77.03,24.66,0.74,2.93,99.78,0.02000000000001421,26.65
2010-01-25,0.05,76.68,24.77,0.74,3.63,99.77,0.07000000000001422,26.97
2010-01-26,0.03,80.92,25.18,0.73,4.37,99.79,0.10000000000001422,28.58
2010-01-27,1.4,83.86,25.9,0.72,5.12,99.72,1.4800000000000142,30.61
2010-01-28,0.3,83.28,25.75,0.72,5.91,99.75,1.7300000000000142,30.58
2010-01-29,0.71,82.16,25.6,0.71,6.16,99.79,2.4100000000000144,29.59
2010-01-30,1.34,84.5,25.8,0.71,5.96,99.8,2.3500000000000143,30.38
2010-01-31,5.47,83.91,25.92,0.7,5.22,99.84,7.520000000000014,29.78
2010-02-01,11.35,84.52,25.94,0.7,4.58,99.81,18.160000000000014,31.62
2010-02-02,6.95,84.09,25.87,0.71,5.69,99.69,23.770000000000014,34.35
2010-02-03,1.28,81.63,25.73,0.7,5.13,99.71,19.580000000000013,31.75
2010-02-04,0.5,80.13,25.56,0.7,4.2,99.76,8.730000000000015,28.49
2010-02-05,0.01,80.05,25.64,0.69,5.46,99.81,1.7900000000000142,27.21
2010-02-06,0.0,79.57,25.17,0.68,6.42,99.8,0.5100000000000142,26.98
2010-02-07,0.01,78.8,24.84,0.68,6.16,99.81,0.02000000000001421,26.35
2010-02-08,0.0,76.98,24.76,0.67,5.59,99.69,0.010000000000014211,25.86
2010-02-09,0.44,75.81,25.45,0.66,3.47,99.63,0.4500000000000142,24.36
2010-02-10,2.34,80.53,26.45,0.66,2.7,99.62,2.780000000000014,26.4
2010-02-11,6.17,81.92,26.65,0.66,3.36,99.73,8.950000000000014,27.39
2010-02-12,0.1,80.68,26.07,0.66,3.97,99.75,8.610000000000014,26.97
2010-02-13,3.42,81.02,26.42,0.65,3.62,99.62,9.690000000000014,27.77
2010-02-14,0.18,76.26,26.14,0.65,2.88,99.56,3.7000000000000144,24.91
2010-02-15,0.0,72.61,26.09,0.65,2.57,99.54,3.6000000000000143,23.35
2010-02-16,4.02,81.29,26.0,0.64,3.47,99.62,4.2000000000000135,26.51
2010-02-17,3.92,84.48,26.48,0.64,3.7,99.67,7.940000000000014,28.16
2010-02-18,0.17,77.3,26.56,0.64,2.54,99.8,8.110000000000014,23.42
2010-02-19,0.0,77.78,26.82,0.63,2.03,99.84,4.090000000000014,21.96
2010-02-20,0.01,75.3,26.7,0.63,1.52,99.83,0.18000000000001423,20.1
2010-02-21,0.0,72.92,26.75,0.62,2.36,99.79,0.010000000000014211,19.43
2010-02-22,0.0,74.9,26.76,0.62,3.41,99.74,0.010000000000014211,21.26
2010-02-23,0.02,68.72,26.57,0.61,1.68,99.73,0.02000000000001421,17.37
2010-02-24,0.77,74.21,26.68,0.6,2.18,99.65,0.7900000000000142,20.33
2010-02-25,0.18,75.19,27.01,0.6,1.92,99.67,0.9700000000000142,20.47
2010-02-26,0.0,72.03,27.16,0.6,1.9,99.69,0.9500000000000142,18.95
2010-02-27,0.0,66.6,27.28,0.59,2.14,99.66,0.1800000000000142,16.48
2010-02-28,0.0,68.86,27.09,0.58,2.03,99.72,0.0,16.43
2010-03-01,0.0,65.54,26.79,0.58,2.09,99.79,0.0,14.46
2010-03-02,0.0,60.86,26.71,0.57,2.4,99.74,0.0,12.64
2010-03-03,0.0,62.74,26.19,0.57,2.05,99.67,0.0,13.84
2010-03-04,0.2,75.81,26.29,0.56,2.67,99.73,0.20000000000001422,18.82
2010-03-05,0.0,76.91,26.45,0.56,2.74,99.78,0.20000000000001422,18.9
2010-03-06,0.07,76.36,25.97,0.55,3.31,99.85,0.27000000000001423,17.98
2010-03-07,0.43,78.79,27.17,0.55,2.84,99.76,0.5000000000000142,19.55
2010-03-08,0.65,77.04,27.91,0.55,1.74,99.72,1.1500000000000141,18.65
2010-03-09,0.43,71.48,28.12,0.54,1.87,99.78,1.5100000000000142,15.49
2010-03-10,0.01,68.64,27.79,0.54,1.58,99.78,1.0900000000000143,14.06
2010-03-11,0.09,71.05,27.79,0.54,2.55,99.84,0.5300000000000142,15.02
2010-03-12,1.0,70.24,28.25,0.53,2.64,99.89,1.1000000000000143,13.97
2010-03-13,0.99,73.44,27.85,0.53,2.07,99.8,2.0800000000000143,15.93
2010-03-14,0.55,71.77,28.33,0.53,2.15,99.68,2.5400000000000142,16.34
2010-03-15,0.46,70.07,28.2,0.52,1.86,99.66,2.000000000000014,15.13
2010-03-16,0.19,70.24,28.19,0.52,1.71,99.68,1.2000000000000144,14.82
2010-03-17,0.14,65.43,27.79,0.52,1.28,99.75,0.7900000000000144,11.9
2010-03-18,0.75,68.16,27.66,0.51,2.85,99.81,1.0800000000000143,13.02
2010-03-19,0.88,70.51,28.05,0.51,3.2,99.69,1.7700000000000142,15.33
2010-03-20,0.16,69.45,28.25,0.51,2.38,99.58,1.7900000000000142,15.36
2010-03-21,1.37,71.35,28.11,0.5,2.3,99.52,2.4100000000000144,16.3
2010-03-22,3.79,78.96,27.69,0.5,2.31,99.43,5.3200000000000145,20.74
2010-03-23,4.19,77.95,27.96,0.5,2.06,99.32,9.350000000000016,21.74
2010-03-24,9.92,83.06,27.47,0.51,2.78,99.4,17.900000000000013,25.39
2010-03-25,1.35,78.01,28.12,0.51,2.07,99.47,15.460000000000013,21.89
2010-03-26,11.92,81.61,27.79,0.51,2.57,99.5,23.190000000000012,24.65
2010-03-27,30.45,82.0,27.63,0.53,3.26,99.64,43.72000000000001,28.08
2010-03-28,4.73,72.38,28.05,0.54,2.42,99.67,47.10000000000001,24.25
2010-03-29,4.81,77.71,28.11,0.54,2.45,99.66,39.99000000000001,25.49
2010-03-30,10.79,80.56,27.7,0.54,2.87,99.74,20.33000000000001,23.17
2010-03-31,10.64,81.67,27.56,0.55,4.06,99.75,26.24000000000001,25.55
2010-04-01,3.93,81.57,27.75,0.55,3.84,99.64,25.36000000000001,26.18
2010-04-02,0.65,78.29,28.51,0.55,3.03,99.53,15.220000000000011,23.68
2010-04-03,1.26,77.31,28.45,0.55,2.4,99.54,5.8400000000000105,21.37
2010-04-04,6.92,80.43,27.69,0.55,1.85,99.66,8.83000000000001,21.85
2010-04-05,18.06,83.68,27.31,0.56,2.26,99.6,26.24000000000001,27.11
2010-04-06,10.14,75.02,27.87,0.57,1.62,99.57,35.12000000000001,25.17
2010-04-07,16.71,76.8,28.09,0.58,1.3,99.59,44.91000000000001,27.54
2010-04-08,5.95,76.26,28.42,0.59,1.25,99.66,32.80000000000001,25.22
2010-04-09,5.44,80.81,27.74,0.59,1.62,99.64,28.100000000000012,26.78
2010-04-10,5.49,80.11,27.77,0.59,2.46,99.53,16.88000000000001,26.1
2010-04-11,6.06,75.8,28.11,0.59,3.45,99.4,16.990000000000013,25.91
2010-04-12,4.71,84.35,27.76,0.59,3.79,99.51,16.260000000000012,28.68
2010-04-13,11.88,84.25,27.59,0.59,3.79,99.52,22.650000000000013,29.56
2010-04-14,10.65,86.8,27.62,0.61,3.96,99.51,27.240000000000013,32.38
2010-04-15,3.21,80.74,28.43,0.61,2.48,99.55,25.740000000000013,28.44
2010-04-16,7.55,83.15,28.14,0.61,2.68,99.6,21.41000000000001,28.47
2010-04-17,17.77,85.92,27.72,0.62,2.14,99.67,28.53000000000001,30.31
2010-04-18,15.01,85.59,27.72,0.63,2.46,99.67,40.33000000000001,32.62
2010-04-19,7.74,84.26,27.47,0.64,3.57,99.63,40.52000000000001,33.44
2010-04-20,4.31,85.47,27.65,0.64,3.5,99.48,27.06000000000001,33.07
2010-04-21,15.13,85.5,27.75,0.64,4.42,99.49,27.180000000000014,33.51
2010-04-22,16.75,84.48,28.11,0.66,4.38,99.5,36.19000000000001,35.23
2010-04-23,12.6,87.44,27.83,0.66,3.93,99.56,44.48000000000001,37.04
2010-04-24,17.12,86.57,26.98,0.67,3.79,99.58,46.47000000000001,37.17
2010-04-25,10.48,82.01,27.14,0.68,2.46,99.51,40.20000000000002,34.54
2010-04-26,13.65,88.77,26.63,0.69,2.97,99.71,41.250000000000014,36.59
2010-04-27,9.47,86.17,26.92,0.7,2.31,99.8,33.60000000000002,33.6
2010-04-28,3.62,84.39,27.15,0.7,1.52,99.67,26.74000000000002,32.43
2010-04-29,31.24,82.14,28.11,0.71,2.37,99.54,44.33000000000002,36.21
2010-04-30,28.02,81.93,28.37,0.73,1.99,99.54,62.88000000000002,39.68
2010-05-01,15.92,80.96,27.68,0.75,1.34,99.58,75.18,41.36
2010-05-02,7.88,77.73,28.71,0.75,1.98,99.48,51.820000000000014,37.51
2010-05-03,8.88,85.88,27.77,0.76,3.01,99.38,32.68000000000002,39.78
2010-05-04,12.27,88.6,27.59,0.76,3.3,99.29,29.030000000000015,41.27
2010-05-05,5.36,87.59,27.83,0.77,4.34,99.28,26.510000000000016,41.51
2010-05-06,5.15,88.46,27.68,0.77,3.68,99.22,22.78000000000002,41.44
2010-05-07,8.74,88.21,27.83,0.77,3.74,99.21,19.250000000000018,40.9
2010-05-08,13.03,89.75,27.55,0.78,3.84,99.3,26.920000000000016,42.48
2010-05-09,7.38,86.21,27.52,0.78,4.24,99.32,29.150000000000016,41.38
2010-05-10,1.37,83.4,27.78,0.78,3.18,99.28,21.780000000000015,38.79
2010-05-11,4.33,87.21,27.77,0.78,3.75,99.3,13.080000000000018,39.18
2010-05-12,15.04,87.74,28.05,0.78,3.41,99.32,20.740000000000016,40.26
2010-05-13,20.83,89.54,28.13,0.79,4.66,99.28,40.20000000000002,45.51
2010-05-14,28.77,85.71,27.37,0.81,5.06,99.41,64.64000000000001,47.7
2010-05-15,10.81,84.5,27.66,0.82,4.49,99.33,60.41000000000002,47.3
2010-05-16,32.62,85.08,27.72,0.83,5.02,99.3,72.20000000000002,50.36
2010-05-17,61.88,86.39,27.65,0.86,5.45,99.3,105.31000000000003,57.62
2010-05-18,37.08,88.38,27.18,0.89,7.24,99.31,131.58,64.74
2010-05-19,28.19,87.93,27.24,0.9,7.32,99.29,127.15000000000002,64.49
2010-05-20,29.21,88.83,26.75,0.91,6.88,99.39,94.48000000000002,59.09
2010-05-21,18.19,88.68,26.43,0.92,5.87,99.47,75.59000000000003,55.26
2010-05-22,10.42,87.93,26.61,0.92,5.83,99.47,57.82000000000003,52.13
2010-05-23,9.64,89.81,26.66,0.92,6.02,99.47,38.25000000000002,49.96
2010-05-24,12.05,89.95,26.89,0.92,6.83,99.47,32.11000000000002,49.49
2010-05-25,9.18,89.44,26.83,0.92,6.9,99.51,30.87000000000002,48.79
2010-05-26,4.11,88.9,27.27,0.92,6.82,99.47,25.34000000000002,47.98
2010-05-27,1.41,90.46,27.23,0.92,6.19,99.47,14.70000000000002,46.63
2010-05-28,2.74,89.76,27.23,0.91,5.8,99.54,8.260000000000023,44.1
2010-05-29,2.2,89.14,27.17,0.91,5.46,99.52,6.350000000000022,43.52
2010-05-30,1.89,88.23,27.0,0.9,5.57,99.53,6.830000000000021,42.76
2010-05-31,0.86,85.51,27.14,0.9,5.2,99.57,4.9500000000000215,40.78
2010-06-01,0.23,83.86,27.46,0.89,4.44,99.54,2.9800000000000213,39.19
2010-06-02,1.53,86.88,27.39,0.88,4.39,99.58,2.6200000000000214,39.63
2010-06-03,2.9,89.79,27.14,0.88,4.62,99.67,4.6600000000000215,40.55
2010-06-04,2.0,90.39,27.39,0.88,5.61,99.72,6.430000000000021,41.2
2010-06-05,8.25,85.37,27.15,0.87,5.84,99.68,13.150000000000022,40.16
2010-06-06,9.25,85.14,27.08,0.87,6.5,99.59,19.50000000000002,42.17
2010-06-07,8.2,85.81,26.78,0.88,6.35,99.56,25.70000000000002,44.02
2010-06-08,3.46,83.73,26.2,0.87,7.02,99.53,20.91000000000002,42.58
2010-06-09,7.29,86.18,26.32,0.87,7.54,99.45,18.95000000000002,44.27
2010-06-10,21.1,85.51,26.62,0.88,7.73,99.35,31.850000000000023,47.37
2010-06-11,22.74,86.96,26.61,0.89,8.22,99.32,51.130000000000024,51.95
2010-06-12,20.63,86.7,26.48,0.89,6.77,99.34,64.47000000000003,52.99
2010-06-13,6.47,88.98,26.25,0.9,5.74,99.47,49.84000000000002,50.43
2010-06-14,6.47,87.02,26.12,0.89,4.3,99.62,33.57000000000002,44.58
2010-06-15,3.51,88.09,26.34,0.89,2.83,99.56,16.45000000000002,42.06
2010-06-16,7.22,89.54,26.25,0.89,2.97,99.61,17.20000000000002,42.45
2010-06-17,5.67,90.3,26.32,0.89,4.26,99.64,16.40000000000002,43.09
2010-06-18,4.73,83.82,26.19,0.89,3.87,99.64,17.620000000000022,40.32
2010-06-19,11.83,87.44,26.39,0.89,4.63,99.58,22.23000000000002,43.5
2010-06-20,9.94,87.64,26.57,0.89,4.74,99.57,26.50000000000002,44.4
2010-06-21,5.3,87.46,26.61,0.89,4.38,99.57,27.070000000000018,44.21
2010-06-22,6.15,87.08,26.43,0.88,6.58,99.56,21.390000000000022,44.01
2010-06-23,18.3,87.73,26.52,0.88,7.68,99.56,29.75000000000002,46.19
2010-06-24,8.59,84.44,26.56,0.88,6.55,99.47,33.04000000000002,45.46
2010-06-25,1.76,86.4,26.36,0.88,6.56,99.35,28.650000000000027,46.61
2010-06-26,4.25,88.04,26.54,0.87,6.03,99.38,14.600000000000025,44.14
2010-06-27,7.09,90.8,26.51,0.87,4.52,99.39,13.100000000000025,44.18
2010-06-28,9.96,90.44,26.31,0.87,5.68,99.44,21.300000000000026,45.52
2010-06-29,4.07,86.86,26.36,0.87,6.56,99.48,21.120000000000026,44.11
2010-06-30,6.04,88.43,25.82,0.87,6.64,99.46,20.070000000000025,44.82
2010-07-01,9.6,88.09,25.83,0.87,6.52,99.47,19.710000000000026,44.48
2010-07-02,6.08,90.07,25.76,0.87,5.52,99.41,21.720000000000027,45.59
2010-07-03,6.05,91.35,25.96,0.86,4.78,99.41,21.730000000000025,45.31
2010-07-04,6.78,90.44,26.02,0.86,4.53,99.47,18.910000000000025,43.85
2010-07-05,7.67,90.68,25.95,0.86,5.05,99.48,20.500000000000025,44.4
2010-07-06,1.61,88.68,25.77,0.86,4.77,99.56,16.060000000000024,42.03
2010-07-07,7.64,86.83,26.4,0.86,3.33,99.53,16.920000000000023,40.85
2010-07-08,6.65,87.99,26.22,0.86,3.79,99.56,15.900000000000025,41.18
2010-07-09,11.46,87.96,26.33,0.86,2.69,99.46,25.75000000000003,42.96
2010-07-10,10.3,86.59,26.42,0.86,2.65,99.46,28.410000000000025,42.77
2010-07-11,2.66,88.39,25.75,0.86,4.2,99.6,24.42000000000003,42.57
2010-07-12,2.08,88.95,25.55,0.86,5.56,99.65,15.040000000000026,41.65
2010-07-13,8.19,88.95,25.2,0.86,5.56,99.65,12.930000000000025,41.32
2010-07-14,10.62,87.08,25.72,0.86,6.03,99.52,20.890000000000022,43.12
2010-07-15,14.42,88.2,25.9,0.86,6.22,99.38,33.230000000000025,46.81
2010-07-16,13.19,88.79,25.83,0.86,6.98,99.31,38.230000000000025,48.85
2010-07-17,8.44,88.58,26.16,0.86,6.27,99.42,36.050000000000026,47.11
2010-07-18,9.55,86.57,26.02,0.86,6.48,99.52,31.180000000000025,44.77
2010-07-19,11.86,86.68,25.08,0.86,6.67,99.53,29.850000000000023,44.62
2010-07-20,3.26,89.35,25.38,0.86,5.48,99.47,24.670000000000023,44.8
2010-07-21,1.13,88.78,26.08,0.86,4.61,99.47,16.250000000000025,42.77
2010-07-22,1.68,87.76,26.1,0.85,4.48,99.47,6.070000000000024,40.24
2010-07-23,1.14,89.02,25.96,0.85,4.88,99.51,3.9500000000000246,40.33
2010-07-24,1.73,89.34,25.83,0.85,5.42,99.48,4.550000000000025,41.1
2010-07-25,0.49,89.01,25.79,0.84,5.26,99.45,3.360000000000025,40.51
2010-07-26,0.25,89.25,25.8,0.84,4.61,99.51,2.4700000000000246,39.62
2010-07-27,1.37,87.95,25.95,0.83,5.44,99.6,2.110000000000025,38.28
2010-07-28,3.66,89.05,25.41,0.83,6.26,99.52,5.280000000000025,40.36
2010-07-29,1.12,87.24,25.4,0.83,5.7,99.44,6.150000000000025,40.1
2010-07-30,0.61,88.26,25.35,0.82,5.87,99.52,5.390000000000025,39.41
2010-07-31,0.04,89.32,25.5,0.82,4.46,99.58,1.7700000000000249,38.03
2010-08-01,0.05,90.47,25.41,0.81,3.7,99.63,0.7000000000000248,37.09
2010-08-02,0.52,90.6,25.57,0.81,4.3,99.57,0.6100000000000249,37.96
2010-08-03,3.53,90.89,25.6,0.8,5.11,99.53,4.1000000000000245,38.98
2010-08-04,1.83,90.91,25.76,0.8,4.7,99.49,5.880000000000025,39.38
2010-08-05,0.16,92.35,25.98,0.8,3.94,99.54,5.520000000000024,39.11
2010-08-06,0.2,92.52,26.07,0.8,4.74,99.62,2.190000000000025,38.42
2010-08-07,0.21,90.45,26.16,0.79,4.86,99.6,0.5700000000000249,37.1
2010-08-08,0.5,91.03,26.2,0.79,5.1,99.52,0.9100000000000248,38.2
2010-08-09,1.46,90.55,26.08,0.79,5.29,99.49,2.170000000000025,38.54
2010-08-10,1.22,90.49,26.14,0.78,5.21,99.41,3.1800000000000246,38.88
2010-08-11,1.32,91.3,26.02,0.78,5.32,99.39,4.000000000000025,39.58
2010-08-12,3.67,90.63,25.6,0.78,5.81,99.34,6.210000000000025,40.33
2010-08-13,4.31,89.01,25.62,0.78,5.9,99.37,9.300000000000026,39.93
2010-08-14,10.83,89.66,25.67,0.78,5.34,99.41,18.810000000000024,41.06
2010-08-15,11.87,91.0,25.46,0.78,7.06,99.47,27.010000000000023,43.34
2010-08-16,2.92,89.51,25.2,0.78,6.08,99.56,25.620000000000026,41.2
2010-08-17,0.5,89.8,25.35,0.78,6.5,99.41,15.290000000000022,41.19
2010-08-18,0.12,88.89,25.48,0.77,5.54,99.38,3.540000000000023,38.27
2010-08-19,2.72,91.23,25.16,0.77,3.64,99.4,3.3400000000000234,38.03
2010-08-20,30.06,92.22,25.14,0.78,3.94,99.43,32.90000000000002,43.43
2010-08-21,27.52,90.43,24.86,0.81,3.59,99.45,60.300000000000026,47.88
2010-08-22,1.94,90.48,25.28,0.81,5.47,99.38,59.52000000000002,49.39
2010-08-23,1.18,89.22,25.43,0.8,5.89,99.3,30.640000000000025,44.79
2010-08-24,3.49,90.45,25.27,0.8,6.57,99.21,6.610000000000025,42.67
2010-08-25,1.41,88.85,25.14,0.79,7.11,99.34,6.080000000000025,40.68
2010-08-26,1.71,88.73,25.04,0.79,6.74,99.5,6.610000000000025,39.17
2010-08-27,0.24,88.71,25.2,0.78,5.21,99.52,3.3600000000000247,37.23
2010-08-28,5.84,91.63,25.4,0.78,5.05,99.52,7.790000000000025,39.08
2010-08-29,13.37,91.47,25.47,0.79,6.18,99.58,19.450000000000024,41.37
2010-08-30,12.13,89.99,24.85,0.79,6.3,99.67,31.340000000000025,41.92
2010-08-31,0.95,88.04,25.04,0.79,4.29,99.58,26.450000000000024,40.0
2010-09-01,0.06,88.22,25.26,0.79,4.09,99.58,13.140000000000025,37.88
2010-09-02,0.08,87.69,25.48,0.78,4.48,99.62,1.0900000000000247,35.21
2010-09-03,0.44,89.3,25.71,0.78,5.1,99.52,0.5800000000000249,36.99
2010-09-04,0.18,88.63,25.77,0.77,5.12,99.54,0.7000000000000248,36.14
2010-09-05,0.14,87.1,25.76,0.77,4.34,99.67,0.7600000000000249,33.99
2010-09-06,1.3,86.96,25.88,0.76,4.58,99.63,1.620000000000025,34.11
2010-09-07,2.11,88.81,25.95,0.76,5.14,99.51,3.5500000000000247,36.5
2010-09-08,1.67,88.45,26.06,0.75,5.03,99.52,5.080000000000025,36.03
2010-09-09,5.98,89.25,25.98,0.75,4.22,99.57,9.760000000000026,36.24
2010-09-10,9.14,89.03,25.57,0.75,4.66,99.55,16.790000000000028,37.66
2010-09-11,2.86,84.47,26.01,0.75,3.21,99.51,17.98000000000003,35.46
2010-09-12,2.59,89.0,25.94,0.75,3.28,99.47,14.590000000000027,37.23
2010-09-13,2.77,88.84,26.04,0.75,5.14,99.49,8.220000000000027,37.0
2010-09-14,1.94,86.56,25.86,0.75,4.7,99.49,7.300000000000027,35.65
2010-09-15,1.87,87.95,25.86,0.74,4.84,99.5,6.580000000000027,35.69
2010-09-16,0.99,88.37,25.89,0.74,5.56,99.48,4.8000000000000265,36.15
2010-09-17,1.68,86.66,26.05,0.74,5.58,99.43,4.540000000000027,35.81
2010-09-18,4.89,88.53,25.54,0.73,6.31,99.36,7.560000000000026,37.64
2010-09-19,6.61,89.55,25.57,0.74,5.49,99.31,13.180000000000026,39.35
2010-09-20,11.1,85.31,25.59,0.74,4.06,99.37,22.600000000000026,37.76
2010-09-21,27.01,85.86,25.29,0.75,3.54,99.48,44.72000000000003,40.68
2010-09-22,13.17,87.57,25.33,0.76,3.64,99.5,51.28000000000003,42.75
2010-09-23,16.32,90.91,25.24,0.77,4.99,99.46,56.50000000000003,46.47
2010-09-24,18.9,89.35,25.43,0.79,5.68,99.5,48.39000000000003,45.42
2010-09-25,6.86,87.63,25.79,0.79,4.21,99.54,42.08000000000003,42.57
2010-09-26,5.62,88.24,25.7,0.79,3.14,99.5,31.380000000000027,40.91
2010-09-27,6.34,88.27,25.61,0.79,3.6,99.53,18.82000000000003,38.94
2010-09-28,26.69,90.31,25.32,0.8,4.17,99.53,38.650000000000034,43.65
2010-09-29,17.22,88.2,25.08,0.82,4.14,99.52,50.25000000000003,45.49
2010-09-30,10.15,88.96,25.2,0.82,3.3,99.36,54.06000000000003,47.3
2010-10-01,28.81,89.08,25.35,0.83,3.53,99.25,56.18000000000002,49.16
2010-10-02,40.83,89.93,25.09,0.85,4.85,99.3,79.79000000000002,54.37
2010-10-03,33.91,91.45,25.22,0.87,4.44,99.4,103.55000000000001,58.53
2010-10-04,8.44,89.54,25.84,0.88,4.51,99.34,83.18,55.48
2010-10-05,5.71,88.87,26.23,0.88,6.1,99.27,48.06000000000002,51.13
2010-10-06,11.85,88.74,26.32,0.88,7.39,99.29,26.00000000000002,48.14
2010-10-07,17.44,89.46,26.29,0.89,7.09,99.34,35.00000000000003,49.7
2010-10-08,9.96,90.08,26.29,0.89,6.75,99.4,39.25000000000003,49.95
2010-10-09,7.05,90.33,26.09,0.89,6.53,99.45,34.450000000000024,48.76
2010-10-10,1.87,87.72,25.96,0.88,5.22,99.47,18.880000000000024,43.91
2010-10-11,1.47,87.24,26.06,0.88,5.42,99.63,10.390000000000022,41.14
2010-10-12,0.63,87.34,25.96,0.87,5.09,99.73,3.9700000000000215,38.73
2010-10-13,0.07,86.16,25.58,0.87,4.32,99.66,2.1700000000000212,38.12
2010-10-14,0.1,86.42,25.43,0.86,5.32,99.59,0.8000000000000214,38.72
2010-10-15,0.32,85.33,25.51,0.85,5.81,99.57,0.4900000000000213,38.22
2010-10-16,2.01,85.76,25.75,0.85,6.52,99.46,2.430000000000021,40.01
2010-10-17,1.9,82.91,25.83,0.84,5.7,99.49,4.230000000000021,37.97
2010-10-18,2.16,83.89,25.7,0.83,5.24,99.56,6.070000000000022,37.41
2010-10-19,2.43,83.45,25.5,0.83,4.52,99.59,6.4900000000000215,36.65
2010-10-20,0.19,83.68,25.05,0.82,4.21,99.59,4.780000000000022,35.89
2010-10-21,0.38,85.27,25.29,0.82,4.85,99.49,3.0000000000000213,37.47
2010-10-22,0.87,83.18,25.54,0.81,5.49,99.47,1.4400000000000213,36.43
2010-10-23,0.41,80.46,25.53,0.8,4.72,99.51,1.6600000000000212,34.13
2010-10-24,1.18,87.5,25.81,0.79,4.8,99.47,2.4600000000000213,37.2
2010-10-25,1.25,88.04,25.67,0.79,4.19,99.51,2.840000000000021,36.82
2010-10-26,0.78,84.36,25.47,0.78,3.57,99.6,3.2100000000000213,33.81
2010-10-27,3.44,84.23,25.27,0.78,3.12,99.68,5.470000000000021,33.19
2010-10-28,14.03,85.96,25.24,0.78,2.92,99.65,18.25000000000002,36.08
2010-10-29,18.75,84.63,25.91,0.79,3.09,99.52,36.22000000000002,39.94
2010-10-30,10.66,89.2,25.43,0.8,2.54,99.56,43.440000000000026,42.8
2010-10-31,8.51,88.92,25.42,0.8,3.37,99.58,37.92000000000002,42.1
2010-11-01,4.55,87.4,25.84,0.81,4.54,99.41,23.72000000000002,41.71
2010-11-02,1.16,83.57,25.92,0.8,3.67,99.49,14.22000000000002,37.03
2010-11-03,1.65,88.2,25.76,0.8,2.71,99.64,7.360000000000021,36.13
2010-11-04,24.77,87.93,25.68,0.8,2.59,99.69,27.58000000000002,38.71
2010-11-05,26.63,86.99,24.98,0.83,3.63,99.66,53.05000000000002,44.39
2010-11-06,5.7,83.59,24.74,0.84,4.5,99.51,57.10000000000002,45.74
2010-11-07,11.38,86.34,26.07,0.84,6.63,99.28,43.71000000000002,47.89
2010-11-08,9.08,85.17,26.23,0.84,5.13,99.46,26.160000000000025,42.31
2010-11-09,10.1,86.03,26.0,0.84,3.16,99.75,30.560000000000024,39.87
2010-11-10,33.69,88.08,25.65,0.85,3.73,99.85,52.87000000000002,44.13
2010-11-11,14.37,86.62,24.8,0.86,3.97,99.82,58.16000000000002,45.15
2010-11-12,4.99,85.38,25.61,0.86,2.92,99.52,53.05000000000002,45.77
2010-11-13,14.1,84.89,26.26,0.86,2.3,99.36,33.46000000000002,43.5
2010-11-14,8.22,84.67,26.53,0.86,1.72,99.58,27.310000000000024,40.28
2010-11-15,8.63,80.54,26.49,0.86,2.38,99.65,30.950000000000024,38.87
2010-11-16,12.96,83.04,25.77,0.86,2.42,99.49,29.810000000000024,41.11
2010-11-17,18.01,84.23,25.57,0.87,1.93,99.53,39.60000000000002,42.98
2010-11-18,13.49,80.14,26.33,0.88,1.41,99.61,44.46000000000002,41.48
2010-11-19,10.62,89.34,25.14,0.88,2.43,99.57,42.12000000000002,45.9
2010-11-20,18.01,88.66,25.18,0.88,2.68,99.44,42.12000000000002,46.83
2010-11-21,21.85,86.3,25.14,0.89,3.5,99.43,50.48000000000002,48.1
2010-11-22,52.88,85.02,25.25,0.91,2.36,99.37,92.74000000000004,54.92
2010-11-23,6.24,90.94,24.74,0.92,3.57,99.33,80.97000000000003,57.0
2010-11-24,45.92,90.18,24.8,0.93,3.44,99.36,105.04000000000003,60.56
2010-11-25,24.41,88.39,25.1,0.95,2.97,99.35,76.57000000000002,56.0
2010-11-26,29.04,92.55,25.29,0.95,6.45,99.29,99.37000000000003,63.73
2010-11-27,25.86,90.24,25.22,0.96,3.96,99.33,79.31000000000002,58.35
2010-11-28,22.38,91.07,25.31,0.96,4.35,99.26,77.28000000000003,59.18
2010-11-29,12.0,82.37,25.69,0.96,3.81,99.38,60.240000000000016,51.51
2010-11-30,24.63,87.34,25.07,0.96,2.92,99.32,59.01000000000002,53.45
2010-12-01,20.8,91.52,24.77,0.97,2.62,99.25,57.43000000000002,55.82
2010-12-02,36.14,84.27,25.43,0.97,1.94,99.35,81.57000000000002,55.33
2010-12-03,9.14,89.7,25.46,0.97,3.5,99.25,66.08000000000003,56.89
2010-12-04,27.39,90.23,25.06,0.97,5.53,99.12,72.67000000000002,60.33
2010-12-05,29.5,88.69,24.43,0.98,6.95,99.1,66.03000000000003,60.0
2010-12-06,9.54,89.6,24.5,0.97,3.99,99.2,66.43000000000002,57.58
2010-12-07,20.68,89.81,25.66,0.97,6.15,99.25,59.72000000000002,57.37
2010-12-08,19.11,86.37,25.63,0.97,6.18,99.41,49.33000000000002,52.95
2010-12-09,21.76,88.42,25.0,0.97,7.01,99.51,61.550000000000026,55.35
2010-12-10,5.23,87.05,25.38,0.97,5.66,99.52,46.10000000000002,51.53
2010-12-11,1.48,85.1,25.31,0.96,4.34,99.47,28.470000000000024,47.21
2010-12-12,0.45,85.45,25.38,0.96,3.65,99.37,7.1600000000000215,44.48
2010-12-13,0.0,79.14,25.16,0.95,2.93,99.46,1.9300000000000213,39.42
2010-12-14,1.27,78.4,25.41,0.95,1.85,99.54,1.7200000000000213,37.82
2010-12-15,4.34,81.49,25.49,0.94,1.45,99.5,5.610000000000021,39.43
2010-12-16,16.28,83.14,25.22,0.94,1.26,99.53,21.890000000000022,42.34
2010-12-17,4.65,81.27,25.72,0.94,1.91,99.54,25.270000000000024,42.34
2010-12-18,17.81,83.63,25.57,0.94,4.3,99.47,38.74000000000002,47.34
2010-12-19,0.28,80.83,25.1,0.93,4.6,99.55,22.74000000000002,42.7
2010-12-20,3.12,81.18,25.54,0.93,2.71,99.6,21.210000000000015,41.17
2010-12-21,7.62,87.0,25.19,0.92,4.22,99.49,11.020000000000021,43.35
2010-12-22,11.28,89.15,24.9,0.93,5.56,99.36,22.020000000000024,48.23
2010-12-23,23.78,89.63,24.04,0.93,6.02,99.41,42.68000000000002,51.51
2010-12-24,15.77,90.18,23.84,0.94,5.37,99.48,50.83000000000003,52.5
2010-12-25,13.04,91.69,24.83,0.94,5.6,99.34,52.590000000000025,54.72
2010-12-26,2.4,87.15,24.64,0.94,5.86,99.49,31.210000000000022,48.32
2010-12-27,1.21,85.17,24.28,0.93,5.32,99.55,16.650000000000023,43.98
2010-12-28,6.37,88.15,24.4,0.93,4.8,99.46,9.980000000000025,44.67
2010-12-29,9.38,89.66,24.66,0.93,3.77,99.41,16.960000000000026,46.27
2010-12-30,5.34,88.72,25.17,0.93,4.05,99.43,21.090000000000025,46.5
2010-12-31,4.18,87.1,25.11,0.93,2.93,99.45,18.900000000000027,44.7
2011-01-01,7.28,84.25,25.04,0.93,3.31,99.38,16.800000000000026,43.95
2011-01-02,5.25,86.48,25.11,0.93,4.17,99.33,16.710000000000026,45.77
2011-01-03,4.32,88.55,24.65,0.93,5.21,99.39,16.850000000000026,46.72
2011-01-04,7.74,90.36,24.05,0.93,6.18,99.41,17.310000000000024,47.92
2011-01-05,4.43,89.02,24.61,0.93,6.63,99.3,16.490000000000023,48.39
2011-01-06,12.84,87.74,24.67,0.92,7.13,99.32,25.010000000000023,48.86
2011-01-07,6.77,90.59,24.65,0.92,5.52,99.3,24.040000000000024,49.22
2011-01-08,20.12,90.54,24.97,0.92,5.06,99.3,39.730000000000025,51.41
2011-01-09,19.39,92.43,25.07,0.93,5.22,99.36,46.28000000000003,53.25
2011-01-10,13.48,92.28,24.83,0.94,4.91,99.41,52.99000000000003,54.07
2011-01-11,5.49,91.36,24.67,0.94,4.03,99.52,38.36000000000003,49.99
2011-01-12,5.05,89.59,24.38,0.94,4.68,99.49,24.020000000000024,47.59
2011-01-13,3.31,90.65,23.84,0.93,5.89,99.52,13.850000000000025,46.42
2011-01-14,6.83,87.12,24.78,0.93,6.25,99.47,15.190000000000024,45.75
2011-01-15,12.42,90.22,25.23,0.93,4.89,99.51,22.560000000000024,47.15
2011-01-16,1.06,88.52,25.71,0.93,2.96,99.47,20.310000000000024,45.37
2011-01-17,0.84,85.79,25.82,0.92,2.9,99.52,14.320000000000025,42.39
2011-01-18,3.83,85.04,25.33,0.92,3.88,99.55,5.730000000000025,41.01
2011-01-19,0.02,80.49,24.41,0.91,3.71,99.54,4.690000000000024,38.48
2011-01-20,0.0,79.38,23.73,0.9,4.33,99.62,3.850000000000025,37.12
2011-01-21,0.01,80.77,23.64,0.9,4.25,99.63,0.030000000000024868,36.98
2011-01-22,0.02,82.98,24.01,0.89,5.03,99.66,0.03000000000002487,37.67
2011-01-23,0.0,82.63,23.73,0.88,5.18,99.75,0.03000000000002487,36.42
2011-01-24,0.0,83.23,24.05,0.87,5.36,99.69,0.020000000000024873,36.85
2011-01-25,5.3,84.74,24.74,0.87,5.09,99.61,5.300000000000025,38.84
2011-01-26,8.54,87.69,25.27,0.87,4.77,99.62,13.840000000000025,41.18
2011-01-27,7.13,86.95,25.3,0.86,5.23,99.72,20.970000000000024,40.97
2011-01-28,12.91,87.52,25.38,0.86,5.23,99.63,28.580000000000023,43.16
2011-01-29,4.6,89.76,25.06,0.87,5.09,99.59,24.640000000000022,44.18
2011-01-30,8.47,87.14,25.65,0.87,5.31,99.49,25.980000000000025,44.23
2011-01-31,19.84,90.16,24.9,0.87,6.17,99.51,32.910000000000025,46.9
2011-02-01,20.48,91.82,24.79,0.88,6.46,99.47,48.79000000000002,51.01
2011-02-02,15.97,91.52,24.63,0.89,6.76,99.47,56.29000000000003,52.65
2011-02-03,29.55,90.0,25.0,0.9,4.97,99.53,66.00000000000003,52.48
2011-02-04,18.26,91.73,24.58,0.91,7.3,99.58,63.78000000000003,54.13
2011-02-05,5.44,89.28,25.1,0.91,5.98,99.46,53.25000000000003,51.73
2011-02-06,11.13,89.87,25.14,0.91,5.68,99.4,34.83000000000003,49.43
2011-02-07,13.19,92.02,24.77,0.91,7.27,99.35,29.76000000000002,50.82
2011-02-08,3.82,88.54,25.48,0.91,5.75,99.28,28.14000000000002,48.86
2011-02-09,0.4,87.27,25.53,0.9,4.96,99.24,17.41000000000002,46.12
2011-02-10,0.26,83.82,25.01,0.9,5.02,99.44,4.480000000000021,40.98
2011-02-11,0.05,83.5,25.01,0.89,4.58,99.55,0.7100000000000214,38.67
2011-02-12,0.01,82.55,25.01,0.88,5.22,99.54,0.3200000000000213,38.22
2011-02-13,0.0,81.58,24.42,0.88,4.67,99.46,0.06000000000002132,38.14
2011-02-14,0.02,81.27,24.91,0.87,2.66,99.47,0.030000000000021315,36.41
2011-02-15,7.5,84.55,25.49,0.86,2.6,99.55,7.520000000000021,37.85
2011-02-16,0.27,82.41,25.61,0.86,2.75,99.6,7.7900000000000205,36.64
2011-02-17,0.16,80.24,25.96,0.85,1.8,99.6,7.930000000000021,34.81
2011-02-18,0.93,85.14,25.54,0.85,2.34,99.62,1.3600000000000214,35.98
2011-02-19,9.69,88.68,25.44,0.85,2.12,99.68,10.78000000000002,38.34
2011-02-20,9.02,85.21,26.15,0.85,2.15,99.74,19.640000000000022,37.77
2011-02-21,12.75,85.67,26.19,0.85,1.68,99.68,31.460000000000022,40.07
2011-02-22,10.17,81.45,26.36,0.86,1.68,99.64,31.940000000000023,39.11
2011-02-23,0.35,78.99,25.83,0.85,3.21,99.69,23.270000000000024,36.69
2011-02-24,0.96,78.78,25.95,0.85,3.19,99.66,11.480000000000022,34.99
2011-02-25,5.9,78.24,25.64,0.84,2.44,99.52,7.210000000000021,34.44
2011-02-26,0.76,79.73,25.6,0.84,2.99,99.48,7.620000000000021,35.77
2011-02-27,1.11,78.92,25.08,0.83,3.42,99.6,7.770000000000022,34.25
2011-02-28,15.06,86.29,24.99,0.83,5.24,99.58,16.93000000000002,39.97
2011-03-01,3.41,84.71,25.25,0.83,5.25,99.53,19.58000000000002,40.14
2011-03-02,2.05,84.36,25.67,0.82,4.91,99.46,20.52000000000002,40.12
2011-03-03,3.24,84.38,26.02,0.82,2.52,99.51,8.700000000000024,36.56
2011-03-04,1.45,78.7,26.46,0.82,2.03,99.51,6.740000000000023,33.58
2011-03-05,1.88,85.62,25.75,0.81,1.69,99.53,6.570000000000023,35.71
2011-03-06,0.81,78.26,26.38,0.81,2.81,99.63,4.140000000000023,31.97
2011-03-07,0.55,79.34,26.31,0.8,2.55,99.72,3.240000000000023,30.97
2011-03-08,3.19,73.49,26.26,0.8,2.14,99.65,4.550000000000023,29.06
2011-03-09,0.01,71.29,26.21,0.79,1.77,99.62,3.750000000000023,27.63
2011-03-10,0.03,71.48,25.57,0.78,2.36,99.62,3.2300000000000235,27.53
2011-03-11,0.01,73.58,25.1,0.77,2.65,99.53,0.050000000000023095,28.41
2011-03-12,6.11,81.01,26.2,0.77,3.38,99.44,6.1500000000000234,33.67
2011-03-13,13.82,84.83,26.73,0.77,4.52,99.46,19.940000000000023,37.9
2011-03-14,2.12,86.84,26.63,0.77,4.54,99.38,22.050000000000026,39.76
2011-03-15,0.91,85.81,26.54,0.77,4.78,99.3,16.850000000000023,39.31
2011-03-16,3.91,84.66,26.62,0.76,5.16,99.17,6.940000000000022,38.14
2011-03-17,0.15,82.44,26.33,0.76,6.35,99.31,4.970000000000022,36.36
2011-03-18,0.69,83.9,25.88,0.75,3.12,99.34,4.750000000000021,34.52
2011-03-19,1.74,81.54,26.63,0.75,2.22,99.37,2.5800000000000214,32.44
2011-03-20,10.19,84.54,26.6,0.74,2.66,99.42,12.62000000000002,34.69
2011-03-21,7.63,86.51,26.06,0.75,2.65,99.57,19.56000000000002,35.77
2011-03-22,4.51,84.61,26.32,0.75,2.7,99.58,22.33000000000002,35.34
2011-03-23,6.54,88.33,25.72,0.75,2.82,99.56,18.68000000000002,36.58
2011-03-24,8.6,85.57,26.29,0.75,2.97,99.62,19.65000000000002,35.14
2011-03-25,13.45,83.76,26.83,0.75,3.43,99.59,28.590000000000018,36.28
2011-03-26,8.75,83.72,26.72,0.76,3.21,99.63,30.80000000000002,36.57
2011-03-27,5.62,80.72,27.32,0.76,1.76,99.61,27.820000000000018,34.22
2011-03-28,14.6,84.08,27.04,0.76,2.4,99.57,28.97000000000002,36.51
2011-03-29,11.79,84.83,26.79,0.77,2.24,99.64,32.01000000000002,37.05
2011-03-30,1.13,80.94,26.82,0.77,1.84,99.68,27.52000000000002,34.14
2011-03-31,0.01,79.94,26.85,0.76,1.93,99.68,12.930000000000023,31.06
2011-04-01,0.04,80.2,27.04,0.75,2.37,99.65,1.180000000000023,29.39
2011-04-02,0.28,84.11,26.56,0.74,3.14,99.68,0.3300000000000231,30.65
2011-04-03,2.11,83.57,26.4,0.74,2.97,99.72,2.430000000000023,30.33
2011-04-04,11.45,80.44,26.87,0.74,2.62,99.66,13.840000000000021,31.1
2011-04-05,5.82,81.03,26.9,0.74,2.37,99.65,19.380000000000024,32.17
2011-04-06,3.46,74.12,26.91,0.74,1.21,99.65,20.73000000000002,28.83
2011-04-07,8.16,79.64,26.75,0.73,1.78,99.65,17.440000000000023,30.54
2011-04-08,6.96,87.93,26.05,0.74,2.12,99.66,18.580000000000023,34.75
2011-04-09,14.76,87.77,26.18,0.74,2.86,99.74,29.88000000000002,36.19
2011-04-10,5.22,81.43,27.02,0.74,2.03,99.75,26.94000000000002,32.51
2011-04-11,12.85,82.27,27.13,0.74,1.72,99.62,32.83000000000002,34.71
2011-04-12,20.86,88.19,26.23,0.76,2.67,99.6,38.93000000000002,39.71
2011-04-13,7.34,83.52,26.89,0.77,1.79,99.62,41.050000000000026,37.84
2011-04-14,15.77,90.3,26.17,0.77,2.88,99.5,43.97000000000002,42.77
2011-04-15,5.33,87.25,26.32,0.78,2.19,99.48,28.44000000000002,39.26
2011-04-16,8.66,79.81,26.86,0.78,1.69,99.53,29.76000000000002,35.62
2011-04-17,26.67,83.9,26.3,0.79,1.77,99.6,40.660000000000025,38.94
2011-04-18,16.8,84.95,26.46,0.81,1.87,99.47,52.130000000000024,43.18
2011-04-19,18.64,90.68,25.69,0.82,3.98,99.44,62.11000000000002,48.99
2011-04-20,23.57,88.83,25.52,0.83,2.59,99.46,59.01000000000002,47.23
2011-04-21,16.02,88.89,25.84,0.84,2.73,99.43,58.23000000000002,47.88
2011-04-22,26.71,87.85,26.2,0.85,3.95,99.44,66.30000000000003,49.7
2011-04-23,39.15,87.81,25.77,0.88,5.03,99.49,81.88000000000001,53.57
2011-04-24,12.72,87.83,25.55,0.89,3.18,99.5,78.58000000000001,52.4
2011-04-25,11.37,89.09,25.72,0.89,3.73,99.42,63.24000000000001,51.49
2011-04-26,17.37,86.65,26.39,0.9,4.87,99.37,41.460000000000015,48.5
2011-04-27,15.64,82.19,26.91,0.9,4.45,99.33,44.38000000000002,47.17
2011-04-28,26.14,87.04,26.79,0.91,6.02,99.28,59.15000000000002,53.24
2011-04-29,7.02,88.21,27.09,0.91,5.5,99.3,48.80000000000001,51.66
2011-04-30,6.54,88.78,27.07,0.91,5.28,99.41,39.70000000000002,49.43
2011-05-01,9.72,88.01,27.16,0.91,5.75,99.48,23.280000000000015,46.19
2011-05-02,8.13,87.85,27.01,0.91,6.16,99.5,24.390000000000015,46.35
2011-05-03,4.44,88.2,27.44,0.9,6.06,99.44,22.290000000000017,46.2
2011-05-04,1.63,88.72,27.26,0.9,5.1,99.48,14.200000000000015,44.3
2011-05-05,1.54,88.2,27.13,0.9,5.43,99.52,7.6100000000000145,42.88
2011-05-06,0.75,89.0,27.07,0.89,5.31,99.55,3.920000000000014,41.9
2011-05-07,0.38,87.82,27.18,0.89,5.81,99.52,2.670000000000014,41.73
2011-05-08,1.32,88.98,27.11,0.88,5.43,99.44,2.4500000000000144,42.23
2011-05-09,2.44,87.07,26.99,0.88,5.77,99.51,4.140000000000015,41.28
2011-05-10,0.73,84.47,27.0,0.87,5.21,99.56,4.490000000000014,39.09
2011-05-11,1.81,86.34,26.57,0.86,4.91,99.56,4.980000000000015,39.37
2011-05-12,1.8,86.97,26.64,0.86,3.96,99.53,4.340000000000014,39.28
2011-05-13,1.96,85.61,26.74,0.85,3.92,99.5,5.5700000000000145,38.7
2011-05-14,0.7,86.49,26.99,0.84,4.27,99.47,4.460000000000014,38.92
2011-05-15,3.73,87.59,26.83,0.84,4.26,99.57,6.390000000000015,38.84
2011-05-16,3.59,83.75,27.51,0.83,3.08,99.6,8.020000000000014,36.16
2011-05-17,4.12,84.75,27.29,0.83,3.21,99.64,11.440000000000015,36.85
2011-05-18,1.09,83.92,27.09,0.83,3.26,99.63,8.800000000000015,36.2
2011-05-19,0.46,83.69,26.99,0.82,3.7,99.61,5.670000000000014,35.59
2011-05-20,0.35,86.08,27.05,0.81,4.5,99.5,1.9000000000000152,36.94
2011-05-21,5.13,87.36,27.0,0.81,4.75,99.47,5.9400000000000155,38.51
2011-05-22,3.99,88.1,26.58,0.81,3.85,99.47,9.470000000000015,38.89
2011-05-23,6.39,88.77,26.85,0.81,4.0,99.5,15.510000000000016,39.95
2011-05-24,16.66,87.45,27.11,0.81,4.28,99.43,27.040000000000017,41.94
2011-05-25,20.32,88.96,27.17,0.83,4.85,99.3,43.37000000000002,47.39
2011-05-26,14.31,89.45,26.92,0.84,5.92,99.39,51.29000000000001,49.09
2011-05-27,10.86,86.24,26.82,0.84,5.88,99.51,45.490000000000016,45.79
2011-05-28,10.78,85.68,26.71,0.84,6.65,99.51,35.95000000000002,44.47
2011-05-29,13.8,87.37,26.58,0.85,6.36,99.52,35.44000000000001,45.29
2011-05-30,7.1,87.05,26.59,0.85,7.55,99.53,31.680000000000014,45.12
2011-05-31,15.92,87.15,26.61,0.85,7.33,99.44,36.82000000000002,46.61
2011-06-01,19.58,87.59,26.44,0.85,7.01,99.46,42.600000000000016,47.36
2011-06-02,9.43,86.3,26.45,0.86,6.05,99.55,44.930000000000014,46.33
2011-06-03,3.86,88.19,26.61,0.85,5.47,99.52,32.87000000000002,44.75
2011-06-04,8.35,88.69,26.67,0.85,5.28,99.47,21.640000000000015,43.52
2011-06-05,5.16,90.38,26.66,0.85,5.11,99.48,17.37000000000002,43.39
2011-06-06,8.77,88.59,26.72,0.85,4.93,99.48,22.280000000000015,43.3
2011-06-07,12.11,87.65,26.62,0.86,4.29,99.5,26.040000000000017,43.4
2011-06-08,7.22,88.56,26.81,0.86,4.78,99.5,28.100000000000016,44.38
2011-06-09,3.7,88.27,26.69,0.85,5.74,99.47,23.030000000000015,43.8
2011-06-10,2.24,88.03,26.51,0.85,5.43,99.47,13.160000000000018,41.99
2011-06-11,1.66,87.96,26.56,0.85,4.64,99.5,7.600000000000018,40.4
2011-06-12,1.53,89.38,26.45,0.85,4.56,99.58,5.4300000000000175,39.95
2011-06-13,3.61,82.86,26.0,0.84,4.61,99.77,6.800000000000018,35.41
2011-06-14,6.13,86.36,26.05,0.84,5.58,99.78,11.270000000000017,38.04
2011-06-15,4.62,86.87,25.92,0.84,4.76,99.78,14.360000000000017,38.29
2011-06-16,2.27,87.84,26.52,0.84,4.99,99.69,13.02000000000002,39.37
2011-06-17,2.07,87.59,26.54,0.84,5.3,99.6,8.960000000000019,39.55
2011-06-18,2.34,88.79,26.44,0.84,4.7,99.49,6.6800000000000175,40.3
2011-06-19,1.07,86.78,26.73,0.83,5.7,99.39,5.480000000000018,40.22
2011-06-20,0.93,85.18,26.65,0.82,5.73,99.44,4.340000000000018,38.54
2011-06-21,0.19,87.17,26.55,0.82,4.95,99.49,2.1900000000000177,38.2
2011-06-22,0.01,85.16,26.52,0.81,5.4,99.4,1.1300000000000179,37.76
2011-06-23,0.06,84.77,26.5,0.8,5.56,99.33,0.2600000000000178,37.71
2011-06-24,0.15,84.52,26.64,0.8,5.98,99.32,0.22000000000001776,37.91
2011-06-25,1.13,89.15,26.5,0.79,5.96,99.32,1.3400000000000176,39.61
2011-06-26,1.15,91.82,26.32,0.79,5.65,99.36,2.4300000000000175,40.41
2011-06-27,1.05,87.26,26.36,0.79,6.25,99.48,3.330000000000018,37.94
2011-06-28,0.3,85.57,26.1,0.78,5.06,99.41,2.5000000000000178,36.61
2011-06-29,0.03,87.3,26.54,0.77,4.45,99.44,1.3800000000000179,36.16
2011-06-30,0.06,86.54,26.49,0.77,4.82,99.4,0.3900000000000178,36.22
2011-07-01,0.86,89.8,26.16,0.76,4.77,99.42,0.9500000000000177,37.07
2011-07-02,0.42,87.73,26.33,0.76,4.52,99.41,1.3400000000000178,36.2
2011-07-03,0.03,87.44,26.41,0.76,4.28,99.47,1.3100000000000178,35.44
2011-07-04,0.27,88.74,26.33,0.75,4.45,99.49,0.7200000000000178,35.4
2011-07-05,6.13,86.5,26.2,0.75,5.83,99.5,6.4300000000000175,36.01
2011-07-06,4.61,83.76,26.02,0.75,5.31,99.44,11.010000000000018,35.79
2011-07-07,1.07,88.18,26.13,0.75,4.67,99.47,11.810000000000018,37.19
2011-07-08,2.03,84.78,26.18,0.74,5.19,99.71,7.710000000000018,32.95
2011-07-09,3.27,85.77,25.8,0.74,4.23,99.63,6.370000000000017,33.31
2011-07-10,3.18,88.87,25.76,0.74,4.67,99.57,8.480000000000018,35.7
2011-07-11,2.66,88.41,25.88,0.74,6.18,99.48,9.110000000000017,37.18
2011-07-12,3.92,88.43,25.14,0.74,7.07,99.38,9.76000000000002,38.61
2011-07-13,3.01,89.18,25.61,0.73,5.87,99.33,9.590000000000018,38.25
2011-07-14,3.61,89.85,25.74,0.73,6.45,99.47,10.540000000000017,37.82
2011-07-15,7.2,89.85,25.8,0.73,5.41,99.45,13.820000000000018,37.94
2011-07-16,11.28,88.59,25.31,0.74,5.5,99.49,22.090000000000018,38.84
2011-07-17,6.75,87.81,25.49,0.74,5.41,99.42,25.230000000000018,39.54
2011-07-18,5.04,88.2,25.55,0.74,5.01,99.5,23.070000000000014,38.48
2011-07-19,1.03,88.88,25.89,0.74,4.08,99.51,12.820000000000018,36.57
2011-07-20,3.74,87.14,25.84,0.74,5.45,99.59,9.810000000000018,35.43
2011-07-21,2.48,90.87,25.76,0.74,4.86,99.59,7.250000000000018,36.29
2011-07-22,3.59,91.11,25.64,0.74,4.72,99.53,9.810000000000018,37.22
2011-07-23,4.9,91.25,25.44,0.74,4.56,99.44,10.970000000000018,38.13
2011-07-24,9.42,90.63,25.56,0.74,4.89,99.38,17.910000000000018,39.64
2011-07-25,9.07,90.75,25.12,0.75,4.62,99.49,23.39000000000002,39.91
2011-07-26,1.58,88.18,25.66,0.75,5.16,99.58,20.070000000000014,37.83
2011-07-27,1.15,89.26,25.33,0.74,4.91,99.64,11.800000000000018,35.93
2011-07-28,1.58,88.18,25.42,0.74,5.06,99.53,4.310000000000018,35.3
2011-07-29,1.81,88.46,25.69,0.74,5.69,99.5,4.540000000000018,36.05
2011-07-30,3.55,88.13,25.78,0.74,5.15,99.44,6.940000000000017,36.5
2011-07-31,1.2,88.71,25.92,0.73,4.98,99.39,6.560000000000017,36.59
2011-08-01,0.24,87.61,26.1,0.73,5.24,99.43,4.990000000000018,35.68
2011-08-02,0.87,87.35,26.2,0.72,5.9,99.48,2.310000000000018,34.66
2011-08-03,6.68,89.13,26.16,0.72,5.06,99.56,7.790000000000018,35.15
2011-08-04,5.21,89.31,25.99,0.72,4.48,99.62,12.760000000000018,35.19
2011-08-05,8.96,88.93,25.98,0.72,5.44,99.54,20.85000000000002,37.49
2011-08-06,9.37,86.37,25.64,0.73,6.42,99.51,23.54000000000002,38.03
2011-08-07,1.51,85.03,25.93,0.73,5.86,99.44,19.840000000000018,37.17
2011-08-08,2.13,88.32,25.95,0.72,5.27,99.44,13.010000000000016,36.75
2011-08-09,1.64,87.33,26.08,0.72,4.87,99.46,5.280000000000017,34.73
2011-08-10,2.04,89.25,26.01,0.72,5.0,99.49,5.810000000000017,35.45
2011-08-11,0.44,87.81,26.11,0.71,5.74,99.48,4.120000000000018,34.63
2011-08-12,0.92,88.26,25.9,0.71,5.13,99.33,3.400000000000018,35.64
2011-08-13,2.14,84.96,25.94,0.71,5.65,99.27,3.5000000000000178,35.04
2011-08-14,2.04,85.45,25.82,0.7,3.68,99.46,5.100000000000017,32.41
2011-08-15,4.93,88.49,25.65,0.7,4.36,99.57,9.110000000000017,33.78
2011-08-16,5.96,86.94,25.35,0.71,4.07,99.54,12.930000000000017,34.24
2011-08-17,5.95,87.94,25.18,0.71,5.44,99.46,16.840000000000018,36.69
2011-08-18,4.27,84.57,25.5,0.71,5.7,99.47,16.180000000000017,35.21
2011-08-19,0.38,85.5,25.77,0.7,5.31,99.47,10.600000000000017,34.1
2011-08-20,0.73,85.65,26.16,0.7,4.96,99.47,5.380000000000017,33.15
2011-08-21,3.46,87.82,26.04,0.7,5.07,99.51,4.570000000000016,33.67
2011-08-22,7.88,88.2,25.53,0.7,5.81,99.56,12.070000000000018,34.99
2011-08-23,10.34,87.97,25.66,0.7,5.11,99.58,21.680000000000017,35.85
2011-08-24,10.66,88.22,25.41,0.71,6.09,99.56,28.880000000000017,38.21
2011-08-25,6.21,87.72,25.57,0.71,5.29,99.57,27.21000000000002,37.22
2011-08-26,2.26,85.1,26.01,0.71,5.32,99.61,19.130000000000017,34.52
2011-08-27,1.15,84.49,26.11,0.7,6.18,99.64,9.620000000000017,32.56
2011-08-28,1.34,84.79,26.16,0.7,5.87,99.6,4.750000000000018,32.09
2011-08-29,1.87,85.16,26.25,0.69,5.11,99.55,4.360000000000018,31.77
2011-08-30,8.16,86.46,26.49,0.69,5.19,99.56,11.370000000000019,33.38
2011-08-31,9.49,86.63,26.31,0.7,5.49,99.5,19.520000000000017,35.82
2011-09-01,6.79,86.14,26.35,0.7,5.85,99.48,24.44000000000002,36.75
2011-09-02,8.47,88.91,25.67,0.71,4.99,99.55,24.750000000000018,37.34
2011-09-03,2.74,85.56,25.55,0.71,4.05,99.54,18.000000000000018,34.44
2011-09-04,1.39,86.58,26.03,0.7,4.27,99.54,12.60000000000002,33.72
2011-09-05,1.84,87.38,26.2,0.7,5.07,99.57,5.970000000000017,33.2
2011-09-06,2.4,88.06,26.06,0.7,4.76,99.64,5.630000000000016,32.68
2011-09-07,1.43,85.75,25.78,0.7,4.22,99.65,5.670000000000016,31.33
2011-09-08,1.29,84.17,26.48,0.69,4.96,99.56,5.120000000000016,31.3
2011-09-09,9.19,83.87,26.39,0.69,5.82,99.61,11.910000000000016,32.29
2011-09-10,12.26,86.3,26.3,0.7,7.09,99.61,22.740000000000016,36.13
2011-09-11,9.31,88.99,25.76,0.7,7.29,99.5,30.76000000000002,39.56
2011-09-12,25.19,89.92,25.65,0.71,7.62,99.43,46.76000000000002,43.66
2011-09-13,14.17,86.52,25.45,0.73,7.15,99.47,48.670000000000016,42.77
2011-09-14,6.69,85.83,25.82,0.73,6.42,99.48,46.05000000000002,41.59
2011-09-15,8.4,87.73,25.9,0.73,6.07,99.51,29.260000000000016,39.32
2011-09-16,6.37,88.49,26.01,0.73,5.39,99.58,21.460000000000015,37.46
2011-09-17,2.09,88.35,25.99,0.73,4.68,99.57,16.860000000000014,36.38
2011-09-18,1.24,87.81,26.01,0.73,4.14,99.64,9.700000000000015,34.14
2011-09-19,0.05,84.59,26.34,0.72,4.56,99.72,3.380000000000016,30.92
2011-09-20,0.46,85.22,26.06,0.71,5.05,99.82,1.750000000000016,29.93
2011-09-21,4.4,87.13,26.25,0.71,5.65,99.71,4.910000000000016,32.49
2011-09-22,1.52,81.66,26.58,0.71,5.35,99.65,6.380000000000017,30.74
2011-09-23,0.34,82.38,26.74,0.7,4.74,99.56,6.260000000000017,31.03
2011-09-24,0.18,82.04,26.65,0.7,4.7,99.65,2.040000000000016,29.45
2011-09-25,0.28,83.42,26.62,0.69,4.63,99.74,0.800000000000016,28.62
2011-09-26,2.66,85.35,26.42,0.69,4.44,99.73,3.120000000000016,29.78
2011-09-27,1.13,85.23,26.39,0.68,4.23,99.6,4.070000000000016,30.44
2011-09-28,0.17,84.34,26.51,0.68,4.66,99.55,3.960000000000016,30.69
2011-09-29,0.4,82.14,26.52,0.67,4.19,99.53,1.700000000000016,28.9
2011-09-30,2.85,86.66,26.25,0.67,3.59,99.55,3.420000000000016,30.59
2011-10-01,1.18,84.94,26.38,0.67,3.89,99.56,4.430000000000017,30.1
2011-10-02,0.52,81.75,26.55,0.66,3.63,99.56,4.550000000000016,28.2
2011-10-03,1.32,83.2,26.59,0.66,4.04,99.54,3.0200000000000164,28.96
2011-10-04,2.16,84.51,26.51,0.65,4.3,99.53,4.000000000000017,29.47
2011-10-05,0.79,84.54,26.51,0.65,3.98,99.63,4.270000000000017,28.52
2011-10-06,0.07,81.76,26.45,0.65,4.01,99.74,3.0200000000000164,26.24
2011-10-07,0.1,80.57,26.33,0.64,4.24,99.74,0.9600000000000165,25.11
2011-10-08,0.27,79.26,26.58,0.64,4.38,99.69,0.4400000000000165,24.97
2011-10-09,3.64,81.14,26.36,0.63,4.33,99.68,4.010000000000017,25.96
2011-10-10,4.61,84.23,26.01,0.63,4.28,99.7,8.520000000000017,27.78
2011-10-11,5.99,82.41,26.43,0.63,4.45,99.69,14.240000000000016,28.08
2011-10-12,5.36,85.92,26.14,0.64,3.88,99.61,15.960000000000017,30.63
2011-10-13,2.73,86.44,26.27,0.64,3.08,99.49,14.080000000000016,31.13
2011-10-14,4.51,87.01,26.24,0.64,3.15,99.49,12.600000000000017,31.18
2011-10-15,8.3,86.15,26.46,0.64,3.65,99.46,15.540000000000017,31.79
2011-10-16,8.56,84.54,26.58,0.64,3.16,99.41,21.37000000000002,32.18
2011-10-17,13.66,84.57,26.33,0.65,3.79,99.51,30.520000000000017,33.56
2011-10-18,5.79,83.23,26.05,0.65,2.87,99.53,28.010000000000016,31.93
2011-10-19,8.74,84.32,26.38,0.65,2.72,99.44,28.190000000000015,33.09
2011-10-20,7.72,86.57,26.04,0.66,3.25,99.44,22.250000000000014,33.82
2011-10-21,13.91,85.34,26.43,0.66,2.68,99.4,30.370000000000015,34.61
2011-10-22,9.12,87.18,26.13,0.67,3.2,99.37,30.750000000000014,36.4
2011-10-23,15.03,84.02,26.04,0.68,1.95,99.44,38.06000000000002,35.37
2011-10-24,22.19,83.93,26.04,0.69,1.58,99.35,46.34000000000002,37.61
2011-10-25,29.8,83.7,25.91,0.72,1.47,99.33,67.02000000000001,42.14
2011-10-26,11.25,84.66,26.06,0.73,2.24,99.4,63.240000000000016,42.2
2011-10-27,19.54,87.2,25.95,0.74,2.39,99.44,60.59000000000001,43.03
2011-10-28,16.91,84.1,26.34,0.75,3.42,99.38,47.70000000000002,41.18
2011-10-29,11.51,82.31,26.18,0.76,1.25,99.31,47.960000000000015,40.3
2011-10-30,25.18,81.65,26.01,0.78,1.7,99.32,53.600000000000016,41.91
2011-10-31,14.56,86.03,25.7,0.79,2.75,99.38,51.250000000000014,43.88
2011-11-01,23.41,90.2,25.33,0.81,4.43,99.5,63.15000000000001,48.27
2011-11-02,10.32,85.94,25.6,0.82,3.37,99.52,48.29000000000001,43.81
2011-11-03,16.74,86.76,24.9,0.83,2.64,99.57,50.47000000000001,44.11
2011-11-04,1.27,82.9,25.16,0.83,2.22,99.63,28.330000000000013,38.27
2011-11-05,1.3,80.01,26.16,0.83,1.37,99.66,19.310000000000013,34.91
2011-11-06,6.39,85.05,25.91,0.83,1.99,99.67,8.960000000000015,35.68
2011-11-07,16.49,86.55,26.0,0.83,2.86,99.67,24.180000000000014,39.17
2011-11-08,5.23,83.36,26.48,0.84,4.56,99.64,28.110000000000014,40.03
2011-11-09,0.12,79.15,25.98,0.83,4.12,99.58,21.840000000000014,37.11
2011-11-10,0.0,68.78,26.16,0.82,2.89,99.65,5.350000000000015,28.44
2011-11-11,0.06,72.62,26.02,0.82,2.95,99.65,0.1800000000000142,29.29
2011-11-12,0.2,74.15,26.14,0.81,2.27,99.65,0.2600000000000142,29.16
2011-11-13,4.56,76.47,26.51,0.8,2.33,99.6,4.820000000000014,30.89
2011-11-14,2.21,76.77,26.22,0.8,3.2,99.62,6.970000000000014,31.66
2011-11-15,5.68,80.89,26.09,0.79,4.12,99.63,12.450000000000014,34.26
2011-11-16,3.85,81.83,26.48,0.79,3.12,99.56,11.740000000000014,34.59
2011-11-17,10.19,83.99,26.49,0.79,1.6,99.49,19.720000000000013,36.52
2011-11-18,9.79,82.2,26.83,0.79,2.91,99.5,23.830000000000013,37.04
2011-11-19,7.54,84.81,26.65,0.8,3.74,99.45,27.520000000000014,40.01
2011-11-20,14.84,86.17,26.59,0.8,3.36,99.48,32.170000000000016,40.86
2011-11-21,7.31,83.86,26.46,0.81,3.61,99.55,29.690000000000012,39.46
2011-11-22,9.72,87.3,26.23,0.81,5.61,99.44,31.870000000000015,43.27
2011-11-23,9.54,88.16,26.41,0.81,5.26,99.33,26.570000000000014,43.54
2011-11-24,25.46,88.59,26.64,0.82,4.33,99.19,44.72000000000001,47.66
2011-11-25,25.27,87.9,26.39,0.84,5.29,98.99,60.27000000000002,52.86
2011-11-26,8.48,87.38,26.01,0.85,6.76,99.21,59.21000000000002,51.84
2011-11-27,12.4,88.89,25.41,0.85,3.86,99.52,46.15000000000001,46.26
2011-11-28,4.59,83.3,25.93,0.86,2.7,99.53,25.470000000000013,40.36
2011-11-29,8.01,85.91,25.74,0.86,2.53,99.44,25.000000000000014,42.05
2011-11-30,19.81,84.65,26.48,0.86,2.52,99.41,32.41000000000001,42.93
2011-12-01,6.57,80.2,26.08,0.87,2.48,99.52,34.390000000000015,40.83
2011-12-02,2.21,77.75,26.49,0.87,1.57,99.51,28.590000000000018,38.47
2011-12-03,4.66,76.91,26.49,0.87,1.36,99.43,13.440000000000015,36.3
2011-12-04,0.34,74.95,26.22,0.86,2.21,99.48,7.210000000000014,34.11
2011-12-05,0.01,77.77,25.75,0.85,3.44,99.52,5.010000000000014,34.86
2011-12-06,0.14,83.74,25.91,0.85,4.93,99.5,0.49000000000001426,37.66
2011-12-07,0.01,81.26,25.53,0.84,5.76,99.5,0.16000000000001424,36.58
2011-12-08,0.62,81.96,25.91,0.83,3.97,99.48,0.7700000000000142,35.75
2011-12-09,3.68,81.16,26.55,0.83,2.18,99.47,4.310000000000015,35.08
2011-12-10,6.82,84.19,26.39,0.83,2.16,99.51,11.120000000000015,37.09
2011-12-11,6.47,84.47,26.25,0.83,2.87,99.52,16.970000000000013,38.42
2011-12-12,21.78,85.86,25.98,0.83,2.82,99.54,35.070000000000014,41.66
2011-12-13,15.02,86.0,26.23,0.84,3.29,99.52,43.27000000000001,43.85
2011-12-14,3.65,86.37,25.88,0.85,4.14,99.57,40.45000000000002,44.03
2011-12-15,1.43,85.39,25.29,0.84,4.61,99.62,20.100000000000012,39.83
2011-12-16,2.56,82.93,25.4,0.84,4.81,99.62,7.640000000000014,36.94
2011-12-17,2.2,83.92,25.63,0.84,5.9,99.54,6.190000000000014,38.39
2011-12-18,5.07,89.31,25.73,0.83,5.99,99.49,9.830000000000014,41.29
2011-12-19,13.48,89.77,25.76,0.84,4.97,99.49,20.750000000000014,43.07
2011-12-20,6.43,90.39,25.55,0.85,5.95,99.42,24.980000000000015,45.54
2011-12-21,8.2,85.01,25.41,0.85,6.76,99.45,28.110000000000014,43.94
2011-12-22,4.45,85.79,24.54,0.85,6.41,99.5,19.080000000000013,42.24
2011-12-23,9.06,89.15,24.46,0.85,5.5,99.46,21.710000000000015,43.92
2011-12-24,2.29,85.51,25.04,0.85,5.98,99.41,15.800000000000015,42.13
2011-12-25,0.38,85.71,25.14,0.84,5.71,99.43,11.730000000000016,40.84
2011-12-26,0.04,86.9,24.74,0.84,5.21,99.54,2.710000000000014,38.74
2011-12-27,0.48,81.87,24.65,0.83,3.92,99.62,0.9000000000000141,34.53
2011-12-28,0.04,80.37,24.44,0.82,2.56,99.64,0.5600000000000142,32.51
2011-12-29,0.0,83.85,24.87,0.82,4.06,99.56,0.5200000000000141,35.46
2011-12-30,0.04,80.22,25.3,0.81,4.1,99.59,0.08000000000001421,33.2
2011-12-31,1.57,73.55,25.41,0.81,2.44,99.72,1.6100000000000143,28.63
2012-01-01,0.0,66.95,24.92,0.8,1.54,99.72,1.6100000000000143,24.92
2012-01-02,0.0,67.25,24.95,0.79,1.4,99.71,1.5700000000000143,24.62
2012-01-03,0.01,77.89,25.29,0.79,3.08,99.65,0.010000000000014211,30.3
2012-01-04,2.49,82.96,26.07,0.78,1.96,99.62,2.500000000000014,32.06
2012-01-05,9.4,85.38,26.26,0.78,3.37,99.73,11.900000000000015,34.4
2012-01-06,3.98,85.07,25.85,0.78,4.36,99.84,15.870000000000015,34.51
2012-01-07,14.34,82.3,26.2,0.78,2.78,99.88,27.720000000000013,34.0
2012-01-08,9.7,81.34,26.31,0.79,1.99,99.84,28.020000000000017,33.98
2012-01-09,17.78,81.28,26.37,0.79,2.7,99.77,41.82000000000002,37.09
2012-01-10,1.15,79.01,26.07,0.79,2.15,99.77,28.630000000000013,33.76
2012-01-11,1.41,79.4,26.09,0.79,2.59,99.79,20.340000000000014,32.69
2012-01-12,0.04,77.67,25.53,0.78,3.9,99.74,2.600000000000014,29.88
2012-01-13,0.0,79.61,24.62,0.77,5.92,99.78,1.4500000000000142,30.85
2012-01-14,0.01,80.83,24.42,0.77,6.97,99.7,0.050000000000014214,32.39
2012-01-15,0.0,77.89,23.13,0.76,6.62,99.61,0.010000000000014211,31.28
2012-01-16,0.01,76.69,23.55,0.75,4.22,99.56,0.02000000000001421,29.47
2012-01-17,0.0,73.64,24.14,0.74,2.78,99.52,0.010000000000014211,27.31
2012-01-18,0.0,74.47,24.37,0.74,2.11,99.54,0.010000000000014211,27.13
2012-01-19,0.0,71.88,25.09,0.73,1.53,99.54,0.0,25.3
2012-01-20,0.29,78.08,25.18,0.72,1.95,99.61,0.2900000000000142,27.19
2012-01-21,1.06,79.02,25.03,0.72,2.72,99.63,1.3500000000000143,28.0
2012-01-22,0.69,82.26,24.65,0.71,3.44,99.72,2.0400000000000142,28.69
2012-01-23,0.16,80.72,24.46,0.71,4.8,99.73,1.9100000000000141,28.67
2012-01-24,0.01,78.49,24.61,0.7,4.48,99.69,0.8600000000000142,27.3
2012-01-25,0.03,77.07,24.91,0.7,4.13,99.65,0.20000000000001422,26.74
2012-01-26,0.01,77.34,24.99,0.69,4.41,99.65,0.050000000000014214,26.56
2012-01-27,0.76,79.57,25.22,0.68,3.54,99.63,0.8000000000000143,26.9
2012-01-28,0.16,78.47,25.25,0.68,4.26,99.59,0.9300000000000143,27.18
2012-01-29,0.03,77.39,25.07,0.67,4.16,99.59,0.9500000000000142,26.24
2012-01-30,0.04,75.74,24.95,0.66,4.3,99.63,0.23000000000001422,24.75
2012-01-31,0.0,77.83,25.46,0.66,4.26,99.7,0.07000000000001422,25.0
2012-02-01,0.03,78.68,25.29,0.65,5.49,99.68,0.07000000000001422,25.77
2012-02-02,0.14,80.26,25.65,0.65,5.39,99.67,0.17000000000001422,26.49
2012-02-03,0.49,81.35,25.83,0.64,5.78,99.66,0.6600000000000142,26.9
2012-02-04,1.34,82.04,26.14,0.64,5.42,99.62,1.9700000000000144,27.54
2012-02-05,14.18,84.16,25.71,0.63,4.86,99.64,16.010000000000016,29.74
2012-02-06,4.97,79.77,25.49,0.64,3.56,99.6,20.490000000000013,28.64
2012-02-07,2.11,85.4,25.54,0.64,3.93,99.54,21.260000000000012,31.85
2012-02-08,1.76,82.95,26.3,0.64,1.95,99.5,8.840000000000014,28.13
2012-02-09,10.0,84.39,26.26,0.64,2.35,99.5,13.870000000000015,29.75
2012-02-10,2.84,83.34,26.26,0.65,2.13,99.57,14.600000000000016,29.13
2012-02-11,4.88,76.97,26.18,0.64,2.62,99.59,17.720000000000017,26.6
2012-02-12,2.52,74.02,25.14,0.64,3.31,99.64,10.240000000000016,24.13
2012-02-13,0.67,80.13,25.93,0.64,3.65,99.67,8.070000000000016,26.31
2012-02-14,22.55,84.98,25.45,0.64,2.96,99.73,25.740000000000016,30.26
2012-02-15,10.9,83.02,25.39,0.66,2.27,99.71,34.12000000000002,31.39
2012-02-16,4.77,76.64,26.5,0.66,2.23,99.48,38.22000000000001,31.24
2012-02-17,10.41,77.81,25.92,0.66,1.55,99.53,26.080000000000013,29.04
2012-02-18,0.3,75.69,25.92,0.66,3.71,99.61,15.480000000000015,26.97
2012-02-19,0.02,76.5,25.73,0.65,3.69,99.62,10.730000000000015,26.05
2012-02-20,0.55,77.42,26.16,0.65,3.35,99.56,0.8700000000000142,25.21
2012-02-21,0.09,73.96,25.55,0.64,3.61,99.44,0.6600000000000142,24.44
2012-02-22,0.0,72.99,25.45,0.64,2.92,99.41,0.6400000000000142,23.9
2012-02-23,0.0,71.29,25.72,0.63,3.06,99.42,0.09000000000001421,22.66
2012-02-24,0.01,70.38,25.56,0.63,2.86,99.4,0.010000000000014211,22.32
2012-02-25,0.0,75.15,25.33,0.62,3.75,99.23,0.010000000000014211,25.83
2012-02-26,0.83,76.24,26.63,0.62,2.86,99.19,0.8400000000000142,26.28
2012-02-27,9.56,79.7,26.64,0.61,1.84,99.28,10.390000000000015,27.51
2012-02-28,11.05,86.52,25.55,0.62,2.21,99.4,21.440000000000015,31.76
2012-02-29,3.21,79.91,26.38,0.63,1.79,99.34,23.820000000000018,30.03
2012-03-01,0.94,77.98,27.21,0.62,2.33,99.38,15.200000000000015,27.39
2012-03-02,0.88,78.37,27.16,0.62,2.05,99.38,5.0300000000000145,25.81
2012-03-03,0.56,80.18,26.86,0.61,2.48,99.42,2.380000000000014,25.63
2012-03-04,0.34,78.55,27.12,0.61,2.38,99.45,1.7800000000000142,24.54
2012-03-05,1.7,78.65,26.76,0.6,2.41,99.55,2.6000000000000143,23.46
2012-03-06,1.54,77.65,26.86,0.6,2.35,99.52,3.5800000000000143,23.41
2012-03-07,1.19,80.07,26.49,0.6,2.66,99.39,4.430000000000014,25.83
2012-03-08,0.22,81.42,26.51,0.59,4.01,99.4,2.950000000000014,26.39
2012-03-09,0.0,77.14,26.95,0.59,3.54,99.32,1.410000000000014,24.76
2012-03-10,7.98,78.14,27.07,0.59,2.29,99.26,8.200000000000014,26.07
2012-03-11,3.41,72.05,27.13,0.59,1.33,99.34,11.390000000000015,22.8
2012-03-12,3.51,77.78,26.82,0.59,1.95,99.56,14.900000000000015,24.27
2012-03-13,8.01,82.24,27.09,0.59,2.2,99.61,14.930000000000014,25.88
2012-03-14,10.2,78.38,27.54,0.59,2.3,99.66,21.720000000000013,24.95
2012-03-15,27.59,82.4,27.08,0.61,1.59,99.71,45.80000000000001,30.47
2012-03-16,11.5,80.55,27.1,0.62,1.88,99.73,49.290000000000006,30.65
2012-03-17,5.93,78.93,27.35,0.63,1.35,99.69,45.02000000000001,29.76
2012-03-18,0.31,75.01,27.32,0.62,1.79,99.7,17.740000000000013,23.55
2012-03-19,0.09,79.64,26.99,0.62,2.27,99.75,6.330000000000014,23.56
2012-03-20,0.01,74.5,27.24,0.61,2.16,99.7,0.4100000000000142,20.39
2012-03-21,0.04,76.88,26.81,0.6,2.85,99.68,0.14000000000001422,21.47
2012-03-22,0.03,78.41,26.65,0.6,2.78,99.69,0.08000000000001421,21.99
2012-03-23,0.03,72.89,27.24,0.59,1.6,99.71,0.10000000000001422,18.43
2012-03-24,0.03,65.48,27.16,0.59,1.54,99.67,0.09,15.59
2012-03-25,0.04,62.18,26.98,0.58,1.67,99.68,0.10000000000001422,13.75
2012-03-26,1.16,69.09,26.78,0.58,1.82,99.72,1.2300000000000142,16.6
2012-03-27,3.09,71.21,27.06,0.57,1.84,99.79,4.290000000000014,16.98
2012-03-28,8.98,74.32,27.73,0.57,1.29,99.88,13.230000000000015,18.65
2012-03-29,18.03,79.87,27.27,0.58,2.05,99.86,30.100000000000016,24.66
2012-03-30,11.41,84.86,26.58,0.59,2.89,99.75,38.420000000000016,29.88
2012-03-31,4.96,80.68,27.25,0.6,2.26,99.7,34.40000000000001,27.98
2012-04-01,7.85,80.72,27.09,0.6,1.96,99.68,24.220000000000013,26.4
2012-04-02,5.72,81.17,27.23,0.6,2.41,99.79,18.530000000000015,25.02
2012-04-03,2.71,81.67,26.87,0.6,1.89,99.9,16.280000000000012,23.67
2012-04-04,6.5,81.14,26.98,0.6,2.85,99.87,14.930000000000014,24.01
2012-04-05,0.85,81.41,26.87,0.6,3.0,99.68,10.060000000000015,25.03
2012-04-06,2.57,80.33,27.07,0.59,3.01,99.59,9.920000000000014,24.89
2012-04-07,8.09,82.46,27.2,0.59,2.83,99.52,11.510000000000014,26.53
2012-04-08,10.65,84.87,26.57,0.6,2.48,99.52,21.310000000000016,29.33
2012-04-09,13.52,86.62,26.07,0.6,2.53,99.62,32.26000000000001,30.98
2012-04-10,13.46,83.92,26.66,0.62,2.96,99.65,37.63000000000002,31.5
2012-04-11,24.27,82.45,27.19,0.63,2.38,99.54,51.250000000000014,34.05
2012-04-12,15.68,84.93,26.65,0.65,2.48,99.51,53.41000000000001,36.59
2012-04-13,7.75,78.17,27.68,0.65,1.84,99.45,47.70000000000001,32.99
2012-04-14,33.22,81.48,27.65,0.67,1.79,99.52,56.65000000000001,36.03
2012-04-15,25.67,86.65,26.53,0.7,3.0,99.57,66.64000000000001,41.29
2012-04-16,16.56,84.24,26.38,0.71,2.51,99.53,75.45000000000002,42.15
2012-04-17,9.65,84.51,26.36,0.72,2.61,99.43,51.88000000000002,39.88
2012-04-18,7.3,82.35,26.53,0.72,3.84,99.41,33.51000000000001,36.91
2012-04-19,5.57,78.78,27.3,0.72,2.41,99.43,22.520000000000014,32.73
2012-04-20,12.32,82.74,27.17,0.73,2.64,99.56,25.190000000000012,34.29
2012-04-21,6.02,79.2,27.61,0.73,2.65,99.43,23.91000000000001,33.68
2012-04-22,18.33,86.34,27.15,0.74,4.31,99.27,36.67000000000001,41.38
2012-04-23,25.79,86.73,27.19,0.75,4.61,99.26,50.14000000000001,44.33
2012-04-24,25.61,88.56,26.65,0.78,4.95,99.37,69.73,48.71
2012-04-25,7.59,88.15,26.67,0.78,5.54,99.37,58.99000000000001,47.17
2012-04-26,8.23,86.33,27.09,0.79,4.64,99.44,41.430000000000014,42.99
2012-04-27,3.46,86.42,27.24,0.79,5.77,99.51,19.280000000000012,39.57
2012-04-28,2.92,85.16,27.29,0.78,5.37,99.49,14.61000000000001,37.83
2012-04-29,14.16,87.11,27.51,0.78,5.09,99.41,20.54000000000001,40.11
2012-04-30,19.78,85.78,27.3,0.8,5.43,99.36,36.860000000000014,43.56
2012-05-01,1.5,82.62,27.21,0.8,4.91,99.47,35.44000000000001,40.79
2012-05-02,0.48,80.36,27.02,0.79,4.74,99.57,21.760000000000012,36.33
2012-05-03,0.01,79.35,26.44,0.78,5.24,99.54,1.9900000000000106,32.9
2012-05-04,0.0,80.88,26.34,0.78,5.46,99.46,0.49000000000001065,34.1
2012-05-05,0.04,81.58,26.75,0.77,5.9,99.52,0.05000000000001066,33.64
2012-05-06,0.82,82.48,27.1,0.76,4.95,99.52,0.8600000000000106,33.21
2012-05-07,0.83,83.09,27.48,0.76,3.95,99.4,1.6900000000000106,34.07
2012-05-08,0.11,83.76,27.28,0.75,4.33,99.42,1.7600000000000107,33.98
2012-05-09,1.32,81.97,27.01,0.74,4.35,99.56,2.260000000000011,31.71
2012-05-10,2.19,82.73,26.64,0.74,3.93,99.64,3.6200000000000103,31.35
2012-05-11,1.86,84.23,26.88,0.73,4.78,99.54,5.370000000000011,33.13
2012-05-12,1.17,81.5,26.85,0.73,4.94,99.46,5.22000000000001,32.71
2012-05-13,0.7,82.13,26.82,0.72,4.32,99.43,3.7300000000000106,32.24
2012-05-14,0.47,83.45,27.18,0.71,4.69,99.47,2.3400000000000105,32.02
2012-05-15,0.09,80.33,27.17,0.71,4.92,99.58,1.2600000000000107,29.73
2012-05-16,0.14,81.59,27.04,0.7,4.91,99.47,0.7000000000000106,30.67
2012-05-17,0.03,81.44,26.99,0.69,4.74,99.38,0.26000000000001067,30.78
2012-05-18,0.24,83.38,27.41,0.69,4.5,99.39,0.4100000000000107,31.41
2012-05-19,0.44,85.96,27.55,0.68,5.19,99.47,0.7100000000000106,31.83
2012-05-20,0.83,88.84,27.6,0.68,6.27,99.4,1.5100000000000104,34.35
2012-05-21,3.91,83.16,26.79,0.68,5.69,99.52,5.18000000000001,31.19
2012-05-22,2.88,87.21,26.29,0.68,5.7,99.53,7.620000000000011,33.21
2012-05-23,1.65,83.2,26.94,0.67,6.34,99.53,8.44000000000001,31.57
2012-05-24,13.82,85.64,27.05,0.67,7.3,99.47,18.35000000000001,35.18
2012-05-25,20.22,87.72,26.93,0.69,7.17,99.45,35.690000000000005,39.73
2012-05-26,15.13,91.27,26.4,0.71,6.52,99.51,49.17000000000001,43.34
2012-05-27,10.59,88.66,26.2,0.71,7.38,99.47,45.940000000000005,42.53
2012-05-28,7.02,84.62,26.8,0.72,6.71,99.47,32.74000000000001,38.8
2012-05-29,4.44,85.44,26.89,0.72,6.98,99.51,22.050000000000004,37.28
2012-05-30,3.62,86.56,26.8,0.72,6.46,99.45,15.080000000000007,36.89
2012-05-31,1.85,88.58,27.0,0.72,6.97,99.32,9.910000000000007,38.3
2012-06-01,1.25,88.06,26.91,0.71,6.66,99.33,6.720000000000008,36.9
2012-06-02,1.93,89.34,27.02,0.71,6.36,99.37,5.030000000000007,36.68
2012-06-03,4.34,89.46,27.28,0.71,7.16,99.34,7.520000000000007,37.81
2012-06-04,4.01,86.8,27.21,0.71,6.42,99.43,10.280000000000006,35.96
2012-06-05,6.65,84.8,27.16,0.71,6.67,99.45,15.000000000000007,35.82
2012-06-06,11.06,86.23,26.94,0.72,6.61,99.39,21.720000000000006,38.37
2012-06-07,5.7,86.55,26.84,0.72,6.27,99.35,23.41000000000001,38.93
2012-06-08,3.43,87.96,26.86,0.72,5.67,99.45,20.19000000000001,37.85
2012-06-09,2.25,87.2,27.08,0.72,6.22,99.47,11.380000000000008,36.28
2012-06-10,1.39,85.84,27.13,0.72,6.52,99.45,7.070000000000007,35.36
2012-06-11,1.27,84.62,27.04,0.71,6.0,99.38,4.910000000000007,34.38
2012-06-12,5.8,85.06,26.88,0.71,5.69,99.37,8.460000000000008,35.04
2012-06-13,8.81,85.41,26.39,0.71,5.63,99.47,15.880000000000006,35.48
2012-06-14,12.4,88.25,25.82,0.72,6.06,99.53,27.010000000000005,38.59
2012-06-15,1.58,87.02,26.19,0.72,5.56,99.51,22.790000000000006,37.3
2012-06-16,3.01,85.94,26.74,0.72,6.33,99.46,16.990000000000006,36.77
2012-06-17,4.32,84.63,26.74,0.72,6.77,99.56,8.910000000000005,34.34
2012-06-18,3.32,86.12,26.03,0.72,5.25,99.72,10.650000000000006,33.08
2012-06-19,3.59,86.03,26.16,0.72,5.74,99.68,11.230000000000006,33.74
2012-06-20,4.29,86.07,26.18,0.71,6.28,99.58,11.200000000000005,34.46
2012-06-21,2.89,86.06,26.0,0.71,5.49,99.61,10.770000000000005,33.71
2012-06-22,2.13,87.73,26.05,0.71,4.98,99.58,9.310000000000004,34.16
2012-06-23,3.87,86.06,26.36,0.71,5.75,99.5,8.890000000000006,34.47
2012-06-24,6.55,87.36,26.29,0.71,5.67,99.47,12.550000000000004,35.81
2012-06-25,5.23,86.3,26.27,0.71,5.14,99.59,15.650000000000006,34.55
2012-06-26,4.5,85.85,26.13,0.71,5.41,99.67,16.280000000000005,33.94
2012-06-27,4.9,88.45,25.87,0.71,4.69,99.63,14.630000000000006,34.72
2012-06-28,5.93,89.2,25.26,0.71,5.93,99.62,15.330000000000005,35.91
2012-06-29,2.92,86.74,25.87,0.71,5.09,99.52,13.750000000000005,35.0
2012-06-30,4.13,89.1,25.8,0.71,5.57,99.43,12.980000000000004,36.9
2012-07-01,8.47,85.8,25.92,0.71,6.52,99.33,15.520000000000007,37.25
2012-07-02,14.34,86.13,26.01,0.72,6.56,99.3,26.940000000000005,39.88
2012-07-03,5.64,86.23,26.21,0.72,6.35,99.28,28.450000000000006,40.21
2012-07-04,2.48,86.28,26.53,0.72,5.92,99.21,22.460000000000004,39.65
2012-07-05,1.25,84.98,26.6,0.72,5.54,99.31,9.370000000000005,36.0
2012-07-06,1.57,84.65,26.45,0.71,5.87,99.34,5.300000000000005,34.72
2012-07-07,3.3,87.74,26.37,0.71,6.35,99.23,6.1200000000000045,37.34
2012-07-08,7.11,86.26,26.51,0.71,6.76,99.25,11.980000000000006,37.69
2012-07-09,14.89,86.43,25.91,0.71,7.48,99.34,25.300000000000004,39.49
2012-07-10,6.61,82.77,26.35,0.72,6.74,99.4,28.610000000000007,37.97
2012-07-11,0.76,81.05,26.66,0.71,5.91,99.4,22.260000000000005,35.38
2012-07-12,0.16,82.07,26.88,0.71,5.58,99.4,7.530000000000006,33.32
2012-07-13,2.96,85.45,26.64,0.7,5.3,99.33,3.8800000000000052,34.19
2012-07-14,5.9,87.85,26.32,0.7,4.96,99.29,9.020000000000007,36.17
2012-07-15,2.12,89.89,26.13,0.7,3.82,99.35,10.980000000000006,36.22
2012-07-16,0.66,90.24,26.0,0.7,3.35,99.46,8.680000000000007,34.83
2012-07-17,0.92,89.08,25.9,0.7,3.92,99.58,3.7000000000000055,32.86
2012-07-18,1.81,89.45,26.15,0.7,4.92,99.65,3.3900000000000055,32.92
2012-07-19,0.38,87.37,26.26,0.69,5.39,99.61,3.110000000000005,32.16
2012-07-20,0.03,84.35,26.52,0.69,5.74,99.53,2.2200000000000055,31.6
2012-07-21,0.09,85.76,26.6,0.68,5.59,99.55,0.5000000000000053,31.25
2012-07-22,1.43,89.04,26.21,0.68,6.0,99.5,1.5500000000000052,33.45
2012-07-23,3.04,86.98,26.28,0.67,6.02,99.41,4.560000000000005,33.39
2012-07-24,0.65,89.11,26.23,0.67,5.38,99.35,5.120000000000005,34.54
2012-07-25,0.9,91.03,26.1,0.67,5.69,99.43,4.590000000000005,34.77
2012-07-26,0.14,89.27,26.16,0.66,5.66,99.45,1.6900000000000048,32.96
2012-07-27,0.0,88.68,25.83,0.66,4.78,99.39,1.040000000000005,32.64
2012-07-28,0.01,86.43,26.09,0.66,5.17,99.47,0.1500000000000049,31.08
2012-07-29,0.02,85.22,26.42,0.65,4.92,99.62,0.030000000000004884,28.73
2012-07-30,0.07,86.61,26.34,0.65,4.53,99.68,0.10000000000000489,28.62
2012-07-31,0.31,86.62,26.36,0.64,4.33,99.65,0.4000000000000049,28.39
2012-08-01,0.24,85.22,26.26,0.64,4.21,99.66,0.6200000000000049,27.68
2012-08-02,0.03,83.67,26.16,0.63,5.0,99.69,0.580000000000005,26.77
2012-08-03,0.1,84.3,26.34,0.63,5.33,99.64,0.3700000000000049,27.6
2012-08-04,1.21,84.72,26.4,0.63,5.32,99.55,1.3400000000000047,28.68
2012-08-05,2.71,86.6,26.26,0.63,5.0,99.56,4.020000000000005,29.64
2012-08-06,2.45,85.81,26.3,0.62,5.55,99.62,6.3700000000000045,29.05
2012-08-07,3.67,85.29,26.37,0.62,4.99,99.63,8.830000000000005,28.83
2012-08-08,2.86,84.85,26.59,0.62,5.04,99.63,8.980000000000004,28.69
2012-08-09,3.46,83.35,26.52,0.62,5.05,99.57,9.990000000000006,28.72
2012-08-10,7.89,84.65,26.45,0.62,5.61,99.52,14.210000000000004,30.66
2012-08-11,8.43,86.47,26.06,0.63,5.86,99.66,19.780000000000005,31.69
2012-08-12,4.05,85.63,25.79,0.63,5.39,99.67,20.370000000000005,31.09
2012-08-13,2.89,86.31,26.16,0.63,4.44,99.56,15.370000000000005,31.0
2012-08-14,4.26,85.23,26.34,0.63,4.89,99.57,11.200000000000005,30.05
2012-08-15,9.28,83.07,26.68,0.63,5.29,99.61,16.430000000000003,29.83
2012-08-16,15.98,85.61,26.31,0.64,5.53,99.54,29.520000000000003,34.11
2012-08-17,10.18,88.27,25.77,0.65,6.12,99.51,35.440000000000005,37.16
2012-08-18,2.91,81.71,26.12,0.65,7.12,99.5,29.070000000000007,34.0
2012-08-19,0.88,80.0,26.28,0.64,5.58,99.41,13.970000000000006,30.4
2012-08-20,1.55,83.26,26.33,0.64,5.31,99.4,5.340000000000005,30.37
2012-08-21,5.43,83.9,26.25,0.64,4.86,99.48,7.860000000000005,30.12
2012-08-22,4.44,85.65,25.9,0.64,4.8,99.54,11.420000000000005,30.89
2012-08-23,8.89,84.59,26.06,0.64,4.77,99.56,18.760000000000005,31.4
2012-08-24,8.99,86.22,25.48,0.64,5.4,99.59,22.320000000000007,32.74
2012-08-25,8.86,83.68,26.17,0.64,6.54,99.57,26.740000000000002,33.14
2012-08-26,6.87,84.2,26.32,0.65,6.07,99.56,24.720000000000002,33.3
2012-08-27,6.77,86.12,26.3,0.65,5.99,99.57,22.500000000000004,33.64
2012-08-28,3.06,85.19,26.25,0.65,5.59,99.61,16.700000000000003,31.78
2012-08-29,14.28,87.05,26.49,0.65,6.55,99.64,24.11,34.0
2012-08-30,8.38,86.87,25.97,0.66,5.41,99.66,25.720000000000002,33.82
2012-08-31,10.19,84.47,25.72,0.67,5.38,99.63,32.85,34.58
2012-09-01,8.43,85.88,25.82,0.67,4.85,99.59,27.0,34.31
2012-09-02,7.23,85.94,26.19,0.67,5.01,99.56,25.85,34.49
2012-09-03,13.71,88.6,26.38,0.68,5.61,99.5,29.370000000000005,37.42
2012-09-04,9.39,81.05,25.93,0.69,6.7,99.63,30.330000000000005,34.29
2012-09-05,0.54,80.12,26.68,0.69,4.35,99.54,23.640000000000004,32.33
2012-09-06,8.91,87.15,26.38,0.68,4.85,99.6,18.840000000000003,33.9
2012-09-07,16.31,89.34,25.82,0.7,4.62,99.67,25.76,36.05
2012-09-08,7.19,84.35,25.94,0.7,3.95,99.65,32.410000000000004,34.79
2012-09-09,5.12,85.62,25.84,0.7,5.27,99.71,28.620000000000005,34.94
2012-09-10,3.98,85.61,26.02,0.7,5.83,99.7,16.290000000000003,33.39
2012-09-11,1.76,84.6,25.92,0.7,5.24,99.68,10.860000000000003,31.96
2012-09-12,1.38,86.74,26.36,0.7,5.03,99.69,7.120000000000004,32.08
2012-09-13,2.21,87.09,26.5,0.7,5.03,99.7,5.350000000000003,31.86
2012-09-14,2.91,86.01,26.48,0.69,5.72,99.66,6.5000000000000036,31.87
2012-09-15,5.32,83.73,26.47,0.69,5.94,99.6,10.440000000000005,32.15
2012-09-16,3.66,84.8,26.46,0.69,4.94,99.58,11.890000000000004,32.46
2012-09-17,4.12,87.56,26.57,0.69,4.99,99.57,13.100000000000003,33.93
2012-09-18,1.89,85.89,26.26,0.69,5.72,99.61,9.670000000000003,32.74
2012-09-19,1.7,84.51,26.44,0.69,4.79,99.49,7.7100000000000035,32.35
2012-09-20,4.2,86.6,26.31,0.69,5.09,99.59,7.790000000000004,32.57
2012-09-21,6.2,83.15,26.29,0.69,4.93,99.62,12.100000000000005,31.45
2012-09-22,14.02,87.6,26.16,0.69,4.79,99.65,24.420000000000005,34.94
2012-09-23,19.01,87.15,25.66,0.71,5.32,99.68,39.230000000000004,37.96
2012-09-24,10.25,87.35,25.91,0.71,5.63,99.63,43.28,39.26
2012-09-25,6.65,84.95,26.04,0.72,4.5,99.61,35.910000000000004,37.07
2012-09-26,1.91,85.62,26.4,0.72,4.68,99.71,18.810000000000002,33.93
2012-09-27,2.46,84.68,26.2,0.71,4.72,99.74,11.020000000000003,31.65
2012-09-28,2.85,85.16,26.19,0.71,4.61,99.67,7.220000000000004,31.79
2012-09-29,1.52,84.35,26.51,0.71,4.92,99.57,6.830000000000004,32.39
2012-09-30,0.53,84.97,26.59,0.71,5.27,99.59,4.900000000000004,32.37
2012-10-01,1.2,85.95,26.39,0.7,4.65,99.65,3.2500000000000036,31.27
2012-10-02,0.43,82.8,26.48,0.7,4.78,99.72,2.1600000000000037,29.24
2012-10-03,0.21,84.17,26.44,0.69,4.54,99.71,1.8400000000000034,29.3
2012-10-04,0.22,84.29,26.64,0.69,4.28,99.64,0.8600000000000035,29.65
2012-10-05,0.18,82.55,26.54,0.68,3.48,99.67,0.6100000000000035,27.76
2012-10-06,3.36,81.81,26.82,0.68,3.58,99.72,3.7600000000000033,27.58
2012-10-07,6.48,82.78,26.77,0.68,3.36,99.71,10.020000000000003,28.94
2012-10-08,6.79,83.92,26.67,0.68,3.09,99.57,16.630000000000003,31.49
2012-10-09,21.91,85.18,26.3,0.68,3.79,99.47,35.18000000000001,36.15
2012-10-10,12.85,80.46,25.66,0.7,3.09,99.54,41.550000000000004,35.03
2012-10-11,4.4,82.06,26.39,0.7,3.4,99.54,39.160000000000004,35.5
2012-10-12,8.41,79.45,26.8,0.7,3.46,99.57,25.660000000000004,32.06
2012-10-13,8.66,84.09,26.59,0.7,3.63,99.6,21.470000000000006,33.21
2012-10-14,14.58,87.22,26.11,0.7,4.36,99.69,31.650000000000006,35.77
2012-10-15,17.39,89.18,25.3,0.72,3.93,99.86,40.63,37.2
2012-10-16,17.86,89.41,24.77,0.73,3.04,99.9,49.830000000000005,38.35
2012-10-17,11.74,87.52,25.2,0.74,3.42,99.74,46.99,39.07
2012-10-18,18.83,83.59,25.93,0.75,2.22,99.57,48.43000000000001,38.83
2012-10-19,30.54,86.99,25.36,0.77,2.62,99.55,61.11,43.5
2012-10-20,17.21,87.61,25.55,0.79,2.55,99.55,66.58,45.43
2012-10-21,12.94,83.53,26.5,0.79,1.6,99.56,60.690000000000005,42.17
2012-10-22,20.51,86.02,26.34,0.81,1.82,99.56,50.660000000000004,42.62
2012-10-23,27.38,82.93,26.36,0.82,2.02,99.49,60.83,44.03
2012-10-24,20.14,83.0,26.3,0.84,1.38,99.47,68.03,45.86
2012-10-25,13.91,79.51,27.14,0.85,1.35,99.45,61.43,43.91
2012-10-26,9.99,84.76,26.36,0.85,2.18,99.41,44.04,44.19
2012-10-27,22.88,88.8,25.93,0.86,2.11,99.36,46.78,47.14
2012-10-28,21.02,91.81,25.99,0.87,3.83,99.29,53.89,51.48
2012-10-29,59.13,91.49,25.82,0.9,7.61,99.31,103.03,62.2
2012-10-30,15.18,87.77,25.37,0.92,6.04,99.33,95.33000000000001,59.24
2012-10-31,62.65,90.07,25.68,0.93,7.46,99.27,136.95999999999998,68.45
2012-11-01,39.77,87.02,25.98,0.95,6.86,99.49,117.6,62.79
2012-11-02,10.51,85.82,26.02,0.96,4.02,99.59,112.92999999999999,59.6
2012-11-03,1.02,86.55,26.09,0.95,3.8,99.63,51.300000000000004,49.35
2012-11-04,2.22,84.42,26.41,0.95,2.58,99.57,13.75,42.4
2012-11-05,7.31,85.69,26.15,0.94,2.91,99.53,10.55,42.53
2012-11-06,14.89,79.57,25.7,0.94,1.61,99.58,24.42,40.99
2012-11-07,13.76,84.18,25.65,0.94,2.5,99.58,35.96,45.24
2012-11-08,14.64,90.43,25.68,0.95,2.7,99.5,43.29,50.24
2012-11-09,19.9,83.37,26.56,0.95,1.88,99.56,48.3,47.09
2012-11-10,13.71,84.29,26.46,0.95,1.42,99.66,48.25,46.38
2012-11-11,10.28,83.66,26.11,0.95,2.18,99.69,43.89,45.59
2012-11-12,2.45,82.97,26.18,0.95,3.52,99.63,26.44,43.78
2012-11-13,5.22,82.44,26.13,0.94,3.39,99.64,17.95,41.65
2012-11-14,3.16,87.2,25.99,0.94,5.21,99.47,10.83,44.96
2012-11-15,6.06,85.77,26.07,0.93,5.04,99.51,14.439999999999998,44.07
2012-11-16,7.12,86.57,25.75,0.93,3.99,99.67,16.34,42.79
2012-11-17,1.14,81.93,26.11,0.93,3.61,99.64,14.32,40.56
2012-11-18,3.82,79.13,26.2,0.92,2.45,99.58,12.080000000000002,38.47
2012-11-19,0.6,74.98,26.48,0.92,1.64,99.56,5.56,35.42
2012-11-20,0.55,72.31,26.91,0.91,1.8,99.61,4.970000000000001,33.44
2012-11-21,0.18,71.07,27.21,0.9,1.32,99.59,1.33,31.83
2012-11-22,5.24,76.71,27.17,0.9,1.42,99.56,5.970000000000001,35.25
2012-11-23,13.94,87.69,26.14,0.9,2.15,99.55,19.36,42.49
2012-11-24,24.02,83.01,26.28,0.91,2.43,99.58,43.2,44.57
2012-11-25,21.41,84.2,26.25,0.92,2.6,99.62,59.370000000000005,47.79
2012-11-26,16.98,86.13,26.38,0.92,2.94,99.59,62.410000000000004,49.52
2012-11-27,36.02,87.67,25.63,0.93,3.23,99.64,74.41,52.22
2012-11-28,3.38,87.94,25.61,0.93,4.79,99.61,56.38000000000001,50.6
2012-11-29,1.03,84.85,25.65,0.93,4.37,99.54,40.43,47.14
2012-11-30,0.28,81.4,25.16,0.92,4.06,99.66,4.690000000000007,38.47
2012-12-01,0.03,79.26,24.46,0.91,4.2,99.63,1.3400000000000072,36.94
2012-12-02,0.03,76.7,24.44,0.91,3.81,99.66,0.34000000000000713,35.24
2012-12-03,1.52,86.28,25.06,0.9,3.21,99.51,1.5800000000000072,40.01
2012-12-04,8.89,87.35,26.01,0.9,2.52,99.44,10.440000000000008,42.07
2012-12-05,4.47,83.68,26.49,0.9,2.13,99.46,14.88000000000001,40.83
2012-12-06,5.04,85.12,26.06,0.89,2.75,99.57,18.400000000000006,40.98
2012-12-07,6.0,83.94,26.16,0.89,2.86,99.61,15.510000000000007,39.75
2012-12-08,1.93,84.46,25.81,0.89,2.77,99.67,12.970000000000006,39.02
2012-12-09,4.82,78.26,26.32,0.89,1.75,99.62,12.750000000000007,36.22
2012-12-10,0.63,79.25,26.13,0.89,2.25,99.63,7.380000000000007,35.99
2012-12-11,0.0,80.26,25.69,0.88,2.55,99.66,5.450000000000007,35.6
2012-12-12,0.0,78.3,25.71,0.87,2.25,99.68,0.6300000000000071,33.26
2012-12-13,0.01,79.64,25.11,0.86,3.77,99.74,0.010000000000007106,33.62
2012-12-14,0.12,80.38,24.42,0.86,4.66,99.82,0.1300000000000071,33.77
2012-12-15,5.47,88.07,24.96,0.85,5.1,99.75,5.600000000000007,38.29
2012-12-16,37.09,86.8,25.09,0.86,6.54,99.67,42.68000000000001,45.44
2012-12-17,80.71,89.94,24.68,0.89,7.76,99.51,123.27000000000001,62.7
2012-12-18,20.57,89.48,25.26,0.91,4.96,99.55,138.37,63.87
2012-12-19,4.52,86.39,25.19,0.92,3.53,99.56,105.8,57.02
2012-12-20,4.93,85.61,25.48,0.92,3.48,99.47,30.02,45.52
2012-12-21,7.55,84.91,25.73,0.91,3.18,99.47,17.0,42.59
2012-12-22,20.52,92.69,24.94,0.92,5.64,99.45,33.0,50.32
2012-12-23,3.68,89.83,25.32,0.92,5.01,99.5,31.75,48.15
2012-12-24,7.43,87.76,25.89,0.92,4.36,99.44,31.63,47.41
2012-12-25,18.59,88.24,26.08,0.92,3.41,99.33,29.7,47.72
2012-12-26,11.66,90.78,26.08,0.93,4.29,99.28,37.68,51.37
2012-12-27,22.87,90.76,26.13,0.93,3.56,99.18,53.120000000000005,54.23
2012-12-28,13.67,88.62,25.99,0.94,2.32,99.19,48.199999999999996,52.22
2012-12-29,3.5,87.53,26.58,0.94,2.6,99.2,40.04,50.54
2012-12-30,4.34,86.13,26.76,0.93,2.62,99.37,21.509999999999998,45.2
2012-12-31,3.74,83.07,26.43,0.93,2.47,99.44,11.58,41.67
2013-01-01,0.22,85.13,25.84,0.93,3.99,99.57,8.3,41.76
2013-01-02,1.09,86.19,25.5,0.92,4.25,99.65,5.050000000000001,40.75
2013-01-03,13.42,86.26,25.69,0.92,4.75,99.68,14.73,42.31
2013-01-04,8.79,86.31,25.15,0.92,5.74,99.65,23.299999999999997,44.47
2013-01-05,2.6,86.88,24.25,0.92,5.79,99.5,24.81,46.23
2013-01-06,1.65,88.09,25.43,0.91,4.52,99.47,13.04,44.04
2013-01-07,27.41,93.04,25.29,0.91,4.66,99.46,31.66,49.22
2013-01-08,20.52,87.72,25.88,0.93,3.61,99.58,49.58,49.05
2013-01-09,13.66,91.02,26.07,0.93,4.19,99.59,61.59,52.57
2013-01-10,21.99,91.35,25.71,0.93,5.41,99.55,56.17,52.85
2013-01-11,4.66,86.93,25.98,0.94,5.95,99.63,40.31,48.53
2013-01-12,0.12,84.92,25.12,0.93,5.8,99.78,26.77,43.79
2013-01-13,0.01,82.59,24.01,0.92,5.64,99.76,4.79,39.01
2013-01-14,0.0,80.37,24.02,0.91,4.46,99.7,0.13,36.78
2013-01-15,0.01,81.07,24.16,0.91,4.71,99.77,0.02,36.6
2013-01-16,0.0,80.95,23.85,0.9,5.33,99.81,0.01,36.13
2013-01-17,0.0,77.69,24.2,0.89,4.02,99.82,0.01,33.53
2013-01-18,0.0,78.74,24.04,0.88,3.94,99.85,0.0,33.26
2013-01-19,0.0,79.09,24.52,0.88,4.21,99.8,0.0,33.97
2013-01-20,1.35,84.25,25.22,0.87,3.83,99.78,1.35,35.91
2013-01-21,0.14,84.0,25.63,0.86,5.17,99.82,1.4900000000000002,35.79
2013-01-22,0.27,84.67,25.41,0.85,5.61,99.83,1.7600000000000002,35.85
2013-01-23,6.4,88.24,25.52,0.85,6.1,99.8,6.8100000000000005,38.67
2013-01-24,9.41,90.01,25.05,0.85,5.14,99.77,16.080000000000002,40.61
2013-01-25,3.82,86.13,25.25,0.85,5.24,99.81,19.630000000000003,39.24
2013-01-26,0.31,82.85,25.43,0.84,5.37,99.82,13.54,36.46
2013-01-27,0.04,80.67,25.31,0.84,4.86,99.87,4.17,33.36
2013-01-28,0.0,80.5,24.78,0.83,4.88,99.83,0.35,32.62
2013-01-29,0.0,78.91,24.65,0.82,4.96,99.79,0.04,31.85
2013-01-30,0.0,78.65,24.47,0.81,4.97,99.8,0.0,31.23
2013-01-31,0.0,80.06,24.48,0.81,5.06,99.8,0.0,31.88
2013-02-01,0.0,83.42,25.08,0.8,5.39,99.76,0.0,33.39
2013-02-02,0.02,83.48,25.5,0.79,5.67,99.72,0.02,33.48
2013-02-03,0.02,81.8,25.63,0.78,4.85,99.72,0.04,31.91
2013-02-04,8.2,83.02,25.84,0.78,3.17,99.79,8.239999999999998,32.22
2013-02-05,2.14,82.55,26.27,0.78,1.3,99.85,10.36,30.84
2013-02-06,21.04,83.19,26.05,0.78,2.61,99.86,31.38,35.03
2013-02-07,7.95,81.62,26.19,0.79,3.0,99.7,31.13,36.31
2013-02-08,6.06,78.24,26.37,0.79,1.48,99.64,35.05,35.17
2013-02-09,12.84,80.63,26.15,0.79,2.48,99.58,26.85,35.94
2013-02-10,1.4,82.48,25.86,0.79,4.58,99.53,20.3,37.25
2013-02-11,6.62,85.65,25.25,0.79,4.94,99.5,20.86,39.13
2013-02-12,11.68,87.4,24.72,0.79,5.34,99.47,19.7,40.16
2013-02-13,33.19,85.16,25.55,0.81,4.22,99.47,51.489999999999995,44.44
2013-02-14,12.17,79.74,25.41,0.82,3.47,99.65,57.03999999999999,41.52
2013-02-15,0.54,80.59,25.65,0.82,2.52,99.67,45.9,39.45
2013-02-16,1.71,82.59,26.01,0.82,1.9,99.54,14.42,36.11
2013-02-17,1.6,80.49,26.67,0.81,1.6,99.51,3.85,33.23
2013-02-18,6.37,83.02,26.25,0.81,2.17,99.51,9.68,35.52
2013-02-19,18.53,81.46,26.8,0.81,2.26,99.59,26.5,36.88
2013-02-20,0.84,81.29,26.01,0.81,3.64,99.63,25.74,37.1
2013-02-21,0.0,80.52,25.46,0.8,4.78,99.69,19.369999999999997,35.46
2013-02-22,0.0,81.46,25.04,0.8,5.44,99.78,0.8399999999999964,32.55
2013-02-23,0.0,77.82,24.92,0.79,4.28,99.88,0.0,28.99
2013-02-24,0.0,78.59,25.33,0.78,3.41,99.81,0.0,29.01
2013-02-25,0.09,78.43,25.75,0.77,3.39,99.82,0.08999999999999644,28.44
2013-02-26,0.0,78.17,25.27,0.77,3.1,99.84,0.08999999999999644,28.0
2013-02-27,0.0,78.44,25.25,0.76,4.07,99.76,0.08999999999999644,28.89
2013-02-28,0.02,80.07,25.51,0.75,4.33,99.64,0.019999999999996448,30.29
2013-03-01,0.19,79.02,25.78,0.74,3.98,99.61,0.20999999999999644,29.52
2013-03-02,7.97,80.78,26.08,0.74,3.87,99.66,8.179999999999996,31.04
2013-03-03,1.38,80.17,25.96,0.73,4.73,99.65,9.539999999999996,31.12
2013-03-04,12.08,87.01,25.27,0.74,4.19,99.65,21.429999999999996,36.01
2013-03-05,5.63,81.06,26.67,0.74,2.67,99.57,19.089999999999996,32.97
2013-03-06,5.08,80.87,27.24,0.74,2.25,99.6,22.79,33.0
2013-03-07,4.31,83.61,26.86,0.74,2.87,99.67,15.019999999999996,32.68
2013-03-08,7.56,85.94,26.87,0.74,2.68,99.73,16.949999999999996,33.37
2013-03-09,5.53,81.51,26.95,0.74,2.34,99.75,17.399999999999995,31.21
2013-03-10,0.27,76.96,27.69,0.74,1.88,99.59,13.359999999999996,29.74
2013-03-11,8.43,78.9,27.49,0.73,1.36,99.68,14.229999999999997,29.24
2013-03-12,7.29,80.66,27.21,0.74,1.58,99.75,15.989999999999995,30.22
2013-03-13,2.16,76.51,27.19,0.73,1.55,99.76,17.879999999999995,28.23
2013-03-14,7.24,81.13,26.86,0.73,2.4,99.7,16.689999999999998,30.97
2013-03-15,13.3,85.45,26.57,0.73,2.22,99.72,22.7,33.48
2013-03-16,11.05,82.9,26.79,0.74,2.03,99.81,31.59,33.36
2013-03-17,2.23,76.04,27.49,0.74,1.92,99.75,26.58,30.11
2013-03-18,5.49,77.05,27.64,0.74,2.0,99.58,18.769999999999996,30.78
2013-03-19,3.51,79.2,27.32,0.74,1.33,99.59,11.229999999999997,30.06
2013-03-20,0.8,78.96,27.74,0.73,2.26,99.61,9.799999999999997,29.64
2013-03-21,0.3,77.49,27.59,0.73,1.51,99.55,4.609999999999996,28.3
2013-03-22,0.48,71.2,27.99,0.72,1.27,99.44,1.5799999999999965,25.53
2013-03-23,5.47,81.07,26.94,0.72,2.41,99.51,6.2499999999999964,30.48
2013-03-24,18.34,81.95,27.29,0.72,2.38,99.54,24.289999999999996,33.42
2013-03-25,13.61,78.66,26.97,0.73,1.45,99.55,37.419999999999995,33.92
2013-03-26,7.66,79.55,27.18,0.74,1.33,99.5,39.61,35.42
2013-03-27,2.54,80.95,27.67,0.74,1.74,99.5,23.809999999999995,33.75
2013-03-28,9.7,85.57,27.25,0.74,2.48,99.57,19.899999999999995,34.91
2013-03-29,10.99,88.45,26.82,0.75,2.92,99.56,23.229999999999997,37.4
2013-03-30,3.96,83.82,27.39,0.75,2.19,99.46,24.649999999999995,36.1
2013-03-31,1.65,84.73,27.42,0.75,2.42,99.48,16.599999999999998,35.18
2013-04-01,2.37,85.27,27.34,0.74,2.91,99.55,7.979999999999997,33.31
2013-04-02,2.09,80.75,27.66,0.74,2.09,99.58,6.109999999999996,30.41
2013-04-03,2.56,78.16,27.7,0.73,1.69,99.58,7.019999999999996,28.81
2013-04-04,4.32,84.03,27.23,0.73,3.56,99.55,8.969999999999997,32.87
2013-04-05,5.42,85.51,27.05,0.73,3.72,99.49,12.299999999999997,34.61
2013-04-06,2.43,81.68,27.61,0.73,3.8,99.4,12.169999999999996,33.77
2013-04-07,2.61,80.53,27.7,0.72,2.85,99.33,10.459999999999997,32.66
2013-04-08,2.44,80.14,28.04,0.72,2.31,99.4,7.479999999999997,31.15
2013-04-09,9.12,80.37,28.04,0.72,2.02,99.49,14.169999999999996,31.38
2013-04-10,15.75,87.92,26.69,0.73,3.39,99.53,27.309999999999995,37.47
2013-04-11,4.83,83.34,27.15,0.73,2.43,99.49,29.699999999999996,35.72
2013-04-12,5.4,78.06,28.15,0.73,1.72,99.48,25.979999999999997,32.6
2013-04-13,31.44,87.18,26.98,0.74,3.12,99.63,41.67,38.85
2013-04-14,7.26,73.63,27.43,0.75,2.14,99.65,44.1,33.22
2013-04-15,20.54,87.07,27.16,0.75,3.65,99.56,59.24,42.86
2013-04-16,10.18,86.4,27.47,0.77,4.05,99.45,37.98,41.23
2013-04-17,1.16,83.29,27.76,0.77,3.9,99.35,31.88,39.71
2013-04-18,0.59,82.65,27.82,0.76,3.76,99.39,11.93,35.47
2013-04-19,0.21,81.29,27.81,0.75,3.24,99.37,1.96,32.79
2013-04-20,0.39,83.82,27.33,0.75,3.49,99.41,1.19,33.54
2013-04-21,0.29,80.28,27.46,0.74,2.93,99.42,0.8899999999999999,31.19
2013-04-22,5.74,80.38,27.54,0.73,3.16,99.49,6.42,31.21
2013-04-23,4.38,80.08,27.73,0.73,2.25,99.62,10.41,30.13
2013-04-24,8.3,81.77,27.8,0.73,2.07,99.66,18.42,31.67
2013-04-25,14.76,82.66,27.79,0.73,2.05,99.63,27.44,33.7
2013-04-26,6.91,86.26,27.04,0.74,2.53,99.6,29.970000000000002,36.56
2013-04-27,9.01,83.21,27.32,0.74,2.11,99.58,30.68,35.32
2013-04-28,6.59,85.77,27.46,0.75,3.41,99.5,22.509999999999998,36.92
2013-04-29,4.68,87.69,27.59,0.75,4.1,99.43,20.28,38.34
2013-04-30,5.86,86.95,27.45,0.75,3.13,99.43,17.13,37.01
2013-05-01,15.76,83.91,27.1,0.75,3.62,99.41,26.3,37.59
2013-05-02,16.35,87.07,26.91,0.76,4.32,99.35,37.97,42.07
2013-05-03,20.5,89.93,26.7,0.78,4.84,99.28,52.61,47.3
2013-05-04,13.52,88.21,26.79,0.79,3.58,99.26,50.37,46.13
2013-05-05,11.17,86.42,27.22,0.8,3.76,99.3,45.19,44.74
2013-05-06,26.24,89.72,27.22,0.81,4.44,99.27,50.92999999999999,48.08
2013-05-07,8.09,90.98,27.05,0.82,4.19,99.38,45.5,47.13
2013-05-08,5.45,89.18,27.05,0.82,5.04,99.43,39.78,45.51
2013-05-09,4.97,88.77,27.56,0.83,4.96,99.48,18.509999999999998,41.95
2013-05-10,4.36,87.02,28.11,0.83,4.32,99.45,14.779999999999998,40.53
2013-05-11,3.23,88.45,27.8,0.83,5.03,99.3,12.559999999999997,42.43
2013-05-12,6.68,81.77,27.77,0.82,5.56,99.31,14.269999999999996,39.65
2013-05-13,23.47,90.33,26.5,0.83,7.38,99.33,33.379999999999995,47.52
2013-05-14,25.31,88.52,26.48,0.85,6.73,99.27,55.459999999999994,51.22
2013-05-15,0.62,86.66,26.91,0.85,5.92,99.28,49.39999999999999,48.95
2013-05-16,0.78,86.46,27.21,0.84,4.91,99.35,26.709999999999994,43.75
2013-05-17,2.02,88.91,27.22,0.84,4.25,99.41,3.4199999999999964,40.27
2013-05-18,2.16,87.42,27.15,0.83,4.61,99.45,4.959999999999996,39.32
2013-05-19,12.89,90.79,27.05,0.83,4.75,99.42,17.069999999999997,42.97
2013-05-20,19.97,89.51,26.86,0.84,6.2,99.51,35.019999999999996,45.7
2013-05-21,5.35,85.72,26.6,0.85,5.58,99.59,38.21,44.01
2013-05-22,3.34,87.99,26.71,0.84,6.41,99.58,28.659999999999997,43.59
2013-05-23,2.23,87.35,27.07,0.84,6.86,99.57,10.919999999999996,40.86
2013-05-24,2.86,87.25,27.22,0.84,7.12,99.54,8.429999999999996,40.81
2013-05-25,1.82,88.49,26.94,0.83,7.09,99.58,6.909999999999997,40.33
2013-05-26,0.72,88.03,26.74,0.83,6.16,99.53,5.399999999999996,39.81
2013-05-27,0.88,86.91,26.82,0.82,6.38,99.56,3.4199999999999964,38.47
2013-05-28,1.87,86.88,26.72,0.82,6.54,99.58,3.469999999999996,38.38
2013-05-29,3.18,87.13,26.99,0.81,6.42,99.52,5.929999999999997,38.89
2013-05-30,11.02,89.78,26.94,0.81,6.89,99.42,16.069999999999997,42.7
2013-05-31,24.03,89.31,26.45,0.83,7.18,99.48,38.23,46.48
2013-06-01,18.86,87.22,26.31,0.84,6.61,99.46,53.91,48.34
2013-06-02,18.15,85.74,26.36,0.84,7.34,99.39,61.04,49.81
2013-06-03,10.68,86.32,26.52,0.85,7.02,99.33,47.68999999999999,48.72
2013-06-04,7.57,88.75,26.42,0.85,6.42,99.36,36.39999999999999,47.4
2013-06-05,7.58,91.85,26.34,0.85,5.93,99.4,25.83,46.45
2013-06-06,4.74,90.79,26.41,0.85,6.32,99.38,19.889999999999997,45.45
2013-06-07,11.58,90.03,26.36,0.85,6.33,99.4,23.9,45.59
2013-06-08,16.55,90.04,25.33,0.86,8.16,99.52,32.87,47.41
2013-06-09,7.03,88.12,25.99,0.86,5.78,99.48,35.16,46.01
2013-06-10,4.58,89.4,26.04,0.86,5.67,99.43,28.159999999999997,45.81
2013-06-11,12.53,89.21,26.38,0.86,6.87,99.38,24.139999999999993,46.17
2013-06-12,15.18,87.12,25.63,0.86,7.1,99.36,32.28999999999999,46.85
2013-06-13,11.42,88.48,25.85,0.86,6.93,99.25,39.129999999999995,49.33
2013-06-14,7.02,91.74,26.28,0.87,6.97,99.23,33.61999999999999,50.46
2013-06-15,7.88,90.19,26.21,0.86,7.18,99.3,26.319999999999993,47.76
2013-06-16,11.16,90.18,25.96,0.86,6.38,99.4,26.059999999999995,46.45
2013-06-17,15.87,91.27,25.34,0.87,5.48,99.49,34.91,47.48
2013-06-18,11.68,90.62,25.85,0.87,5.85,99.38,38.709999999999994,48.92
2013-06-19,9.21,89.99,25.99,0.88,6.29,99.43,36.75999999999999,48.59
2013-06-20,5.26,88.32,25.91,0.87,6.4,99.51,26.15,45.18
2013-06-21,9.16,90.38,25.97,0.87,6.6,99.5,23.629999999999995,45.85
2013-06-22,9.37,89.78,25.52,0.87,6.52,99.53,23.789999999999992,45.33
2013-06-23,8.29,90.2,25.79,0.87,6.94,99.43,26.819999999999993,47.05
2013-06-24,11.47,89.88,26.14,0.88,6.65,99.47,29.129999999999992,47.21
2013-06-25,11.99,88.82,26.11,0.88,5.95,99.64,31.749999999999993,45.36
2013-06-26,11.1,90.45,25.79,0.88,4.29,99.69,34.559999999999995,45.18
2013-06-27,3.51,90.64,25.78,0.88,3.98,99.65,26.599999999999994,44.18
2013-06-28,6.44,91.05,25.45,0.88,4.74,99.62,21.049999999999994,44.14
2013-06-29,5.7,88.46,25.68,0.88,4.18,99.63,15.649999999999995,41.81
2013-06-30,7.07,89.92,25.59,0.87,5.77,99.68,19.209999999999994,43.0
2013-07-01,5.37,88.43,25.56,0.87,5.77,99.54,18.139999999999993,43.38
2013-07-02,6.99,89.89,25.62,0.87,6.35,99.44,19.429999999999996,45.35
2013-07-03,4.29,88.72,25.78,0.87,6.45,99.5,16.649999999999995,43.97
2013-07-04,3.1,88.71,25.83,0.87,5.32,99.41,14.379999999999994,43.76
2013-07-05,4.68,89.31,25.81,0.86,5.78,99.34,12.069999999999993,44.06
2013-07-06,3.49,88.02,25.86,0.86,5.57,99.4,11.269999999999994,42.77
2013-07-07,5.23,88.38,25.68,0.86,6.46,99.5,13.399999999999995,42.9
2013-07-08,5.09,89.86,25.49,0.86,6.11,99.49,13.809999999999995,43.49
2013-07-09,7.69,90.48,25.3,0.86,6.09,99.44,18.009999999999994,44.82
2013-07-10,7.74,90.43,25.11,0.86,5.45,99.42,20.519999999999996,45.01
2013-07-11,2.98,89.58,25.2,0.86,4.78,99.48,18.409999999999997,43.45
2013-07-12,0.65,89.26,25.4,0.85,4.69,99.51,11.369999999999994,41.49
2013-07-13,0.85,89.33,25.38,0.85,4.71,99.52,4.479999999999995,40.36
2013-07-14,0.82,88.81,25.68,0.85,4.98,99.46,2.3199999999999945,40.45
2013-07-15,3.58,89.33,25.94,0.84,6.07,99.45,5.249999999999995,41.39
2013-07-16,4.67,88.14,25.68,0.84,6.33,99.54,9.069999999999995,40.87
2013-07-17,5.93,90.66,25.65,0.84,5.29,99.55,14.179999999999994,42.09
2013-07-18,11.48,90.82,25.62,0.84,5.35,99.5,22.079999999999995,43.85
2013-07-19,2.73,88.67,25.73,0.84,5.5,99.46,20.139999999999997,43.05
2013-07-20,2.16,90.41,25.67,0.84,4.85,99.51,16.369999999999994,42.43
2013-07-21,4.0,88.71,25.69,0.84,5.36,99.42,8.889999999999995,41.56
2013-07-22,13.55,89.24,25.35,0.84,6.09,99.39,19.709999999999994,44.13
2013-07-23,9.47,89.48,25.32,0.84,5.18,99.48,27.019999999999996,44.13
2013-07-24,12.31,89.82,25.53,0.85,5.11,99.58,35.33,45.13
2013-07-25,15.26,89.41,25.47,0.85,5.03,99.63,37.03999999999999,44.76
2013-07-26,13.39,88.84,25.64,0.86,4.34,99.53,40.959999999999994,46.02
2013-07-27,6.44,88.53,25.77,0.86,3.87,99.58,35.089999999999996,44.3
2013-07-28,1.69,88.68,25.88,0.85,4.65,99.73,21.519999999999996,40.97
2013-07-29,0.99,90.54,25.66,0.85,5.52,99.71,9.119999999999996,40.45
2013-07-30,0.32,87.94,25.98,0.85,6.07,99.58,2.9999999999999947,39.77
2013-07-31,0.52,89.91,25.99,0.84,5.68,99.45,1.8299999999999947,40.88
2013-08-01,1.52,88.31,26.02,0.84,5.48,99.49,2.359999999999995,39.84
2013-08-02,4.87,88.24,25.83,0.84,6.08,99.55,6.909999999999995,40.35
2013-08-03,2.45,88.21,25.86,0.83,5.17,99.57,8.839999999999996,39.56
2013-08-04,10.87,89.97,25.21,0.83,6.84,99.54,18.189999999999994,42.93
2013-08-05,10.5,89.32,25.06,0.83,7.36,99.55,23.819999999999993,43.73
2013-08-06,1.27,88.56,25.23,0.83,6.61,99.53,22.639999999999993,42.99
2013-08-07,0.4,88.67,25.25,0.83,6.08,99.57,12.169999999999995,40.77
2013-08-08,0.58,90.03,25.23,0.82,5.89,99.55,2.2499999999999947,39.43
2013-08-09,1.1,90.55,24.97,0.82,5.67,99.52,2.0799999999999947,39.75
2013-08-10,1.16,91.22,25.15,0.81,5.19,99.49,2.8399999999999945,39.73
2013-08-11,0.49,90.7,25.33,0.81,5.55,99.5,2.7499999999999947,39.6
2013-08-12,1.23,90.14,25.43,0.81,5.65,99.43,2.8799999999999946,40.03
2013-08-13,0.86,91.18,25.37,0.8,5.48,99.35,2.5799999999999947,40.58
2013-08-14,0.68,90.58,25.46,0.8,5.21,99.39,2.7699999999999942,39.87
2013-08-15,0.53,90.49,25.33,0.8,4.58,99.53,2.069999999999995,38.21
2013-08-16,0.39,88.68,25.42,0.79,5.11,99.53,1.5999999999999948,37.23
2013-08-17,0.12,87.39,25.56,0.79,4.98,99.6,1.0399999999999947,35.94
2013-08-18,0.78,87.71,25.46,0.78,4.82,99.66,1.2899999999999947,35.1
2013-08-19,1.01,87.01,25.77,0.78,5.24,99.65,1.9099999999999948,35.21
2013-08-20,0.49,86.08,25.89,0.77,5.22,99.62,2.2799999999999945,34.69
2013-08-21,2.43,86.65,25.84,0.76,5.44,99.53,3.929999999999995,35.64
2013-08-22,1.32,87.95,25.96,0.76,5.14,99.51,4.239999999999995,36.25
2013-08-23,0.13,86.06,26.02,0.76,5.03,99.52,3.8799999999999946,35.25
2013-08-24,0.13,85.67,26.12,0.75,5.6,99.52,1.5799999999999947,34.61
2013-08-25,0.22,86.45,26.2,0.74,5.34,99.43,0.47999999999999465,34.96
2013-08-26,0.42,87.57,26.04,0.74,5.54,99.42,0.7699999999999947,35.67
2013-08-27,5.28,88.19,26.1,0.73,4.89,99.41,5.919999999999995,36.05
2013-08-28,6.78,90.35,25.67,0.74,4.43,99.49,12.479999999999995,37.5
2013-08-29,6.68,87.82,26.24,0.74,3.42,99.52,18.739999999999995,36.61
2013-08-30,7.07,89.21,25.88,0.74,3.2,99.44,20.529999999999994,38.03
2013-08-31,3.02,88.21,26.02,0.74,3.97,99.4,16.769999999999996,37.77
2013-09-01,6.19,89.78,25.41,0.74,4.22,99.5,16.279999999999994,37.65
2013-09-02,5.36,89.19,25.4,0.75,4.7,99.68,14.569999999999997,36.31
2013-09-03,3.55,87.86,25.46,0.74,5.12,99.69,15.099999999999996,35.55
2013-09-04,1.44,85.45,25.73,0.74,4.7,99.74,10.349999999999994,33.13
2013-09-05,10.8,86.21,25.47,0.74,5.25,99.71,15.789999999999996,34.86
2013-09-06,14.58,85.95,25.48,0.75,5.59,99.67,26.819999999999993,37.42
2013-09-07,21.83,86.59,25.45,0.76,5.19,99.64,47.209999999999994,41.35
2013-09-08,5.78,87.77,25.65,0.77,6.45,99.6,42.18999999999999,42.51
2013-09-09,5.07,85.45,25.62,0.77,6.81,99.63,32.67999999999999,39.97
2013-09-10,10.28,87.52,25.51,0.77,6.3,99.52,21.129999999999992,39.68
2013-09-11,21.03,86.96,25.55,0.77,7.31,99.47,36.379999999999995,42.81
2013-09-12,17.88,85.91,25.59,0.78,7.36,99.58,49.18999999999999,43.9
2013-09-13,10.68,86.33,25.71,0.79,6.55,99.63,49.589999999999996,43.71
2013-09-14,5.98,86.45,25.85,0.79,6.46,99.54,34.53999999999999,42.1
2013-09-15,4.62,86.86,26.05,0.79,6.05,99.46,21.279999999999994,40.64
2013-09-16,8.63,88.36,26.17,0.78,6.62,99.44,19.229999999999993,41.01
2013-09-17,17.68,88.86,25.83,0.79,7.4,99.45,30.929999999999993,43.82
2013-09-18,5.98,88.62,25.54,0.79,5.78,99.49,32.28999999999999,42.72
2013-09-19,3.71,90.06,26.19,0.79,5.99,99.37,27.369999999999994,43.68
2013-09-20,5.32,90.56,26.12,0.79,6.22,99.37,15.009999999999994,42.08
2013-09-21,0.94,88.61,26.21,0.79,5.79,99.46,9.969999999999994,39.47
2013-09-22,0.4,84.55,26.42,0.79,5.34,99.46,6.659999999999993,36.99
2013-09-23,0.11,87.38,26.05,0.78,4.29,99.44,1.4499999999999929,36.54
2013-09-24,0.0,82.48,26.28,0.77,4.56,99.51,0.5099999999999929,33.45
2013-09-25,0.01,85.35,26.24,0.77,4.0,99.65,0.11999999999999289,33.13
2013-09-26,0.01,84.73,26.09,0.76,3.98,99.73,0.019999999999992895,31.75
2013-09-27,0.0,84.8,26.19,0.75,3.94,99.76,0.019999999999992895,31.08
2013-09-28,0.03,83.87,26.38,0.74,4.72,99.71,0.039999999999992895,31.11
2013-09-29,0.09,84.71,26.09,0.74,5.19,99.58,0.11999999999999289,32.82
2013-09-30,0.88,84.45,26.12,0.73,5.33,99.46,0.9999999999999929,33.51
2013-10-01,3.3,85.57,26.27,0.73,5.39,99.45,4.2699999999999925,34.61
2013-10-02,1.63,85.69,26.29,0.72,5.42,99.58,5.8099999999999925,33.41
2013-10-03,2.33,85.71,26.07,0.72,5.17,99.67,7.259999999999993,32.75
2013-10-04,4.33,86.33,25.89,0.72,4.48,99.73,8.289999999999992,32.3
2013-10-05,2.63,85.03,25.92,0.72,3.95,99.71,9.289999999999992,31.79
2013-10-06,0.3,84.5,25.8,0.71,4.08,99.65,7.259999999999993,31.4
2013-10-07,1.24,85.13,26.09,0.71,4.29,99.68,4.169999999999993,31.04
2013-10-08,2.7,84.0,25.95,0.7,4.83,99.77,4.239999999999993,29.68
2013-10-09,5.89,84.65,26.16,0.7,4.69,99.76,9.829999999999993,30.85
2013-10-10,6.19,85.31,26.28,0.7,5.28,99.76,14.779999999999994,32.22
2013-10-11,8.04,87.17,26.04,0.7,5.39,99.69,20.119999999999994,34.5
2013-10-12,7.64,86.78,26.35,0.71,6.47,99.54,21.869999999999994,36.87
2013-10-13,3.85,85.18,26.41,0.71,4.85,99.57,19.52999999999999,34.7
2013-10-14,1.98,85.2,26.78,0.71,4.17,99.57,13.469999999999992,33.39
2013-10-15,0.97,86.32,26.6,0.7,4.44,99.62,6.799999999999993,32.12
2013-10-16,13.46,87.75,26.36,0.7,4.04,99.52,16.409999999999993,34.86
2013-10-17,9.59,89.07,25.97,0.72,3.52,99.51,24.019999999999992,37.26
2013-10-18,24.0,82.88,25.94,0.72,2.74,99.59,47.05,37.16
2013-10-19,32.93,89.52,24.99,0.75,4.53,99.67,66.51999999999998,44.6
2013-10-20,31.32,89.63,25.13,0.78,5.48,99.6,88.24999999999999,50.43
2013-10-21,10.36,87.44,25.84,0.79,5.41,99.39,74.60999999999999,49.5
2013-10-22,8.04,86.02,26.14,0.79,5.59,99.41,49.71999999999999,44.92
2013-10-23,2.69,87.49,26.28,0.79,4.95,99.48,21.089999999999993,40.12
2013-10-24,1.84,86.5,26.1,0.79,4.66,99.51,12.569999999999991,37.95
2013-10-25,2.66,88.95,26.04,0.78,4.64,99.49,7.189999999999993,37.88
2013-10-26,0.25,86.53,26.17,0.78,3.98,99.56,4.749999999999993,35.53
2013-10-27,2.34,88.44,26.02,0.78,4.29,99.68,5.249999999999993,35.57
2013-10-28,2.81,89.3,25.86,0.78,3.81,99.74,5.399999999999993,35.2
2013-10-29,1.57,87.82,26.13,0.77,3.01,99.77,6.719999999999993,33.67
2013-10-30,19.18,86.73,26.06,0.77,2.38,99.76,23.55999999999999,35.6
2013-10-31,14.08,90.25,25.08,0.79,2.8,99.75,34.82999999999999,40.02
2013-11-01,9.4,82.09,26.58,0.79,1.42,99.63,42.66,38.05
2013-11-02,15.62,84.49,26.5,0.8,1.65,99.55,39.099999999999994,39.73
2013-11-03,10.5,81.55,26.75,0.81,1.22,99.57,35.519999999999996,37.94
2013-11-04,8.82,81.73,26.4,0.81,1.48,99.7,34.93999999999999,36.98
2013-11-05,3.96,81.38,26.8,0.81,1.49,99.7,23.279999999999994,35.0
2013-11-06,5.58,78.79,26.66,0.81,1.78,99.7,18.359999999999992,33.29
2013-11-07,5.57,72.59,26.43,0.81,2.48,99.64,15.109999999999992,31.03
2013-11-08,2.03,75.56,26.3,0.8,3.48,99.53,13.179999999999993,33.03
2013-11-09,3.09,80.32,26.11,0.8,3.61,99.54,10.689999999999992,34.64
2013-11-10,8.37,81.57,26.58,0.8,2.38,99.51,13.489999999999991,35.2
2013-11-11,11.4,86.47,26.95,0.8,4.04,99.36,22.859999999999992,40.9
2013-11-12,5.26,81.57,26.8,0.8,4.18,99.43,25.029999999999994,38.65
2013-11-13,2.12,83.66,25.83,0.8,3.98,99.56,18.779999999999994,37.36
2013-11-14,2.37,84.78,25.89,0.79,3.8,99.6,9.749999999999993,35.56
2013-11-15,1.11,84.78,25.58,0.79,3.96,99.53,5.599999999999993,35.58
2013-11-16,4.46,82.35,25.79,0.79,2.7,99.52,7.939999999999993,34.32
2013-11-17,10.54,78.46,26.33,0.79,1.44,99.55,16.109999999999992,33.02
2013-11-18,5.88,81.26,26.19,0.79,1.93,99.62,20.879999999999992,34.64
2013-11-19,18.82,85.09,26.25,0.79,3.15,99.63,35.239999999999995,39.09
2013-11-20,1.52,79.08,26.41,0.8,3.39,99.49,26.21999999999999,36.85
2013-11-21,0.09,78.71,26.85,0.79,2.43,99.38,20.429999999999993,35.77
2013-11-22,6.56,80.03,27.0,0.79,2.29,99.43,8.169999999999993,33.91
2013-11-23,21.72,86.88,26.35,0.79,2.35,99.49,28.36999999999999,39.51
2013-11-24,8.87,90.35,25.6,0.81,2.34,99.6,37.14999999999999,42.28
2013-11-25,10.91,84.47,26.37,0.81,3.59,99.53,41.499999999999986,41.73
2013-11-26,6.39,83.3,26.22,0.81,3.01,99.48,26.169999999999987,38.94
2013-11-27,3.03,80.39,26.47,0.81,3.15,99.53,20.32999999999999,36.44
2013-11-28,0.0,75.55,26.14,0.8,1.81,99.66,9.41999999999999,30.44
2013-11-29,0.3,72.72,26.82,0.8,1.56,99.69,3.329999999999989,27.9
2013-11-30,19.41,81.67,25.85,0.8,3.75,99.64,19.70999999999999,35.87
2013-12-01,13.24,86.1,25.49,0.81,2.77,99.68,32.94999999999999,39.38
2013-12-02,10.44,85.3,24.89,0.82,4.72,99.67,43.08999999999999,42.19
2013-12-03,4.65,85.52,25.21,0.82,5.44,99.5,28.32999999999999,41.79
2013-12-04,4.77,86.89,25.93,0.82,5.04,99.39,19.85999999999999,41.74
2013-12-05,8.55,88.11,25.78,0.82,6.4,99.33,17.96999999999999,43.2
2013-12-06,1.4,86.22,25.75,0.82,5.92,99.37,14.71999999999999,41.3
2013-12-07,0.5,86.23,25.74,0.82,5.11,99.43,10.44999999999999,39.69
2013-12-08,4.65,86.14,25.85,0.81,4.17,99.46,6.54999999999999,37.86
2013-12-09,2.66,86.18,25.28,0.81,2.55,99.43,7.80999999999999,37.45
2013-12-10,0.01,77.01,25.65,0.81,1.49,99.4,7.31999999999999,33.16
2013-12-11,0.0,80.45,25.9,0.8,2.25,99.43,2.6699999999999893,33.63
2013-12-12,3.28,82.75,25.9,0.8,2.36,99.33,3.289999999999989,35.6
2013-12-13,1.53,85.2,25.62,0.79,1.89,99.45,4.809999999999989,35.19
2013-12-14,3.71,85.31,25.79,0.79,2.94,99.52,8.519999999999989,35.8
2013-12-15,17.32,87.34,26.03,0.79,4.63,99.52,22.559999999999988,39.78
2013-12-16,1.37,83.96,24.9,0.8,6.18,99.58,22.399999999999988,39.08
2013-12-17,0.02,81.38,24.52,0.79,6.24,99.53,18.70999999999999,37.43
2013-12-18,0.19,84.49,25.46,0.79,5.48,99.45,1.5799999999999894,36.32
2013-12-19,0.5,85.5,25.71,0.78,5.35,99.52,0.7099999999999893,35.53
2013-12-20,1.46,85.84,25.7,0.78,5.49,99.65,2.1499999999999893,34.89
2013-12-21,0.58,84.62,25.81,0.77,4.71,99.69,2.5399999999999894,33.25
2013-12-22,0.01,79.48,25.18,0.77,5.23,99.76,2.049999999999989,30.69
2013-12-23,0.48,80.74,24.96,0.76,5.72,99.82,1.0699999999999892,30.41
2013-12-24,2.56,83.99,25.55,0.75,6.14,99.8,3.049999999999989,32.07
2013-12-25,0.51,82.72,25.05,0.75,6.47,99.9,3.549999999999989,30.95
2013-12-26,0.0,79.14,24.08,0.74,5.47,99.9,3.0699999999999887,28.39
2013-12-27,0.09,80.79,24.67,0.74,4.63,99.82,0.5999999999999893,28.92
2013-12-28,0.17,81.3,24.76,0.73,4.05,99.83,0.25999999999998935,28.26
2013-12-29,0.38,78.55,24.63,0.73,5.04,99.77,0.6399999999999894,28.19
2013-12-30,0.0,79.97,25.15,0.72,4.95,99.74,0.5499999999999894,28.56
2013-12-31,0.21,80.87,25.25,0.71,5.66,99.74,0.5899999999999893,28.91
2014-01-01,0.07,79.64,24.9,0.71,5.59,99.69,0.27999999999998937,28.72
2014-01-02,0.02,81.79,24.98,0.7,5.24,99.75,0.29999999999998933,28.52
2014-01-03,1.98,85.32,24.91,0.7,4.9,99.8,2.069999999999989,29.69
2014-01-04,0.38,84.6,24.89,0.69,4.93,99.7,2.3799999999999892,29.86
2014-01-05,0.21,84.13,24.42,0.69,4.35,99.63,2.569999999999989,29.97
2014-01-06,1.67,86.16,24.77,0.68,4.07,99.6,2.259999999999989,30.46
2014-01-07,5.76,86.59,25.69,0.68,2.21,99.55,7.639999999999989,30.9
2014-01-08,2.45,81.99,26.31,0.68,2.06,99.67,9.879999999999988,28.21
2014-01-09,12.19,83.56,25.73,0.68,4.29,99.68,20.39999999999999,31.65
2014-01-10,5.16,81.23,25.35,0.68,4.46,99.7,19.79999999999999,30.49
2014-01-11,0.59,78.77,25.32,0.68,3.76,99.79,17.93999999999999,28.03
2014-01-12,4.34,82.29,25.58,0.67,4.2,99.86,10.08999999999999,27.51
2014-01-13,2.61,90.3,24.99,0.67,4.92,99.8,7.5399999999999885,31.4
2014-01-14,4.72,83.35,25.97,0.67,2.8,99.75,11.66999999999999,28.38
2014-01-15,8.92,86.39,25.5,0.67,3.06,99.83,16.24999999999999,29.85
2014-01-16,10.92,88.08,25.2,0.68,4.31,99.88,24.559999999999988,32.55
2014-01-17,1.18,81.07,25.37,0.68,5.36,99.83,21.019999999999992,30.01
2014-01-18,0.05,78.84,25.29,0.67,4.63,99.83,12.14999999999999,26.86
2014-01-19,0.06,79.61,24.98,0.67,4.63,99.97,1.2899999999999894,24.3
2014-01-20,0.0,78.13,25.14,0.66,4.45,100.0,0.10999999999998934,22.72
2014-01-21,0.01,80.23,25.52,0.65,5.69,99.92,0.06999999999998933,24.52
2014-01-22,0.05,79.89,25.76,0.65,4.71,99.84,0.05999999999998935,24.52
2014-01-23,0.02,77.78,25.65,0.64,4.03,99.85,0.07999999999998934,22.75
2014-01-24,0.0,77.57,25.26,0.64,4.54,99.77,0.06999999999998935,23.61
2014-01-25,0.0,75.41,24.48,0.63,5.42,99.72,0.019999999999989342,23.16
2014-01-26,0.0,75.34,24.3,0.62,5.37,99.7,0.0,22.84
2014-01-27,0.12,75.81,24.98,0.62,5.88,99.69,0.11999999999998934,23.42
2014-01-28,0.61,78.95,25.55,0.61,5.85,99.68,0.7299999999999893,24.49
2014-01-29,2.25,80.39,25.63,0.61,5.94,99.71,2.9799999999999893,25.25
2014-01-30,7.81,81.68,25.8,0.61,5.96,99.71,10.66999999999999,27.02
2014-01-31,1.9,81.42,25.84,0.61,5.14,99.7,11.959999999999988,26.75
2014-02-01,2.56,80.42,25.94,0.6,5.69,99.66,12.269999999999989,26.58
2014-02-02,0.31,77.83,25.63,0.6,5.57,99.6,4.769999999999988,24.75
2014-02-03,0.0,76.72,25.57,0.6,4.31,99.52,2.8699999999999886,23.97
2014-02-04,0.0,73.85,25.19,0.59,4.27,99.44,0.30999999999998845,22.58
2014-02-05,0.0,71.0,24.91,0.59,3.92,99.43,0.0,21.21
2014-02-06,0.0,69.84,24.09,0.58,4.25,99.46,0.0,20.23
2014-02-07,0.0,71.7,24.29,0.58,4.66,99.51,0.0,20.82
2014-02-08,0.04,70.8,24.84,0.57,3.44,99.47,0.039999999999988455,19.69
2014-02-09,0.01,66.12,25.32,0.57,2.86,99.5,0.049999999999988456,17.15
2014-02-10,0.0,64.3,25.47,0.56,1.97,99.53,0.049999999999988456,15.22
2014-02-11,0.0,69.72,25.18,0.56,2.17,99.45,0.009999999999988454,18.29
2014-02-12,0.0,73.63,25.06,0.55,2.02,99.51,0.0,18.94
2014-02-13,0.0,70.67,25.81,0.55,1.85,99.65,0.0,16.41
2014-02-14,0.08,70.67,26.45,0.54,1.76,99.66,0.07999999999998846,15.87
2014-02-15,0.02,76.52,26.1,0.54,2.34,99.57,0.09999999999998846,19.42
2014-02-16,0.14,78.86,26.11,0.54,2.57,99.63,0.23999999999998847,20.06
2014-02-17,0.02,75.52,27.07,0.53,1.82,99.71,0.17999999999998847,17.13
2014-02-18,0.17,70.9,27.68,0.53,2.67,99.78,0.32999999999998847,15.07
2014-02-19,2.34,74.68,27.04,0.53,3.47,99.74,2.5299999999999883,17.79
2014-02-20,2.09,76.17,27.21,0.52,3.12,99.69,4.599999999999988,18.55
2014-02-21,0.18,72.84,27.4,0.52,3.28,99.74,4.609999999999988,16.81
2014-02-22,0.16,69.52,27.69,0.52,3.18,99.72,2.429999999999988,15.17
2014-02-23,10.11,74.93,27.2,0.52,2.21,99.71,10.449999999999989,18.28
2014-02-24,2.0,75.32,27.42,0.52,2.55,99.67,12.269999999999989,19.25
2014-02-25,0.03,70.67,27.5,0.52,3.34,99.71,12.139999999999988,17.35
2014-02-26,0.23,71.3,27.53,0.51,2.83,99.73,2.259999999999989,15.2
2014-02-27,2.85,75.69,27.2,0.51,2.37,99.76,3.1099999999999897,16.7
2014-02-28,0.91,71.38,27.31,0.51,1.88,99.73,3.98999999999999,14.99
2014-03-01,0.02,68.02,27.76,0.51,1.8,99.63,3.77999999999999,14.33
2014-03-02,2.03,72.83,26.69,0.5,1.57,99.64,2.9599999999999893,15.61
2014-03-03,4.9,75.36,26.77,0.51,2.04,99.68,6.9499999999999895,17.65
2014-03-04,3.0,76.28,26.85,0.51,1.56,99.72,9.929999999999989,17.91
2014-03-05,8.75,73.16,27.7,0.51,1.88,99.71,16.649999999999988,17.9
2014-03-06,6.73,70.58,27.82,0.51,1.93,99.65,18.47999999999999,17.63
2014-03-07,14.75,75.68,27.24,0.52,2.34,99.73,30.22999999999999,21.61
2014-03-08,1.09,74.24,27.53,0.52,3.18,99.76,22.56999999999999,20.0
2014-03-09,0.04,70.68,27.43,0.52,3.86,99.71,15.879999999999988,18.23
2014-03-10,0.0,67.99,27.57,0.52,2.76,99.7,1.1299999999999877,14.26
2014-03-11,0.0,69.98,26.77,0.51,4.06,99.68,0.039999999999987566,15.38
2014-03-12,0.0,69.74,27.07,0.51,3.54,99.71,0.0,14.74
2014-03-13,0.0,68.78,27.24,0.5,3.31,99.63,0.0,14.45
2014-03-14,0.0,63.61,27.15,0.5,2.83,99.7,0.0,11.42
2014-03-15,0.0,68.11,26.84,0.5,2.58,99.78,0.0,12.52
2014-03-16,0.5,71.91,27.41,0.49,4.27,99.82,0.49999999999998757,14.36
2014-03-17,2.6,73.75,27.8,0.49,3.01,99.75,3.0999999999999877,15.45
2014-03-18,5.63,73.72,28.02,0.49,3.52,99.71,8.729999999999988,16.94
2014-03-19,3.92,74.18,27.3,0.49,2.09,99.71,12.149999999999988,16.9
2014-03-20,2.01,70.81,28.04,0.49,1.73,99.63,11.559999999999988,15.85
2014-03-21,5.37,76.85,27.89,0.49,2.03,99.52,11.299999999999986,19.46
2014-03-22,1.84,77.85,27.78,0.5,2.12,99.43,9.219999999999986,20.78
2014-03-23,0.07,69.87,28.03,0.49,1.72,99.5,7.279999999999987,15.87
2014-03-24,0.33,67.19,28.29,0.49,1.69,99.58,2.239999999999987,13.25
2014-03-25,1.06,65.05,28.46,0.48,1.87,99.48,1.4599999999999869,12.74
2014-03-26,0.04,68.0,28.17,0.48,2.14,99.44,1.4299999999999868,14.46
2014-03-27,2.85,72.05,27.87,0.48,2.29,99.54,3.949999999999987,15.82
2014-03-28,3.64,72.15,28.41,0.48,2.2,99.57,6.529999999999987,15.97
2014-03-29,0.08,67.18,28.58,0.48,2.1,99.49,6.569999999999987,14.48
2014-03-30,0.19,68.92,27.75,0.47,2.27,99.52,3.909999999999987,14.22
2014-03-31,0.23,74.86,27.51,0.47,2.98,99.57,0.4999999999999867,16.17
2014-04-01,0.41,76.19,28.03,0.47,3.43,99.48,0.8299999999999867,17.78
2014-04-02,1.32,77.06,28.23,0.47,3.47,99.44,1.9599999999999869,18.68
2014-04-03,2.59,73.09,28.86,0.47,1.99,99.46,4.319999999999987,16.4
2014-04-04,10.85,80.3,27.73,0.47,2.51,99.61,14.759999999999987,20.12
2014-04-05,13.94,74.29,27.53,0.48,1.88,99.64,27.379999999999985,19.39
2014-04-06,11.44,76.68,27.71,0.49,2.17,99.71,36.22999999999998,21.78
2014-04-07,11.11,75.36,28.09,0.5,2.85,99.78,36.48999999999998,21.46
2014-04-08,15.83,83.33,27.22,0.51,2.9,99.79,38.37999999999998,25.51
2014-04-09,4.54,83.3,27.02,0.52,3.11,99.75,31.479999999999986,25.28
2014-04-10,3.42,80.82,27.47,0.52,3.05,99.74,23.789999999999985,23.08
2014-04-11,2.57,81.98,27.36,0.52,3.09,99.7,10.529999999999985,21.84
2014-04-12,1.74,80.74,27.72,0.51,3.08,99.57,7.729999999999985,21.54
2014-04-13,2.01,80.6,27.81,0.51,2.49,99.61,6.319999999999985,20.6
2014-04-14,9.95,83.11,27.07,0.52,1.82,99.73,13.699999999999985,21.88
2014-04-15,2.67,78.87,27.36,0.52,2.05,99.71,14.629999999999985,20.52
2014-04-16,3.14,80.73,27.12,0.52,2.37,99.65,15.759999999999986,22.16
2014-04-17,4.4,81.32,27.49,0.52,3.1,99.54,10.209999999999987,22.86
2014-04-18,7.48,83.19,27.49,0.52,3.03,99.63,15.019999999999987,23.62
2014-04-19,3.81,82.73,27.65,0.53,1.73,99.58,15.689999999999987,23.67
2014-04-20,1.83,82.38,27.64,0.53,1.39,99.47,13.119999999999987,23.85
2014-04-21,8.25,83.63,27.37,0.53,1.52,99.48,13.889999999999986,24.49
2014-04-22,22.62,85.01,27.52,0.54,1.96,99.59,32.69999999999999,27.77
2014-04-23,7.44,85.15,27.23,0.56,2.89,99.6,38.30999999999999,29.97
2014-04-24,11.96,88.06,26.99,0.56,3.23,99.51,42.01999999999999,32.73
2014-04-25,8.14,87.39,27.24,0.57,3.46,99.56,27.539999999999985,30.3
2014-04-26,3.85,85.02,27.73,0.57,2.79,99.5,23.949999999999985,28.87
2014-04-27,8.53,88.14,27.16,0.58,3.14,99.54,20.519999999999982,29.93
2014-04-28,17.43,84.79,27.08,0.58,3.56,99.58,29.80999999999998,29.86
2014-04-29,37.01,87.29,26.45,0.61,2.91,99.58,62.96999999999998,37.05
2014-04-30,19.79,85.36,26.84,0.63,2.66,99.57,74.22999999999999,38.79
2014-05-01,6.36,82.46,26.92,0.64,1.88,99.51,63.159999999999975,36.33
2014-05-02,12.98,82.24,27.58,0.64,1.85,99.43,39.12999999999998,33.12
2014-05-03,15.94,89.65,26.66,0.65,3.54,99.4,35.27999999999999,37.24
2014-05-04,13.27,91.96,26.44,0.67,4.81,99.26,42.18999999999998,42.02
2014-05-05,19.37,90.51,26.59,0.68,5.63,99.34,48.579999999999984,42.6
2014-05-06,10.04,85.29,26.78,0.69,4.45,99.44,42.67999999999999,38.41
2014-05-07,11.58,86.53,26.53,0.7,5.33,99.5,40.98999999999999,39.06
2014-05-08,11.88,84.74,27.21,0.71,4.69,99.53,33.499999999999986,36.95
2014-05-09,10.57,88.61,27.1,0.71,4.18,99.48,34.02999999999999,38.82
2014-05-10,4.31,89.01,26.9,0.71,4.82,99.47,26.75999999999999,38.28
2014-05-11,1.94,87.28,27.3,0.71,3.59,99.58,16.81999999999999,34.4
2014-05-12,2.54,87.2,27.56,0.71,3.84,99.61,8.789999999999988,32.99
2014-05-13,2.3,85.53,27.28,0.71,4.66,99.62,6.779999999999989,32.32
2014-05-14,2.42,85.39,27.52,0.7,5.61,99.58,7.259999999999989,32.76
2014-05-15,2.27,85.42,27.6,0.7,5.3,99.45,6.989999999999989,33.66
2014-05-16,0.67,83.58,27.73,0.7,5.01,99.44,5.359999999999989,32.55
2014-05-17,0.1,82.97,27.63,0.69,4.4,99.5,3.0399999999999894,30.67
2014-05-18,0.13,83.15,27.45,0.69,3.73,99.52,0.8999999999999894,29.88
2014-05-19,1.07,83.55,27.18,0.68,3.75,99.53,1.2999999999999894,29.62
2014-05-20,3.06,81.45,27.52,0.68,4.49,99.53,4.259999999999989,29.59
2014-05-21,4.06,84.31,27.25,0.67,5.54,99.53,8.18999999999999,31.56
2014-05-22,2.32,84.88,27.39,0.67,5.54,99.45,9.439999999999989,32.67
2014-05-23,1.17,87.74,27.66,0.67,5.72,99.4,7.54999999999999,34.11
2014-05-24,2.01,88.2,27.7,0.67,5.34,99.4,5.499999999999989,33.77
2014-05-25,2.69,87.32,26.87,0.67,5.43,99.48,5.86999999999999,32.84
2014-05-26,1.2,87.17,27.48,0.67,4.92,99.48,5.89999999999999,32.5
2014-05-27,2.0,88.01,27.5,0.66,4.59,99.46,5.88999999999999,32.42
2014-05-28,6.16,87.31,27.37,0.66,4.85,99.55,9.35999999999999,32.06
2014-05-29,6.25,86.91,27.04,0.66,4.83,99.62,14.409999999999991,32.08
2014-05-30,5.91,85.99,27.36,0.66,5.93,99.47,18.31999999999999,34.16
2014-05-31,6.32,87.5,27.49,0.66,6.36,99.34,18.47999999999999,36.15
2014-06-01,20.21,89.03,27.53,0.67,6.24,99.27,32.43999999999999,39.93
2014-06-02,30.63,87.25,27.34,0.69,5.96,99.33,57.15999999999999,43.25
2014-06-03,17.64,85.2,26.82,0.71,5.03,99.32,68.47999999999999,44.59
2014-06-04,8.95,84.86,26.93,0.72,5.58,99.27,57.219999999999985,43.82
2014-06-05,3.86,86.01,27.23,0.72,6.05,99.22,30.44999999999999,40.77
2014-06-06,2.95,87.55,27.2,0.71,7.12,99.2,15.75999999999999,39.44
2014-06-07,4.64,87.39,27.2,0.71,6.63,99.21,11.449999999999989,38.35
2014-06-08,8.23,86.39,26.86,0.71,6.24,99.23,15.81999999999999,38.23
2014-06-09,4.39,85.83,26.64,0.71,6.79,99.28,17.259999999999987,38.1
2014-06-10,0.89,85.42,26.77,0.71,5.23,99.35,13.50999999999999,35.91
2014-06-11,4.36,86.73,26.95,0.71,5.73,99.38,9.63999999999999,35.87
2014-06-12,21.23,89.62,26.94,0.71,6.14,99.31,26.47999999999999,40.55
2014-06-13,5.63,89.42,26.97,0.72,5.19,99.37,31.219999999999988,40.62
2014-06-14,0.54,90.56,26.99,0.72,4.71,99.44,27.39999999999999,39.65
2014-06-15,0.26,89.7,27.05,0.72,5.48,99.48,6.429999999999989,36.08
2014-06-16,0.1,88.7,26.99,0.71,5.79,99.51,0.8999999999999894,34.28
2014-06-17,0.39,89.75,26.95,0.71,6.31,99.47,0.7499999999999893,35.32
2014-06-18,1.46,90.76,26.69,0.7,6.27,99.42,1.9499999999999893,35.91
2014-06-19,3.43,89.9,26.95,0.7,6.25,99.44,5.27999999999999,35.89
2014-06-20,2.67,90.35,26.84,0.7,5.92,99.51,7.55999999999999,35.67
2014-06-21,0.82,89.34,26.85,0.7,5.79,99.67,6.919999999999989,33.73
2014-06-22,0.49,88.17,26.76,0.7,5.79,99.76,3.979999999999989,32.01
2014-06-23,0.11,85.9,27.03,0.69,6.0,99.65,1.4199999999999888,31.26
2014-06-24,2.58,86.25,26.9,0.68,6.61,99.44,3.179999999999989,33.36
2014-06-25,2.62,86.52,26.88,0.68,7.06,99.42,5.309999999999989,34.22
2014-06-26,0.18,88.28,26.69,0.68,5.43,99.52,5.379999999999989,33.25
2014-06-27,0.45,86.66,26.82,0.67,4.91,99.6,3.249999999999989,30.86
2014-06-28,2.37,86.58,26.8,0.67,5.85,99.62,2.999999999999989,31.12
2014-06-29,4.68,86.73,26.98,0.67,6.53,99.56,7.4999999999999885,32.77
2014-06-30,7.52,85.89,26.77,0.67,7.15,99.54,14.569999999999988,34.02
2014-07-01,11.82,86.63,26.6,0.67,7.2,99.64,24.01999999999999,35.01
2014-07-02,2.76,85.56,26.72,0.67,5.51,99.58,22.099999999999987,33.84
2014-07-03,0.86,88.14,27.02,0.67,5.94,99.4,15.439999999999989,35.63
2014-07-04,1.55,88.33,26.76,0.67,6.04,99.32,5.169999999999989,34.83
2014-07-05,5.43,90.86,26.42,0.67,6.93,99.37,7.839999999999989,36.38
2014-07-06,4.36,89.72,26.13,0.67,5.55,99.48,11.33999999999999,34.78
2014-07-07,1.3,86.72,26.29,0.67,5.7,99.54,11.08999999999999,33.04
2014-07-08,1.46,86.9,26.42,0.66,6.12,99.49,7.1199999999999894,32.72
2014-07-09,3.26,88.3,26.14,0.66,6.13,99.54,6.019999999999989,32.73
2014-07-10,4.64,88.24,25.91,0.66,6.15,99.66,9.359999999999989,32.23
2014-07-11,2.72,87.61,26.16,0.66,5.87,99.7,10.619999999999989,31.67
2014-07-12,1.0,89.07,26.07,0.66,6.13,99.6,8.359999999999989,32.92
2014-07-13,1.02,87.51,26.42,0.65,6.36,99.5,4.7399999999999896,32.23
2014-07-14,3.04,89.35,26.2,0.65,6.25,99.46,5.05999999999999,33.33
2014-07-15,3.24,88.62,26.04,0.65,5.55,99.49,7.29999999999999,32.75
2014-07-16,0.87,87.22,26.43,0.65,5.25,99.55,7.14999999999999,31.46
2014-07-17,0.05,86.25,26.58,0.64,5.01,99.49,4.1599999999999895,30.53
2014-07-18,0.22,86.25,26.69,0.64,5.45,99.5,1.1399999999999895,30.21
2014-07-19,0.65,89.27,26.32,0.64,5.56,99.59,0.9199999999999894,30.76
2014-07-20,0.29,87.05,26.32,0.63,5.67,99.64,1.1599999999999893,29.08
2014-07-21,0.06,86.06,26.64,0.63,5.67,99.58,0.9999999999999893,29.13
2014-07-22,0.87,87.45,26.31,0.62,5.45,99.6,1.2199999999999893,29.05
2014-07-23,1.99,87.58,26.17,0.62,5.52,99.6,2.9199999999999893,29.41
2014-07-24,0.22,87.14,26.53,0.62,5.32,99.6,3.0799999999999894,29.14
2014-07-25,0.26,87.23,26.73,0.62,5.53,99.63,2.469999999999989,28.94
2014-07-26,1.56,86.88,26.75,0.61,6.07,99.7,2.0399999999999894,28.01
2014-07-27,6.65,87.91,26.55,0.61,5.82,99.78,8.46999999999999,28.65
2014-07-28,7.3,88.7,26.35,0.62,6.17,99.67,15.509999999999991,31.62
2014-07-29,2.89,87.94,26.28,0.62,5.75,99.56,16.83999999999999,32.21
2014-07-30,0.57,84.37,26.55,0.61,6.08,99.58,10.75999999999999,29.33
2014-07-31,1.8,86.11,26.32,0.61,5.45,99.56,5.259999999999989,29.03
2014-08-01,14.02,88.12,26.38,0.61,5.87,99.53,16.38999999999999,32.11
2014-08-02,14.57,90.43,26.06,0.63,5.8,99.56,30.389999999999986,35.84
2014-08-03,7.82,88.49,26.13,0.63,6.23,99.55,36.40999999999999,36.28
2014-08-04,12.27,88.15,26.12,0.64,6.17,99.48,34.65999999999999,36.84
2014-08-05,6.87,88.88,25.98,0.64,5.27,99.55,26.959999999999987,34.86
2014-08-06,2.17,82.28,25.94,0.64,5.25,99.64,21.309999999999988,30.41
2014-08-07,1.95,82.79,26.05,0.64,4.24,99.54,10.989999999999988,29.3
2014-08-08,14.84,88.33,25.9,0.64,5.34,99.57,18.959999999999987,33.25
2014-08-09,0.73,82.84,26.22,0.65,4.28,99.65,17.519999999999985,29.87
2014-08-10,2.19,86.99,25.98,0.64,5.36,99.69,17.759999999999987,31.49
2014-08-11,6.76,88.62,25.26,0.64,6.24,99.67,9.679999999999987,31.56
2014-08-12,5.36,84.21,25.76,0.64,5.72,99.66,14.309999999999988,30.22
2014-08-13,2.01,84.85,25.52,0.64,5.15,99.69,14.129999999999988,29.9
2014-08-14,1.23,86.99,25.6,0.64,6.25,99.72,8.599999999999987,30.28
2014-08-15,4.43,83.86,25.67,0.64,6.61,99.72,7.669999999999987,29.01
2014-08-16,9.34,86.61,25.31,0.64,5.93,99.69,14.999999999999986,31.21
2014-08-17,8.84,83.94,25.42,0.65,4.64,99.63,22.609999999999985,31.5
2014-08-18,9.78,87.43,25.83,0.65,4.3,99.62,27.959999999999987,33.72
2014-08-19,8.67,89.87,25.72,0.66,4.57,99.63,27.289999999999985,35.13
2014-08-20,7.58,88.42,26.1,0.66,4.99,99.51,26.029999999999987,35.55
2014-08-21,10.9,88.37,25.87,0.66,5.43,99.34,27.149999999999984,37.37
2014-08-22,33.61,90.05,25.82,0.68,6.11,99.32,52.08999999999999,43.38
2014-08-23,8.73,88.23,25.82,0.7,6.35,99.51,53.239999999999995,42.17
2014-08-24,4.33,86.35,25.88,0.7,4.14,99.59,46.66999999999999,38.48
2014-08-25,1.14,87.91,25.96,0.7,4.03,99.65,14.199999999999987,33.48
2014-08-26,0.21,85.54,26.08,0.69,4.52,99.69,5.6799999999999855,30.64
2014-08-27,0.12,83.93,25.94,0.69,4.93,99.58,1.4699999999999858,30.45
2014-08-28,0.08,83.04,26.25,0.68,5.76,99.51,0.40999999999998576,30.51
2014-08-29,0.47,85.47,26.41,0.68,5.69,99.46,0.6699999999999857,31.97
2014-08-30,1.41,85.07,26.46,0.67,5.6,99.5,1.9599999999999858,31.19
2014-08-31,2.93,84.75,26.61,0.67,5.48,99.45,4.809999999999985,31.86
2014-09-01,4.63,87.71,26.4,0.67,5.63,99.41,8.969999999999985,34.18
2014-09-02,9.1,88.27,26.4,0.67,5.05,99.52,16.659999999999986,34.39
2014-09-03,7.35,89.27,26.06,0.68,4.55,99.67,21.079999999999984,34.4
2014-09-04,2.27,87.71,25.72,0.68,3.94,99.7,18.719999999999985,32.79
2014-09-05,6.91,88.6,25.79,0.68,4.68,99.69,16.529999999999987,33.31
2014-09-06,4.24,86.9,25.56,0.68,5.18,99.71,13.419999999999986,32.2
2014-09-07,5.0,82.37,26.44,0.68,5.68,99.72,16.149999999999984,30.9
2014-09-08,5.99,83.69,26.28,0.68,5.75,99.76,15.229999999999986,31.01
2014-09-09,6.81,82.26,26.39,0.68,5.11,99.74,17.799999999999986,30.63
2014-09-10,6.41,85.86,26.13,0.68,5.05,99.64,19.209999999999987,33.19
2014-09-11,4.61,85.56,26.4,0.68,5.35,99.66,17.829999999999984,32.84
2014-09-12,2.37,85.33,26.43,0.68,5.87,99.74,13.389999999999986,31.65
2014-09-13,6.71,85.26,26.29,0.68,6.12,99.68,13.689999999999987,32.31
2014-09-14,11.9,86.07,26.27,0.68,6.37,99.63,20.979999999999986,34.35
2014-09-15,6.93,85.28,26.24,0.69,6.25,99.56,25.539999999999985,35.68
2014-09-16,5.46,87.05,26.26,0.69,6.07,99.47,24.289999999999985,36.89
2014-09-17,4.59,86.51,26.16,0.69,6.3,99.45,16.979999999999986,35.81
2014-09-18,2.26,86.86,26.41,0.69,6.2,99.52,12.309999999999985,34.58
2014-09-19,2.5,87.12,26.38,0.69,5.57,99.59,9.349999999999985,33.3
2014-09-20,0.44,84.63,26.51,0.68,5.41,99.52,5.199999999999986,31.67
2014-09-21,0.11,82.94,26.39,0.67,4.77,99.52,3.0499999999999856,29.84
2014-09-22,0.44,83.0,26.52,0.67,4.67,99.58,0.9899999999999858,28.99
2014-09-23,2.87,86.61,26.51,0.66,4.22,99.53,3.4199999999999857,30.65
2014-09-24,7.94,88.02,26.55,0.67,4.43,99.5,11.249999999999986,33.27
2014-09-25,18.37,89.45,26.39,0.67,5.04,99.54,29.179999999999986,36.68
2014-09-26,17.49,86.91,26.19,0.68,4.8,99.68,43.79999999999998,37.02
2014-09-27,8.53,85.83,26.41,0.7,3.4,99.69,44.389999999999986,36.66
2014-09-28,9.83,86.18,26.59,0.7,3.2,99.65,35.84999999999998,35.7
2014-09-29,15.66,87.09,26.28,0.71,2.57,99.61,34.01999999999998,36.21
2014-09-30,30.37,89.71,25.95,0.72,2.93,99.6,55.859999999999985,41.46
2014-10-01,42.14,90.26,25.67,0.76,3.24,99.59,88.16999999999999,48.71
2014-10-02,7.63,83.02,26.48,0.77,1.04,99.65,80.13999999999999,43.11
2014-10-03,5.33,85.33,26.02,0.77,2.41,99.64,55.09999999999999,40.98
2014-10-04,3.65,86.68,25.82,0.77,3.16,99.73,16.609999999999985,35.16
2014-10-05,2.74,88.39,25.89,0.77,3.55,99.78,11.719999999999986,34.91
2014-10-06,5.51,90.24,26.07,0.77,4.52,99.72,11.899999999999984,36.75
2014-10-07,19.39,89.23,26.2,0.78,5.55,99.61,27.639999999999986,40.69
2014-10-08,17.92,84.96,26.3,0.79,4.72,99.6,42.81999999999999,41.33
2014-10-09,10.91,85.74,26.47,0.79,4.49,99.56,48.219999999999985,42.72
2014-10-10,9.18,88.92,26.47,0.8,5.77,99.52,38.00999999999999,43.91
2014-10-11,2.41,87.23,26.9,0.8,5.7,99.46,22.499999999999986,41.23
2014-10-12,1.36,86.82,26.81,0.79,5.42,99.45,12.949999999999985,39.06
2014-10-13,3.42,86.06,26.93,0.79,4.78,99.49,7.189999999999986,37.15
2014-10-14,4.93,85.82,26.71,0.79,4.03,99.58,9.709999999999987,36.29
2014-10-15,15.9,86.94,26.31,0.79,2.4,99.63,24.249999999999986,37.74
2014-10-16,22.12,89.57,25.92,0.8,1.98,99.58,42.94999999999999,42.41
2014-10-17,43.17,90.65,25.56,0.83,4.21,99.56,81.19,51.52
2014-10-18,19.56,88.34,25.4,0.85,5.61,99.6,84.84999999999998,52.38
2014-10-19,5.52,88.05,25.48,0.85,4.94,99.56,68.25,49.62
2014-10-20,13.42,89.1,25.61,0.85,3.5,99.58,38.49999999999999,44.45
2014-10-21,28.77,87.41,25.35,0.86,1.96,99.74,47.709999999999994,43.43
2014-10-22,29.41,83.94,26.14,0.88,2.0,99.77,71.6,46.32
2014-10-23,16.58,86.76,25.02,0.89,2.51,99.77,74.75999999999999,48.71
2014-10-24,11.24,83.55,26.04,0.89,1.8,99.66,57.22999999999999,45.14
2014-10-25,12.6,84.54,26.46,0.89,2.36,99.67,40.41999999999999,43.14
2014-10-26,8.19,81.23,26.73,0.89,1.58,99.78,32.02999999999999,39.08
2014-10-27,7.55,86.9,26.07,0.89,2.02,99.74,28.339999999999986,41.47
2014-10-28,14.32,89.08,25.84,0.89,2.72,99.65,30.059999999999988,43.8
2014-10-29,23.23,91.04,25.68,0.9,3.85,99.57,45.099999999999994,48.7
2014-10-30,35.32,90.59,25.29,0.91,3.42,99.56,72.86999999999998,53.14
2014-10-31,16.41,88.31,25.03,0.92,2.88,99.61,74.96,52.22
2014-11-01,9.14,83.14,25.91,0.92,2.52,99.67,60.86999999999999,47.11
2014-11-02,12.05,87.3,25.15,0.93,3.47,99.71,37.59999999999999,45.83
2014-11-03,14.83,89.24,25.0,0.93,3.55,99.73,36.01999999999999,46.27
2014-11-04,15.09,89.24,24.68,0.93,4.43,99.83,41.969999999999985,46.85
2014-11-05,6.08,84.7,25.42,0.93,4.25,99.87,35.999999999999986,43.55
2014-11-06,1.65,84.88,26.19,0.93,3.42,99.72,22.819999999999986,42.37
2014-11-07,0.02,72.82,26.48,0.92,1.47,99.68,7.749999999999986,33.75
2014-11-08,0.0,76.63,26.25,0.91,1.64,99.72,1.6699999999999857,33.74
2014-11-09,0.0,81.79,26.35,0.91,2.41,99.75,0.01999999999998579,35.83
2014-11-10,1.05,80.1,26.59,0.9,1.81,99.64,1.0499999999999858,35.46
2014-11-11,5.98,82.5,26.69,0.9,2.43,99.53,7.029999999999986,38.67
2014-11-12,8.89,84.7,26.3,0.9,2.46,99.46,15.919999999999987,41.6
2014-11-13,8.49,85.06,26.44,0.9,2.52,99.56,23.359999999999985,42.12
2014-11-14,10.23,81.92,26.9,0.9,1.93,99.66,27.609999999999985,40.29
2014-11-15,3.01,80.92,26.75,0.9,2.23,99.62,21.729999999999986,39.44
2014-11-16,8.27,84.1,26.38,0.89,3.19,99.55,21.509999999999984,41.44
2014-11-17,8.37,85.44,26.4,0.89,3.67,99.53,19.649999999999984,42.14
2014-11-18,10.32,84.58,25.82,0.89,3.68,99.62,26.959999999999987,42.18
2014-11-19,3.74,85.37,25.86,0.89,3.25,99.62,22.429999999999986,41.57
2014-11-20,10.79,88.46,25.99,0.9,2.79,99.51,24.849999999999987,44.36
2014-11-21,20.9,87.42,25.17,0.9,2.13,99.67,35.429999999999986,43.88
2014-11-22,14.42,88.46,25.27,0.91,2.2,99.66,46.109999999999985,46.54
2014-11-23,16.77,81.73,25.88,0.92,2.16,99.59,52.08999999999998,45.62
2014-11-24,9.85,84.4,25.9,0.92,3.63,99.47,41.039999999999985,46.81
2014-11-25,6.03,88.68,25.05,0.92,6.42,99.44,32.649999999999984,49.07
2014-11-26,11.23,90.37,25.49,0.92,6.95,99.22,27.109999999999985,51.05
2014-11-27,19.93,89.21,25.67,0.92,5.07,99.32,37.18999999999998,50.29
2014-11-28,19.03,90.23,24.87,0.94,4.28,99.52,50.18999999999998,51.5
2014-11-29,7.0,89.5,24.71,0.94,5.23,99.57,45.95999999999998,50.62
2014-11-30,5.77,89.41,24.48,0.94,3.79,99.48,31.799999999999986,48.34
2014-12-01,18.09,85.25,26.43,0.94,1.17,99.4,30.859999999999985,45.68
2014-12-02,27.05,86.45,26.68,0.94,2.19,99.54,50.90999999999998,48.71
2014-12-03,2.99,87.77,25.96,0.94,5.09,99.62,48.12999999999999,49.73
2014-12-04,0.05,83.99,24.97,0.94,3.85,99.76,30.089999999999986,43.45
2014-12-05,0.63,85.37,25.38,0.93,3.75,99.72,3.669999999999986,39.75
2014-12-06,7.88,86.36,26.01,0.93,3.89,99.64,8.559999999999986,41.68
2014-12-07,8.82,89.01,25.93,0.93,3.67,99.61,17.329999999999984,44.32
2014-12-08,5.65,85.62,26.18,0.93,2.71,99.65,22.349999999999987,42.81
2014-12-09,10.89,85.75,26.14,0.93,2.1,99.71,25.35999999999999,42.51
2014-12-10,17.0,86.14,25.97,0.93,1.54,99.69,33.53999999999999,43.82
2014-12-11,9.94,83.73,26.03,0.93,1.47,99.69,37.82999999999999,43.43
2014-12-12,11.13,85.24,25.69,0.94,1.53,99.73,38.06999999999999,44.23
2014-12-13,2.76,86.08,25.42,0.93,2.01,99.75,23.82999999999999,42.02
2014-12-14,3.81,80.37,26.34,0.93,2.67,99.73,17.69999999999999,39.16
2014-12-15,8.49,85.92,26.17,0.93,3.38,99.65,15.05999999999999,42.16
2014-12-16,5.79,84.05,26.74,0.92,3.02,99.6,18.08999999999999,41.64
2014-12-17,15.5,88.29,26.22,0.92,3.43,99.56,29.779999999999987,45.83
2014-12-18,12.08,87.12,26.13,0.93,3.28,99.6,33.36999999999999,45.91
2014-12-19,18.51,87.79,25.81,0.93,3.81,99.74,46.08999999999999,47.3
2014-12-20,11.15,91.23,24.99,0.94,6.05,99.69,41.73999999999999,50.13
2014-12-21,7.83,90.12,25.23,0.93,5.11,99.54,37.489999999999995,49.32
2014-12-22,18.4,90.46,25.28,0.94,4.35,99.51,37.37999999999998,49.71
2014-12-23,18.21,89.91,25.26,0.94,4.6,99.58,44.43999999999998,50.13
2014-12-24,38.45,90.3,25.66,0.95,4.8,99.68,75.05999999999999,54.8
2014-12-25,34.03,90.95,25.03,0.96,5.29,99.72,90.68999999999998,57.88
2014-12-26,40.93,90.83,24.39,0.97,6.02,99.61,113.41,63.14
2014-12-27,9.75,89.4,24.53,0.96,5.61,99.57,84.70999999999998,57.71
2014-12-28,5.87,91.53,24.98,0.96,5.42,99.54,56.54999999999998,54.34
2014-12-29,9.1,89.57,25.1,0.96,4.82,99.47,24.719999999999985,48.78
2014-12-30,0.31,88.04,25.28,0.96,3.24,99.4,15.279999999999985,46.38
2014-12-31,1.42,86.66,25.91,0.95,2.66,99.42,10.829999999999986,44.19
2015-01-01,1.33,84.08,25.57,0.94,3.39,99.58,3.059999999999984,40.51
2015-01-02,0.03,78.23,25.31,0.94,2.03,99.77,2.779999999999984,35.65
2015-01-03,0.02,75.03,25.97,0.93,1.81,99.83,1.3799999999999841,33.03
2015-01-04,0.17,79.44,26.26,0.92,1.91,99.77,0.21999999999998401,34.85
2015-01-05,1.22,82.84,26.01,0.91,3.11,99.71,1.409999999999984,37.21
2015-01-06,3.12,85.53,25.55,0.91,5.18,99.73,4.509999999999984,39.79
2015-01-07,0.13,80.28,25.06,0.9,4.08,99.78,4.469999999999984,36.12
2015-01-08,0.0,79.13,24.93,0.89,3.4,99.8,3.249999999999984,34.48
2015-01-09,0.0,79.52,24.76,0.89,4.01,99.89,0.12999999999998402,33.73
2015-01-10,0.0,80.93,24.08,0.88,5.58,99.87,0.0,34.9
2015-01-11,0.0,80.63,23.78,0.87,5.48,99.85,0.0,34.47
2015-01-12,0.0,78.79,23.71,0.86,5.24,99.82,0.0,33.38
2015-01-13,0.0,79.55,23.88,0.85,5.03,99.76,0.0,33.67
2015-01-14,0.01,80.48,24.55,0.85,3.25,99.75,0.009999999999984013,33.19
2015-01-15,0.06,82.71,24.98,0.84,3.3,99.76,0.069999999999984,33.67
2015-01-16,0.07,83.76,25.25,0.83,2.93,99.77,0.13999999999998403,33.41
2015-01-17,0.13,82.08,25.43,0.83,3.7,99.8,0.259999999999984,32.89
2015-01-18,0.03,84.39,25.03,0.82,5.41,99.82,0.22999999999998402,34.19
2015-01-19,0.01,82.28,24.73,0.81,5.0,99.8,0.16999999999998403,32.81
2015-01-20,0.0,81.23,24.62,0.8,4.69,99.95,0.039999999999984014,30.5
2015-01-21,0.0,81.7,24.37,0.8,5.04,100.07,0.009999999999984013,29.87
2015-01-22,0.04,80.15,24.7,0.79,3.91,100.04,0.039999999999984014,28.44
2015-01-23,0.97,81.41,25.1,0.78,3.24,99.84,1.009999999999984,30.02
2015-01-24,4.31,84.55,25.22,0.78,3.99,99.82,5.319999999999983,32.6
2015-01-25,0.98,82.71,25.26,0.78,4.49,99.93,6.259999999999984,31.31
2015-01-26,0.09,82.98,25.07,0.77,5.04,99.79,5.379999999999984,32.34
2015-01-27,0.08,79.59,25.44,0.76,3.9,99.7,1.149999999999984,29.95
2015-01-28,1.08,82.16,25.95,0.76,3.32,99.59,1.249999999999984,31.67
2015-01-29,10.88,85.93,25.91,0.75,4.22,99.66,12.039999999999985,34.44
2015-01-30,2.44,83.72,25.7,0.76,3.74,99.86,14.399999999999984,32.36
2015-01-31,0.19,82.14,25.15,0.75,4.86,99.87,13.509999999999986,31.64
2015-02-01,1.25,81.71,25.32,0.74,4.92,99.83,3.879999999999984,29.9
2015-02-02,1.92,85.46,25.15,0.74,6.09,99.84,3.359999999999984,31.95
2015-02-03,19.69,88.52,25.05,0.74,5.61,99.94,22.859999999999985,35.21
2015-02-04,2.24,85.53,25.69,0.75,5.03,99.91,23.849999999999987,34.46
2015-02-05,2.96,85.7,25.26,0.75,3.78,99.84,24.889999999999983,34.61
2015-02-06,4.81,83.85,25.67,0.75,3.88,99.82,10.009999999999986,31.71
2015-02-07,0.6,82.22,25.47,0.75,4.53,99.81,8.369999999999985,31.2
2015-02-08,0.23,82.37,25.42,0.74,5.26,99.74,5.6399999999999855,31.39
2015-02-09,13.54,86.52,25.44,0.74,4.42,99.68,14.369999999999985,34.57
2015-02-10,5.85,86.05,25.81,0.74,3.91,99.74,19.619999999999983,34.42
2015-02-11,8.39,82.68,25.86,0.74,4.12,99.71,27.779999999999987,34.63
2015-02-12,5.34,83.67,26.15,0.74,3.09,99.7,19.579999999999984,33.29
2015-02-13,6.33,85.02,26.06,0.74,2.26,99.75,20.059999999999988,33.07
2015-02-14,0.88,80.99,26.27,0.74,3.49,99.68,12.549999999999986,31.44
2015-02-15,0.0,74.01,24.41,0.73,4.14,99.68,7.209999999999986,27.57
2015-02-16,0.07,73.78,24.05,0.72,4.37,99.82,0.9499999999999857,25.01
2015-02-17,0.22,74.18,24.25,0.72,4.15,99.81,0.2899999999999858,25.04
2015-02-18,0.06,67.32,24.45,0.71,2.29,99.79,0.34999999999998577,20.89
2015-02-19,0.11,68.6,25.23,0.7,2.17,99.74,0.3899999999999858,21.37
2015-02-20,0.1,74.56,25.36,0.7,3.31,99.69,0.2699999999999858,24.91
2015-02-21,0.02,79.98,25.18,0.69,4.7,99.69,0.2299999999999858,27.53
2015-02-22,1.17,81.17,25.81,0.68,5.2,99.68,1.2899999999999858,28.13
2015-02-23,1.85,83.37,25.86,0.68,4.73,99.71,3.039999999999986,28.83
2015-02-24,3.34,85.02,26.12,0.67,2.28,99.64,6.359999999999985,28.89
2015-02-25,7.68,82.31,25.87,0.68,1.77,99.61,12.869999999999985,29.17
2015-02-26,6.51,82.8,25.93,0.68,1.76,99.56,17.529999999999987,30.52
2015-02-27,11.39,83.0,26.02,0.68,2.36,99.62,25.579999999999984,31.69
2015-02-28,4.93,78.75,26.66,0.68,1.58,99.61,22.829999999999984,29.12
2015-03-01,9.84,84.15,26.42,0.68,2.36,99.63,26.15999999999999,32.18
2015-03-02,9.57,83.81,26.63,0.69,2.01,99.72,24.339999999999986,31.23
2015-03-03,2.8,78.04,26.97,0.69,1.43,99.7,22.209999999999987,28.31
2015-03-04,8.44,82.8,26.67,0.69,3.36,99.73,20.809999999999985,30.89
2015-03-05,0.63,76.31,27.55,0.68,1.91,99.71,11.869999999999985,25.7
2015-03-06,0.88,76.63,27.42,0.68,2.02,99.78,9.949999999999985,25.01
2015-03-07,0.42,75.09,27.06,0.67,2.87,99.74,1.929999999999984,23.47
2015-03-08,0.65,74.19,26.54,0.66,1.99,99.84,1.949999999999984,21.35
2015-03-09,7.7,73.39,26.6,0.66,2.37,99.9,8.769999999999984,21.78
2015-03-10,1.06,73.2,26.34,0.66,3.6,99.86,9.409999999999984,22.8
2015-03-11,0.33,74.25,26.87,0.65,2.64,99.8,9.089999999999984,22.76
2015-03-12,7.04,79.28,27.01,0.65,3.28,99.74,8.429999999999984,25.64
2015-03-13,11.39,81.99,26.75,0.66,2.41,99.74,18.759999999999984,28.36
2015-03-14,7.6,78.5,26.52,0.66,2.05,99.86,26.029999999999987,26.82
2015-03-15,1.42,74.24,27.21,0.66,1.98,99.88,20.409999999999986,23.93
2015-03-16,1.6,76.53,27.41,0.65,1.78,99.85,10.619999999999983,23.08
2015-03-17,9.96,78.62,27.44,0.65,1.94,99.75,12.979999999999984,25.26
2015-03-18,1.23,74.29,26.61,0.65,2.05,99.69,12.789999999999985,23.96
2015-03-19,0.39,72.14,27.19,0.65,1.41,99.69,11.579999999999984,22.52
2015-03-20,0.2,71.16,27.01,0.64,1.41,99.76,1.819999999999984,19.56
2015-03-21,0.01,70.19,27.25,0.64,1.78,99.83,0.599999999999984,18.57
2015-03-22,0.01,73.39,27.09,0.63,1.94,99.78,0.21999999999998401,19.95
2015-03-23,0.02,74.48,27.56,0.62,1.83,99.68,0.039999999999984014,20.74
2015-03-24,0.04,71.91,27.49,0.62,1.72,99.61,0.06999999999998402,20.18
2015-03-25,0.03,68.76,27.32,0.61,1.67,99.68,0.08999999999998401,17.81
2015-03-26,1.64,70.42,27.93,0.61,1.19,99.73,1.709999999999984,18.09
2015-03-27,17.94,79.03,27.62,0.61,2.78,99.72,19.609999999999985,25.49
2015-03-28,6.83,75.59,27.71,0.62,1.57,99.68,26.409999999999982,25.21
2015-03-29,3.37,76.44,27.94,0.62,1.48,99.58,28.139999999999983,26.63
2015-03-30,9.71,80.69,27.42,0.62,1.39,99.59,19.909999999999986,27.01
2015-03-31,9.58,78.54,27.87,0.63,1.45,99.59,22.659999999999986,26.98
2015-04-01,15.82,83.99,27.38,0.63,1.97,99.61,35.109999999999985,31.36
2015-04-02,12.36,84.29,27.03,0.65,2.48,99.58,37.759999999999984,33.28
2015-04-03,4.14,85.23,27.01,0.65,2.81,99.47,32.319999999999986,33.92
2015-04-04,1.07,83.19,27.66,0.65,2.92,99.29,17.569999999999986,32.31
2015-04-05,0.38,81.01,27.99,0.64,2.43,99.33,5.589999999999984,28.49
2015-04-06,6.46,85.26,27.27,0.64,3.23,99.42,7.909999999999984,30.33
2015-04-07,14.53,86.23,26.99,0.64,2.88,99.47,21.369999999999983,32.24
2015-04-08,13.85,88.11,26.38,0.66,3.0,99.59,34.83999999999998,35.06
2015-04-09,2.37,77.13,27.62,0.66,2.09,99.61,30.749999999999982,29.1
2015-04-10,6.38,80.1,27.85,0.66,1.97,99.68,22.599999999999987,28.43
2015-04-11,5.39,82.56,27.65,0.66,2.01,99.73,14.139999999999983,27.75
2015-04-12,8.18,83.77,27.31,0.66,2.49,99.85,19.94999999999998,28.42
2015-04-13,27.19,74.83,27.45,0.68,1.27,99.82,40.759999999999984,28.34
2015-04-14,3.54,73.35,27.59,0.69,1.8,99.65,38.90999999999998,29.56
2015-04-15,13.85,82.5,27.09,0.69,2.27,99.65,44.579999999999984,34.58
2015-04-16,9.22,83.42,27.04,0.7,1.95,99.76,26.609999999999985,31.48
2015-04-17,6.03,83.56,27.1,0.7,3.08,99.69,29.099999999999984,33.13
2015-04-18,7.58,80.19,27.61,0.7,1.86,99.49,22.829999999999984,31.73
2015-04-19,11.68,78.49,28.2,0.7,1.67,99.45,25.289999999999985,31.63
2015-04-20,30.46,86.97,26.84,0.72,2.06,99.55,49.719999999999985,39.28
2015-04-21,21.41,86.12,26.38,0.75,4.78,99.6,63.54999999999998,43.41
2015-04-22,1.16,83.36,27.12,0.75,3.19,99.64,53.02999999999999,39.39
2015-04-23,2.89,84.65,27.32,0.74,2.92,99.66,25.459999999999987,34.88
2015-04-24,10.41,83.6,27.67,0.74,2.67,99.66,14.459999999999987,32.57
2015-04-25,11.21,83.35,27.35,0.75,2.46,99.6,24.509999999999987,34.85
2015-04-26,12.41,83.88,27.1,0.75,2.29,99.59,34.02999999999999,36.57
2015-04-27,7.14,83.23,27.48,0.76,2.65,99.64,30.759999999999987,35.97
2015-04-28,4.96,85.34,27.05,0.76,1.95,99.67,24.509999999999984,35.26
2015-04-29,8.43,85.49,27.18,0.76,2.55,99.63,20.529999999999987,35.36
2015-04-30,13.19,86.43,26.72,0.77,3.58,99.73,26.579999999999984,36.84
2015-05-01,4.17,85.35,27.11,0.77,3.01,99.68,25.789999999999985,36.37
2015-05-02,5.68,86.74,27.34,0.77,3.37,99.62,23.039999999999985,37.23
2015-05-03,7.68,82.78,27.84,0.78,2.71,99.57,17.529999999999987,35.17
2015-05-04,3.41,81.52,27.51,0.78,2.21,99.59,16.769999999999985,34.08
2015-05-05,2.72,83.32,27.19,0.78,1.98,99.53,13.809999999999986,34.76
2015-05-06,5.34,85.04,26.78,0.78,2.57,99.5,11.469999999999986,35.69
2015-05-07,14.54,86.37,26.77,0.78,3.97,99.59,22.599999999999987,38.0
2015-05-08,7.63,84.2,27.4,0.78,3.4,99.48,27.509999999999987,38.47
2015-05-09,9.9,88.88,27.15,0.79,3.72,99.39,32.069999999999986,42.52
2015-05-10,21.86,86.6,26.74,0.79,3.02,99.42,39.389999999999986,42.07
2015-05-11,22.37,89.16,26.28,0.82,3.69,99.47,54.12999999999998,46.69
2015-05-12,5.7,83.68,26.62,0.82,2.84,99.47,49.929999999999986,43.24
2015-05-13,3.92,87.23,26.49,0.82,3.48,99.43,31.989999999999988,42.61
2015-05-14,7.0,86.55,27.56,0.82,4.29,99.43,16.619999999999987,40.35
2015-05-15,3.89,87.18,27.58,0.82,4.6,99.53,14.809999999999986,39.66
2015-05-16,5.43,86.67,27.63,0.82,6.11,99.48,16.319999999999986,40.92
2015-05-17,7.94,84.78,27.73,0.82,6.08,99.45,17.259999999999987,40.5
2015-05-18,5.99,86.37,27.45,0.82,5.67,99.49,19.359999999999985,40.95
2015-05-19,7.29,86.14,27.46,0.82,5.54,99.59,21.219999999999985,40.23
2015-05-20,4.55,85.89,27.15,0.82,5.17,99.68,17.829999999999984,38.64
2015-05-21,3.25,88.16,26.91,0.82,6.63,99.71,15.089999999999986,39.71
2015-05-22,1.9,84.39,27.17,0.81,5.87,99.7,9.699999999999985,36.51
2015-05-23,1.36,85.92,27.2,0.81,6.46,99.67,6.509999999999986,37.23
2015-05-24,3.59,86.04,27.32,0.81,5.49,99.69,6.849999999999985,36.64
2015-05-25,1.59,87.51,27.3,0.8,4.7,99.66,6.539999999999985,36.62
2015-05-26,0.83,87.25,27.1,0.8,5.47,99.67,6.009999999999986,36.76
2015-05-27,0.31,86.76,27.26,0.8,4.85,99.59,2.7299999999999858,36.37
2015-05-28,0.56,87.76,27.5,0.79,4.49,99.44,1.6999999999999857,37.28
2015-05-29,0.95,88.0,27.51,0.79,4.99,99.46,1.8199999999999856,37.5
2015-05-30,2.73,88.75,27.39,0.79,4.4,99.53,4.239999999999986,37.29
2015-05-31,4.71,86.53,27.07,0.79,5.5,99.49,8.389999999999985,37.93
2015-06-01,4.68,87.86,26.71,0.79,5.59,99.45,12.119999999999983,39.46
2015-06-02,2.4,87.74,26.87,0.79,4.12,99.45,11.789999999999983,38.57
2015-06-03,3.31,88.08,27.28,0.78,4.06,99.34,10.389999999999985,38.96
2015-06-04,5.29,89.1,26.84,0.79,4.66,99.36,10.999999999999986,40.07
2015-06-05,17.77,91.25,26.41,0.79,5.15,99.45,26.369999999999983,42.9
2015-06-06,6.73,86.02,26.77,0.8,2.82,99.46,29.78999999999999,40.3
2015-06-07,2.68,88.23,27.11,0.8,4.03,99.45,27.179999999999986,41.57
2015-06-08,2.62,86.56,26.9,0.8,4.13,99.57,12.02999999999999,37.53
2015-06-09,2.8,82.58,26.89,0.79,4.89,99.59,8.099999999999989,35.04
2015-06-10,0.71,83.51,27.15,0.79,3.84,99.48,6.12999999999999,35.48
2015-06-11,7.21,87.55,27.12,0.78,5.31,99.47,10.719999999999988,38.37
2015-06-12,8.68,86.63,26.64,0.79,5.0,99.53,16.599999999999987,38.66
2015-06-13,0.99,87.97,26.78,0.79,4.46,99.48,16.879999999999985,39.4
2015-06-14,1.93,87.69,26.98,0.78,4.31,99.45,11.599999999999987,38.2
2015-06-15,6.74,88.56,26.8,0.78,4.71,99.46,9.659999999999988,38.39
2015-06-16,10.33,87.1,26.94,0.78,5.34,99.45,18.999999999999986,39.66
2015-06-17,2.93,84.98,27.1,0.79,4.92,99.37,19.99999999999999,39.79
2015-06-18,9.33,88.89,26.92,0.79,5.38,99.36,22.58999999999999,42.19
2015-06-19,8.6,90.81,27.03,0.79,5.7,99.44,20.859999999999985,42.23
2015-06-20,1.8,89.74,27.24,0.79,5.24,99.45,19.729999999999986,41.27
2015-06-21,0.99,86.49,27.23,0.79,5.71,99.52,11.389999999999986,38.25
2015-06-22,1.12,86.86,26.85,0.79,4.64,99.55,3.9099999999999877,36.4
2015-06-23,1.81,87.91,26.97,0.78,4.48,99.59,3.919999999999988,36.0
2015-06-24,1.11,86.42,27.14,0.78,4.76,99.7,4.039999999999988,34.61
2015-06-25,1.61,85.16,27.07,0.77,4.96,99.68,4.529999999999988,34.01
2015-06-26,4.88,87.23,27.07,0.77,5.69,99.62,7.599999999999987,36.27
2015-06-27,11.9,85.65,26.69,0.77,5.86,99.69,18.38999999999999,36.8
2015-06-28,7.45,86.58,26.62,0.78,5.04,99.77,24.22999999999999,37.42
2015-06-29,4.71,85.8,26.68,0.78,6.08,99.84,24.059999999999988,37.03
2015-06-30,1.38,84.43,26.87,0.78,4.81,99.77,13.539999999999988,34.7
2015-07-01,2.44,88.57,26.67,0.77,4.19,99.78,8.529999999999989,34.83
2015-07-02,1.75,88.47,26.74,0.77,4.32,99.79,5.56999999999999,34.31
2015-07-03,2.21,88.81,26.8,0.77,5.13,99.79,6.39999999999999,35.02
2015-07-04,1.42,84.91,27.1,0.76,6.34,99.77,5.379999999999989,33.61
2015-07-05,2.3,87.82,27.21,0.76,7.02,99.62,5.929999999999989,36.55
2015-07-06,0.91,88.83,27.01,0.76,7.25,99.55,4.629999999999989,37.49
2015-07-07,0.73,86.92,26.8,0.75,6.15,99.49,3.9399999999999893,36.06
2015-07-08,0.23,83.62,26.83,0.74,6.2,99.6,1.8699999999999894,33.01
2015-07-09,0.44,82.55,26.91,0.74,5.87,99.68,1.3999999999999893,31.63
2015-07-10,9.63,85.77,26.98,0.73,6.65,99.56,10.29999999999999,35.4
2015-07-11,5.88,87.01,26.64,0.74,6.21,99.56,15.949999999999989,37.0
2015-07-12,0.52,86.97,26.84,0.73,5.2,99.49,16.02999999999999,36.61
2015-07-13,0.72,85.9,26.98,0.73,6.07,99.43,7.1199999999999894,35.74
2015-07-14,3.13,88.06,26.89,0.72,7.14,99.38,4.3699999999999894,36.8
2015-07-15,7.14,89.67,26.3,0.72,7.25,99.36,10.98999999999999,38.74
2015-07-16,4.0,89.45,26.16,0.73,6.85,99.36,14.269999999999989,39.37
2015-07-17,2.97,86.14,26.27,0.73,6.77,99.43,14.109999999999989,37.31
2015-07-18,3.13,84.79,26.22,0.72,6.19,99.54,10.099999999999989,34.45
2015-07-19,1.37,87.55,26.26,0.72,5.79,99.49,7.46999999999999,35.41
2015-07-20,2.95,87.53,26.03,0.72,5.16,99.43,7.449999999999989,35.56
2015-07-21,5.02,88.78,26.39,0.72,5.01,99.48,9.33999999999999,35.89
2015-07-22,8.26,89.9,25.58,0.72,4.85,99.59,16.22999999999999,36.44
2015-07-23,4.34,89.28,25.3,0.72,4.56,99.7,17.61999999999999,35.31
2015-07-24,1.48,86.25,25.73,0.72,4.28,99.78,14.07999999999999,32.65
2015-07-25,1.01,85.89,26.02,0.72,4.71,99.73,6.829999999999989,32.01
2015-07-26,3.14,87.8,25.98,0.72,4.23,99.73,5.629999999999989,32.37
2015-07-27,0.64,88.05,26.12,0.72,3.06,99.71,4.789999999999989,31.88
2015-07-28,0.51,89.69,25.98,0.71,3.61,99.75,4.289999999999989,32.04
2015-07-29,1.43,87.72,26.17,0.71,4.27,99.74,2.5799999999999894,31.37
2015-07-30,0.49,85.83,26.21,0.71,4.59,99.75,2.429999999999989,30.64
2015-07-31,0.85,85.86,26.22,0.7,4.2,99.67,2.7699999999999894,30.74
2015-08-01,1.05,83.31,26.52,0.7,4.89,99.74,2.3899999999999895,29.39
2015-08-02,1.19,83.73,26.71,0.7,5.28,99.75,3.089999999999989,29.8
2015-08-03,2.76,85.02,26.45,0.69,5.45,99.75,4.999999999999989,30.32
2015-08-04,7.75,85.97,26.57,0.69,6.02,99.74,11.699999999999989,32.16
2015-08-05,5.86,83.23,26.04,0.69,6.22,99.78,16.36999999999999,31.51
2015-08-06,0.93,86.06,26.25,0.69,5.53,99.6,14.53999999999999,33.56
2015-08-07,0.81,84.74,26.92,0.69,5.86,99.54,7.599999999999991,32.59
2015-08-08,0.93,85.24,26.96,0.68,6.4,99.54,2.66999999999999,31.9
2015-08-09,3.69,88.74,26.57,0.68,7.28,99.39,5.429999999999991,35.55
2015-08-10,2.07,87.44,26.34,0.68,6.83,99.39,6.689999999999991,34.95
2015-08-11,1.99,86.88,26.28,0.68,6.4,99.54,7.74999999999999,33.39
2015-08-12,1.39,87.85,26.6,0.68,6.89,99.65,5.44999999999999,32.78
2015-08-13,0.63,86.67,26.51,0.67,5.38,99.55,4.009999999999991,31.65
2015-08-14,0.32,86.82,26.67,0.67,5.59,99.5,2.3399999999999905,31.99
2015-08-15,4.4,87.48,26.61,0.66,4.7,99.5,5.349999999999991,31.84
2015-08-16,10.9,90.11,26.0,0.67,3.51,99.57,15.61999999999999,33.76
2015-08-17,8.97,87.08,26.19,0.67,3.0,99.46,24.269999999999992,34.48
2015-08-18,8.44,88.41,25.88,0.68,4.06,99.53,28.309999999999988,36.08
2015-08-19,0.56,85.15,26.44,0.68,4.37,99.71,17.96999999999999,31.74
2015-08-20,0.83,85.24,26.46,0.67,4.61,99.78,9.829999999999991,29.61
2015-08-21,1.01,85.2,26.52,0.67,4.49,99.73,2.399999999999991,28.79
2015-08-22,1.73,86.2,26.64,0.67,5.02,99.67,3.569999999999991,30.18
2015-08-23,3.71,87.18,26.54,0.66,4.96,99.69,6.44999999999999,30.43
2015-08-24,5.61,84.76,26.52,0.66,5.52,99.71,11.049999999999992,30.26
2015-08-25,4.46,84.17,26.64,0.66,5.71,99.62,13.77999999999999,31.3
2015-08-26,4.32,86.9,26.49,0.66,5.46,99.56,14.389999999999993,32.92
2015-08-27,2.75,86.41,26.67,0.66,6.47,99.58,11.52999999999999,32.64
2015-08-28,12.48,86.05,26.55,0.67,6.05,99.68,19.54999999999999,33.1
2015-08-29,4.94,85.42,26.71,0.67,5.87,99.62,20.16999999999999,33.34
2015-08-30,4.85,85.8,26.81,0.67,6.36,99.65,22.26999999999999,33.84
2015-08-31,2.81,84.61,26.9,0.67,4.88,99.68,12.599999999999989,30.77
2015-09-01,1.75,87.68,26.77,0.66,5.8,99.57,9.40999999999999,32.57
2015-09-02,1.37,84.92,27.1,0.66,4.62,99.47,5.929999999999989,31.05
2015-09-03,20.73,87.72,26.87,0.66,4.87,99.53,23.84999999999999,34.68
2015-09-04,15.4,87.62,26.13,0.69,3.93,99.77,37.49999999999999,35.53
2015-09-05,6.76,86.93,26.14,0.69,4.43,99.87,42.88999999999999,35.52
2015-09-06,6.23,85.97,25.7,0.69,5.17,99.89,28.38999999999999,33.06
2015-09-07,4.39,80.53,25.36,0.69,4.03,99.96,17.37999999999999,27.83
2015-09-08,2.02,80.92,25.98,0.69,3.53,99.81,12.63999999999999,28.24
2015-09-09,2.14,86.01,26.3,0.68,4.59,99.79,8.54999999999999,30.07
2015-09-10,8.07,87.43,26.37,0.68,4.6,99.78,12.22999999999999,31.34
2015-09-11,15.98,86.87,26.23,0.69,4.51,99.77,26.18999999999999,33.75
2015-09-12,4.36,87.42,26.43,0.7,4.51,99.71,28.40999999999999,35.26
2015-09-13,2.67,86.61,26.51,0.7,5.18,99.78,23.00999999999999,33.84
2015-09-14,3.79,87.43,26.69,0.7,5.82,99.74,10.81999999999999,32.96
2015-09-15,10.12,87.11,26.74,0.7,6.45,99.65,16.579999999999988,34.82
2015-09-16,7.7,85.43,27.1,0.7,7.42,99.48,21.60999999999999,36.85
2015-09-17,6.7,86.25,27.19,0.7,6.39,99.43,24.51999999999999,37.52
2015-09-18,6.86,87.53,26.05,0.7,6.24,99.51,21.25999999999999,36.8
2015-09-19,8.76,88.59,26.17,0.71,5.73,99.54,22.31999999999999,37.31
2015-09-20,7.29,90.83,26.13,0.71,5.45,99.55,22.90999999999999,38.12
2015-09-21,2.78,87.32,26.49,0.72,4.62,99.58,18.829999999999988,35.71
2015-09-22,1.72,83.93,26.57,0.71,4.31,99.53,11.789999999999987,33.0
2015-09-23,8.39,87.29,26.59,0.71,4.04,99.63,12.889999999999986,33.61
2015-09-24,10.23,86.98,26.1,0.72,3.87,99.69,20.33999999999999,34.47
2015-09-25,12.92,86.86,26.09,0.72,5.15,99.58,31.53999999999999,37.8
2015-09-26,26.24,89.4,25.82,0.74,4.92,99.55,49.389999999999986,42.65
2015-09-27,12.17,89.53,25.86,0.75,4.47,99.52,51.329999999999984,43.44
2015-09-28,15.51,87.14,25.99,0.76,4.72,99.48,53.91999999999999,43.73
2015-09-29,32.65,89.37,25.25,0.77,6.03,99.5,60.329999999999984,46.65
2015-09-30,3.89,85.02,25.72,0.78,5.68,99.62,52.04999999999998,42.73
2015-10-01,8.84,85.8,26.32,0.78,4.58,99.73,45.37999999999998,40.49
2015-10-02,3.24,86.46,26.38,0.78,4.02,99.86,15.969999999999986,34.76
2015-10-03,1.86,88.04,26.39,0.78,3.24,99.87,13.939999999999985,34.61
2015-10-04,10.55,87.63,26.64,0.78,4.58,99.85,15.649999999999986,35.59
2015-10-05,5.25,87.5,26.51,0.78,5.56,99.75,17.659999999999986,37.22
2015-10-06,5.67,86.64,26.66,0.78,4.26,99.65,21.469999999999985,37.59
2015-10-07,6.33,88.62,26.59,0.78,4.14,99.68,17.249999999999986,37.45
2015-10-08,5.77,86.62,26.38,0.78,4.6,99.77,17.769999999999985,36.18
2015-10-09,4.55,85.64,26.08,0.78,4.62,99.78,16.649999999999984,35.52
2015-10-10,4.72,85.83,26.5,0.78,4.6,99.77,15.039999999999985,35.42
2015-10-11,4.42,85.22,26.81,0.78,3.71,99.8,13.689999999999985,34.21
2015-10-12,5.89,85.56,26.65,0.78,2.57,99.81,15.029999999999987,33.87
2015-10-13,8.55,88.27,26.41,0.78,2.86,99.75,18.859999999999985,36.28
2015-10-14,20.1,89.53,26.03,0.79,2.67,99.8,34.539999999999985,39.18
2015-10-15,22.28,85.93,26.32,0.8,2.7,99.73,50.929999999999986,41.25
2015-10-16,20.16,85.23,26.41,0.81,2.05,99.68,62.53999999999998,43.27
2015-10-17,11.11,84.57,26.88,0.82,1.31,99.69,53.54999999999998,41.52
2015-10-18,23.62,86.83,26.73,0.82,2.73,99.75,54.889999999999986,42.95
2015-10-19,26.01,85.88,27.08,0.84,2.85,99.71,60.73999999999999,44.71
2015-10-20,13.2,89.19,26.54,0.86,3.23,99.59,62.829999999999984,48.5
2015-10-21,28.18,87.57,26.27,0.87,2.14,99.56,67.38999999999999,48.62
2015-10-22,13.36,87.85,26.15,0.88,2.24,99.64,54.73999999999998,46.56
2015-10-23,21.39,91.14,25.49,0.89,3.47,99.62,62.92999999999998,50.49
2015-10-24,11.49,91.32,25.77,0.89,3.47,99.51,46.23999999999998,48.87
2015-10-25,21.41,91.2,25.56,0.9,4.38,99.6,54.289999999999985,50.24
2015-10-26,37.34,88.42,24.46,0.92,3.45,99.72,70.23999999999998,50.91
2015-10-27,11.61,87.51,25.4,0.92,3.94,99.66,70.35999999999999,51.31
2015-10-28,20.85,85.45,26.06,0.93,4.3,99.61,69.79999999999998,51.38
2015-10-29,10.85,87.68,25.97,0.93,4.69,99.54,43.30999999999999,48.97
2015-10-30,12.74,89.35,25.08,0.93,3.19,99.53,44.43999999999998,49.13
2015-10-31,6.73,88.74,25.79,0.93,5.0,99.64,30.319999999999986,46.71
2015-11-01,13.61,88.24,25.72,0.93,4.37,99.72,33.079999999999984,45.92
2015-11-02,32.89,88.66,25.64,0.93,2.96,99.79,53.22999999999999,47.91
2015-11-03,18.77,86.84,25.95,0.94,3.09,99.78,65.26999999999998,49.6
2015-11-04,5.7,80.59,26.62,0.94,1.91,99.69,57.359999999999985,45.83
2015-11-05,17.4,84.79,26.61,0.94,2.8,99.65,41.86999999999998,46.0
2015-11-06,35.54,84.92,26.44,0.95,2.89,99.53,58.639999999999986,50.16
2015-11-07,8.61,85.18,26.31,0.95,3.07,99.55,61.549999999999976,50.66
2015-11-08,17.85,90.69,25.67,0.95,3.34,99.65,61.99999999999998,52.37
2015-11-09,6.08,87.7,25.71,0.95,4.44,99.63,32.539999999999985,47.24
2015-11-10,5.66,87.99,26.27,0.95,4.34,99.53,29.58999999999999,47.69
2015-11-11,4.22,88.16,25.67,0.95,3.64,99.63,15.959999999999987,44.4
2015-11-12,14.68,85.47,26.32,0.94,2.98,99.7,24.559999999999988,43.24
2015-11-13,24.92,89.39,25.79,0.95,3.99,99.67,43.81999999999999,49.15
2015-11-14,51.22,90.28,25.17,0.96,3.62,99.46,90.82,58.89
2015-11-15,21.02,89.81,25.24,0.97,3.65,99.39,97.15999999999998,60.72
2015-11-16,12.54,89.34,25.74,0.97,4.15,99.43,84.77999999999999,58.51
2015-11-17,1.14,88.11,26.39,0.96,3.44,99.47,34.69999999999999,48.98
2015-11-18,1.77,86.64,26.54,0.96,2.79,99.53,15.449999999999992,44.48
2015-11-19,12.84,86.85,26.68,0.95,2.37,99.56,15.749999999999993,43.72
2015-11-20,4.17,78.78,27.1,0.95,1.14,99.54,18.779999999999994,40.27
2015-11-21,8.31,81.79,26.44,0.95,1.53,99.49,25.319999999999993,43.21
2015-11-22,10.43,83.59,26.76,0.95,1.39,99.45,22.909999999999993,43.85
2015-11-23,5.74,83.34,27.1,0.94,2.03,99.55,24.479999999999997,43.07
2015-11-24,10.08,83.11,27.0,0.94,2.32,99.57,26.249999999999993,43.24
2015-11-25,6.77,85.99,26.64,0.94,3.98,99.59,22.589999999999993,44.62
2015-11-26,4.22,84.89,26.25,0.94,4.01,99.65,21.069999999999993,43.43
2015-11-27,0.59,83.82,26.22,0.93,3.27,99.56,11.579999999999993,41.42
2015-11-28,6.63,88.6,25.51,0.93,3.48,99.67,11.439999999999992,42.61
2015-11-29,16.2,87.54,25.77,0.93,4.51,99.65,23.41999999999999,44.77
2015-11-30,46.43,89.95,26.34,0.94,5.5,99.52,69.25999999999999,55.04
2015-12-01,12.96,91.9,26.13,0.95,3.24,99.5,75.58999999999999,56.23
2015-12-02,15.67,89.84,25.98,0.95,3.43,99.66,75.05999999999999,54.03
2015-12-03,5.19,89.27,25.9,0.95,3.35,99.65,33.81999999999999,47.35
2015-12-04,14.65,91.83,26.25,0.95,4.29,99.37,35.50999999999999,51.56
2015-12-05,20.08,92.11,26.13,0.96,4.74,99.35,39.91999999999999,53.21
2015-12-06,6.74,85.4,26.29,0.96,1.64,99.54,41.46999999999999,47.34
2015-12-07,13.34,86.25,26.21,0.96,1.68,99.58,40.15999999999999,47.18
2015-12-08,30.41,88.34,26.02,0.96,4.32,99.6,50.489999999999995,50.94
2015-12-09,5.52,87.16,26.6,0.97,1.76,99.66,49.269999999999996,48.79
2015-12-10,8.02,88.75,26.59,0.96,2.5,99.68,43.949999999999996,48.43
2015-12-11,7.43,84.02,26.72,0.96,1.4,99.65,20.96999999999999,42.48
2015-12-12,7.18,84.14,27.11,0.96,1.39,99.57,22.629999999999992,43.46
2015-12-13,4.03,86.65,26.87,0.96,1.55,99.66,18.639999999999993,43.22
2015-12-14,20.03,87.9,26.19,0.96,2.24,99.7,31.239999999999995,45.77
2015-12-15,10.14,86.04,26.8,0.96,2.49,99.72,34.199999999999996,45.41
2015-12-16,9.67,87.17,26.22,0.96,1.68,99.72,39.839999999999996,46.34
2015-12-17,1.32,79.94,26.84,0.96,1.94,99.71,21.129999999999992,40.56
2015-12-18,11.6,79.78,26.3,0.95,1.44,99.79,22.589999999999993,39.36
2015-12-19,5.16,83.46,26.26,0.95,1.69,99.88,18.07999999999999,39.59
2015-12-20,5.11,83.62,26.32,0.95,3.01,99.87,21.869999999999994,41.05
2015-12-21,4.03,83.45,26.15,0.94,4.42,99.87,14.299999999999994,40.13
2015-12-22,1.05,80.21,25.65,0.93,5.16,99.94,10.189999999999994,37.5
2015-12-23,0.0,79.81,25.34,0.93,4.48,99.95,5.079999999999993,36.08
2015-12-24,0.01,76.0,25.3,0.92,4.12,99.89,1.059999999999993,33.72
2015-12-25,0.17,79.37,25.72,0.91,4.0,99.82,0.17999999999999292,35.11
2015-12-26,2.53,84.88,26.08,0.9,5.39,99.77,2.709999999999993,38.59
2015-12-27,11.35,88.44,26.08,0.9,5.96,99.77,14.049999999999994,42.18
2015-12-28,7.29,86.09,26.53,0.9,4.18,99.88,21.16999999999999,40.42
2015-12-29,7.74,86.44,26.94,0.9,3.22,99.82,26.379999999999992,41.37
2015-12-30,3.97,84.89,26.22,0.9,5.41,99.75,18.999999999999993,41.33
2015-12-31,1.44,85.3,26.13,0.89,5.84,99.8,13.149999999999995,39.97
2016-01-01,2.1,85.88,26.23,0.88,5.9,99.91,7.509999999999993,38.02
2016-01-02,2.31,85.98,26.03,0.88,4.99,99.97,5.8499999999999925,36.8
2016-01-03,0.55,84.84,25.78,0.87,5.76,99.92,4.959999999999994,36.59
2016-01-04,0.47,85.14,26.31,0.86,5.26,99.89,3.329999999999993,36.02
2016-01-05,4.14,87.2,26.56,0.86,4.64,99.82,5.159999999999993,37.44
2016-01-06,6.87,87.73,26.54,0.86,4.47,99.8,11.479999999999993,38.73
2016-01-07,6.05,88.86,25.59,0.86,5.02,99.9,17.05999999999999,39.54
2016-01-08,0.69,87.86,25.29,0.86,4.68,99.95,13.609999999999992,37.97
2016-01-09,0.08,83.42,26.08,0.85,4.09,99.81,6.819999999999992,35.46
2016-01-10,0.6,83.47,26.28,0.85,4.65,99.84,1.3699999999999928,34.67
2016-01-11,0.49,83.24,25.8,0.84,5.87,99.85,1.1699999999999928,34.7
2016-01-12,0.01,82.67,25.31,0.83,5.77,99.72,1.0999999999999928,35.06
2016-01-13,0.01,81.92,24.88,0.82,4.64,99.76,0.5099999999999929,33.28
2016-01-14,0.0,81.72,24.48,0.82,4.96,99.78,0.019999999999992895,33.12
2016-01-15,0.0,80.6,24.63,0.81,3.7,99.69,0.009999999999992895,32.3
2016-01-16,0.06,83.4,24.86,0.8,3.57,99.68,0.05999999999999289,33.08
2016-01-17,0.08,80.14,25.08,0.8,4.21,99.68,0.1399999999999929,32.06
2016-01-18,0.01,78.96,24.97,0.79,3.61,99.62,0.1499999999999929,31.32
2016-01-19,0.02,78.93,25.66,0.79,3.26,99.58,0.1099999999999929,31.44
2016-01-20,0.03,79.51,25.97,0.78,3.11,99.68,0.05999999999999289,30.34
2016-01-21,0.03,80.18,26.22,0.77,3.59,99.72,0.07999999999999288,30.12
2016-01-22,0.01,80.3,26.2,0.77,3.19,99.77,0.06999999999999289,29.54
2016-01-23,1.55,85.08,26.55,0.76,4.29,99.79,1.589999999999993,31.81
2016-01-24,5.96,85.84,26.88,0.76,4.06,99.81,7.5199999999999925,32.77
2016-01-25,6.06,83.84,26.88,0.75,4.88,99.76,13.569999999999993,33.31
2016-01-26,3.34,81.35,26.81,0.75,4.67,99.74,15.359999999999992,32.59
2016-01-27,0.87,79.26,25.52,0.74,5.11,99.79,10.269999999999992,30.3
2016-01-28,0.0,75.31,24.89,0.74,4.02,99.82,4.209999999999994,26.83
2016-01-29,0.21,78.98,24.93,0.73,4.31,99.86,1.0799999999999939,27.29
2016-01-30,0.3,78.56,24.68,0.72,4.96,99.85,0.5099999999999938,27.04
2016-01-31,0.53,82.08,25.17,0.72,4.96,99.76,1.0399999999999938,29.37
2016-02-01,0.54,79.94,25.65,0.71,4.83,99.77,1.369999999999994,27.94
2016-02-02,0.06,79.41,24.96,0.71,6.06,99.78,1.129999999999994,28.25
2016-02-03,0.0,78.27,24.35,0.7,5.58,99.77,0.5999999999999939,27.09
2016-02-04,0.01,76.97,24.7,0.69,4.32,99.78,0.06999999999999378,25.27
2016-02-05,1.63,79.14,25.61,0.69,3.91,99.73,1.6399999999999937,26.63
2016-02-06,2.51,80.19,26.82,0.68,2.99,99.65,4.149999999999993,27.22
2016-02-07,7.91,82.4,26.68,0.68,3.19,99.75,12.049999999999994,28.67
2016-02-08,0.49,80.23,27.29,0.68,3.03,99.7,10.909999999999993,27.9
2016-02-09,4.87,83.37,27.21,0.68,2.72,99.7,13.269999999999996,29.44
2016-02-10,4.86,80.96,27.02,0.68,3.52,99.71,10.219999999999995,28.28
2016-02-11,0.03,78.69,26.45,0.67,3.23,99.67,9.759999999999994,27.0
2016-02-12,0.01,76.22,25.76,0.66,3.46,99.67,4.899999999999994,24.9
2016-02-13,0.06,73.7,25.6,0.66,2.86,99.68,0.09999999999999379,22.67
2016-02-14,0.18,75.97,26.66,0.65,2.08,99.7,0.24999999999999378,22.64
2016-02-15,8.29,80.86,26.94,0.65,3.18,99.72,8.529999999999992,26.44
2016-02-16,1.5,80.68,26.5,0.65,4.73,99.76,9.969999999999992,27.09
2016-02-17,8.13,86.83,26.43,0.65,4.81,99.67,17.919999999999995,31.74
2016-02-18,7.89,84.2,27.3,0.65,3.45,99.61,17.519999999999992,30.33
2016-02-19,6.3,79.51,27.52,0.65,1.7,99.8,22.319999999999993,26.56
2016-02-20,9.41,79.36,27.27,0.65,1.86,99.9,23.599999999999994,25.94
2016-02-21,0.58,75.81,27.41,0.65,2.35,99.81,16.289999999999992,24.31
2016-02-22,0.06,72.75,27.44,0.65,1.82,99.89,10.049999999999994,21.08
2016-02-23,0.05,72.22,26.04,0.64,1.98,99.86,0.6899999999999928,19.3
2016-02-24,1.91,74.43,27.19,0.63,1.8,99.75,2.019999999999993,20.85
2016-02-25,6.56,78.97,27.95,0.63,1.66,99.73,8.519999999999992,23.88
2016-02-26,1.17,76.83,27.51,0.63,2.57,99.82,9.639999999999992,22.89
2016-02-27,0.65,78.67,27.13,0.62,3.26,99.86,8.379999999999992,23.08
2016-02-28,0.45,77.44,27.56,0.62,2.63,99.96,2.269999999999993,20.42
2016-02-29,0.75,80.2,27.33,0.61,3.65,99.92,1.849999999999993,21.99
2016-03-01,0.48,78.07,27.57,0.61,3.36,99.77,1.679999999999993,22.16
2016-03-02,0.17,76.88,27.45,0.61,3.93,99.78,1.3999999999999928,21.84
2016-03-03,0.24,76.86,27.68,0.6,3.77,99.85,0.8899999999999929,20.65
2016-03-04,0.69,77.69,27.93,0.6,3.57,99.74,1.099999999999993,21.85
2016-03-05,1.22,76.76,27.84,0.59,2.78,99.67,2.149999999999993,21.36
2016-03-06,0.41,75.37,27.92,0.59,2.05,99.62,2.3199999999999927,20.82
2016-03-07,4.48,77.39,27.91,0.58,2.08,99.59,6.109999999999993,22.12
2016-03-08,9.38,80.52,27.4,0.59,1.77,99.6,14.269999999999994,24.9
2016-03-09,4.84,80.26,27.33,0.59,1.33,99.68,18.699999999999996,24.58
2016-03-10,3.28,78.9,28.17,0.59,1.6,99.71,17.499999999999993,23.71
2016-03-11,2.44,80.93,27.94,0.59,1.78,99.74,10.559999999999992,23.32
2016-03-12,2.24,81.09,27.68,0.59,2.4,99.75,7.959999999999993,23.23
2016-03-13,1.29,81.81,27.74,0.59,2.62,99.75,5.969999999999993,23.34
2016-03-14,2.21,82.1,27.77,0.58,2.52,99.75,5.739999999999993,22.95
2016-03-15,2.67,82.35,27.36,0.58,2.67,99.75,6.169999999999993,23.21
2016-03-16,1.11,77.42,28.11,0.58,2.1,99.68,5.989999999999993,21.37
2016-03-17,0.62,74.17,28.49,0.57,1.89,99.69,4.399999999999993,19.12
2016-03-18,0.16,71.17,28.41,0.57,1.54,99.63,1.889999999999993,17.77
2016-03-19,0.18,76.86,27.85,0.56,2.63,99.7,0.9599999999999929,19.61
2016-03-20,0.08,73.29,27.97,0.56,2.23,99.72,0.4199999999999929,17.63
2016-03-21,0.04,76.0,28.07,0.55,2.81,99.67,0.29999999999999294,19.07
2016-03-22,0.06,77.75,28.31,0.55,3.57,99.57,0.1799999999999929,21.05
2016-03-23,0.01,76.1,28.36,0.54,2.78,99.6,0.1099999999999929,19.23
2016-03-24,0.11,71.99,28.76,0.54,1.72,99.73,0.1799999999999929,15.84
2016-03-25,0.23,73.12,28.33,0.53,1.6,99.85,0.34999999999999293,14.85
2016-03-26,0.02,73.18,28.35,0.53,2.03,99.81,0.35999999999999294,15.44
2016-03-27,2.72,72.11,28.36,0.53,1.82,99.79,2.969999999999993,15.45
2016-03-28,11.27,75.46,28.65,0.53,1.31,99.76,14.009999999999993,18.58
2016-03-29,10.77,74.65,28.89,0.54,1.66,99.78,24.75999999999999,20.37
2016-03-30,12.94,78.64,28.4,0.54,1.45,99.82,34.97999999999999,23.22
2016-03-31,10.37,79.33,28.03,0.55,1.58,99.73,34.07999999999999,24.62
2016-04-01,12.26,81.12,27.91,0.56,1.67,99.57,35.56999999999999,27.43
2016-04-02,2.22,79.38,28.09,0.56,1.82,99.64,24.84999999999999,24.5
2016-04-03,2.32,77.35,28.38,0.56,1.73,99.76,16.799999999999994,21.32
2016-04-04,3.84,77.59,28.46,0.56,1.9,99.67,8.379999999999992,20.95
2016-04-05,7.79,84.21,27.82,0.56,3.65,99.62,13.949999999999992,25.99
2016-04-06,8.89,82.02,28.0,0.56,2.61,99.69,20.519999999999992,24.95
2016-04-07,5.45,78.33,28.75,0.57,2.05,99.59,22.129999999999992,24.59
2016-04-08,3.9,79.4,28.9,0.57,2.3,99.54,18.239999999999995,24.99
2016-04-09,6.7,76.26,29.05,0.57,2.04,99.64,16.049999999999994,22.34
2016-04-10,9.24,80.79,28.36,0.57,2.45,99.75,19.839999999999996,24.15
2016-04-11,1.41,80.79,28.14,0.57,2.5,99.69,17.349999999999994,24.29
2016-04-12,2.29,83.59,28.31,0.57,3.46,99.59,12.939999999999994,26.14
2016-04-13,1.05,83.75,28.46,0.57,3.48,99.42,4.749999999999993,26.36
2016-04-14,2.5,82.28,28.8,0.57,3.5,99.41,5.839999999999993,26.01
2016-04-15,7.54,81.11,28.86,0.57,2.97,99.56,11.089999999999993,24.79
2016-04-16,5.72,79.67,28.99,0.57,3.17,99.56,15.759999999999991,25.02
2016-04-17,4.74,82.07,28.64,0.57,2.99,99.49,17.999999999999993,26.88
2016-04-18,4.75,81.01,28.66,0.57,2.8,99.49,15.209999999999994,25.89
2016-04-19,17.5,81.58,28.68,0.58,2.15,99.52,26.989999999999995,27.8
2016-04-20,12.58,83.9,28.2,0.59,2.37,99.63,34.82999999999999,29.63
2016-04-21,4.7,82.56,28.48,0.6,2.77,99.6,34.779999999999994,29.95
2016-04-22,2.86,83.82,28.59,0.6,3.46,99.55,20.139999999999993,28.98
2016-04-23,0.38,84.23,28.74,0.59,4.17,99.38,7.939999999999993,28.62
2016-04-24,0.18,82.51,28.9,0.59,3.91,99.29,3.419999999999993,27.8
2016-04-25,0.28,80.52,28.87,0.59,3.75,99.37,0.839999999999993,25.79
2016-04-26,0.97,80.8,28.63,0.58,2.64,99.51,1.429999999999993,23.81
2016-04-27,1.42,81.98,28.09,0.58,2.59,99.49,2.669999999999993,24.64
2016-04-28,2.8,79.08,28.68,0.58,2.66,99.49,5.189999999999992,23.85
2016-04-29,2.17,77.05,29.0,0.58,2.63,99.5,6.389999999999993,23.07
2016-04-30,11.94,81.39,28.51,0.58,2.6,99.54,16.909999999999993,26.21
2016-05-01,5.74,83.7,28.17,0.59,2.95,99.54,19.84999999999999,28.27
2016-05-02,4.35,84.62,28.2,0.59,2.99,99.56,22.029999999999994,28.85
2016-05-03,4.28,84.66,28.41,0.59,2.5,99.46,14.36999999999999,28.24
2016-05-04,4.24,83.42,28.45,0.59,2.6,99.47,12.86999999999999,27.45
2016-05-05,3.54,82.8,28.58,0.59,2.53,99.51,12.059999999999992,26.69
2016-05-06,5.46,86.18,28.01,0.59,2.86,99.5,13.239999999999991,28.57
2016-05-07,11.73,82.05,27.98,0.6,3.4,99.54,20.72999999999999,28.37
2016-05-08,14.14,78.41,28.7,0.6,2.06,99.54,31.32999999999999,27.77
2016-05-09,10.62,83.17,27.86,0.62,1.85,99.52,36.489999999999995,31.5
2016-05-10,16.56,78.86,28.02,0.62,1.47,99.51,41.31999999999999,30.31
2016-05-11,50.28,86.25,27.15,0.65,1.92,99.43,77.46,41.3
2016-05-12,22.9,86.94,27.07,0.7,3.29,99.35,89.73999999999998,47.05
2016-05-13,14.86,84.75,27.82,0.71,2.85,99.31,88.03999999999999,46.37
2016-05-14,39.84,85.27,27.8,0.73,3.73,99.39,77.6,45.61
2016-05-15,103.99,85.99,26.29,0.77,5.75,99.29,158.69,62.27
2016-05-16,46.09,87.94,26.96,0.83,9.63,99.07,189.91999999999996,74.48
2016-05-17,27.6,84.28,27.61,0.85,7.78,99.15,177.68,70.18
2016-05-18,20.81,85.68,27.9,0.86,6.94,99.2,94.49999999999999,57.27
2016-05-19,8.9,86.61,27.75,0.86,7.86,99.34,57.30999999999999,51.14
2016-05-20,16.74,84.42,27.85,0.87,6.24,99.43,46.44999999999998,47.3
2016-05-21,5.17,87.43,27.92,0.87,5.69,99.51,30.80999999999998,45.15
2016-05-22,3.88,88.49,28.05,0.87,5.61,99.61,25.789999999999985,43.93
2016-05-23,3.25,88.84,28.03,0.86,5.95,99.62,12.299999999999983,41.64
2016-05-24,10.31,89.0,27.77,0.87,7.36,99.63,17.439999999999984,43.62
2016-05-25,4.63,85.19,27.8,0.86,6.56,99.54,18.189999999999984,42.02
2016-05-26,4.78,87.08,27.81,0.86,6.01,99.51,19.719999999999985,43.01
2016-05-27,23.35,87.53,27.38,0.86,6.44,99.6,32.759999999999984,44.73
2016-05-28,17.14,84.77,26.75,0.88,5.88,99.73,45.26999999999998,44.98
2016-05-29,4.21,83.2,27.12,0.87,6.03,99.54,44.69999999999998,45.47
2016-05-30,13.91,85.43,27.32,0.87,6.16,99.51,35.259999999999984,45.26
2016-05-31,6.43,86.64,27.3,0.87,5.53,99.56,24.549999999999983,43.33
2016-06-01,4.35,85.41,27.26,0.87,5.09,99.61,24.689999999999984,42.17
2016-06-02,1.32,86.19,27.12,0.86,5.74,99.57,12.099999999999982,40.79
2016-06-03,1.41,86.45,27.11,0.86,5.41,99.51,7.079999999999982,40.44
2016-06-04,3.51,86.66,27.5,0.86,6.57,99.48,6.2399999999999824,41.27
2016-06-05,2.94,84.29,27.47,0.85,6.13,99.53,7.859999999999982,39.44
2016-06-06,1.1,83.17,27.38,0.84,5.75,99.56,7.549999999999981,38.04
2016-06-07,8.96,86.69,27.3,0.84,6.37,99.57,12.999999999999982,40.64
2016-06-08,12.27,89.48,27.17,0.84,6.36,99.6,22.329999999999984,43.03
2016-06-09,7.66,89.37,27.15,0.85,5.62,99.63,28.88999999999998,43.78
2016-06-10,6.71,86.34,26.95,0.85,5.68,99.69,26.63999999999998,41.67
2016-06-11,3.26,87.05,26.81,0.84,5.38,99.69,17.62999999999998,39.97
2016-06-12,10.47,90.11,26.73,0.84,5.53,99.7,20.439999999999984,41.71
2016-06-13,5.88,88.89,26.69,0.85,5.91,99.74,19.60999999999998,41.36
2016-06-14,1.51,88.35,26.67,0.84,6.0,99.66,17.859999999999985,41.15
2016-06-15,0.86,85.41,27.08,0.84,7.0,99.53,8.249999999999982,40.03
2016-06-16,2.26,86.36,26.82,0.83,6.85,99.42,4.629999999999982,40.28
2016-06-17,7.77,87.14,26.72,0.83,6.46,99.36,10.889999999999983,41.89
2016-06-18,3.72,85.67,26.03,0.83,6.26,99.42,13.749999999999982,41.1
2016-06-19,3.6,86.33,26.28,0.83,6.53,99.39,15.089999999999982,41.99
2016-06-20,5.11,86.06,26.14,0.82,7.26,99.38,12.429999999999982,41.51
2016-06-21,4.67,86.53,26.2,0.82,6.67,99.39,13.379999999999981,41.46
2016-06-22,1.64,84.97,26.01,0.82,6.8,99.52,11.419999999999982,39.47
2016-06-23,1.23,85.37,25.88,0.81,7.34,99.54,7.539999999999982,38.73
2016-06-24,2.45,86.9,26.17,0.81,6.29,99.45,5.3199999999999825,39.22
2016-06-25,0.6,87.94,26.26,0.8,6.27,99.49,4.2799999999999825,38.72
2016-06-26,0.38,89.26,26.12,0.8,5.61,99.52,3.4299999999999824,38.54
2016-06-27,1.94,89.36,26.24,0.79,5.4,99.47,2.919999999999982,38.39
2016-06-28,3.54,92.33,26.14,0.79,5.12,99.52,5.859999999999982,39.53
2016-06-29,4.93,91.76,26.25,0.79,4.64,99.57,10.409999999999982,39.33
2016-06-30,1.57,90.83,26.41,0.79,4.96,99.56,10.039999999999981,39.13
2016-07-01,0.89,87.99,26.74,0.79,5.71,99.48,7.389999999999981,38.59
2016-07-02,0.35,88.47,26.6,0.79,4.91,99.51,2.8099999999999814,37.39
2016-07-03,0.3,84.84,26.84,0.78,3.69,99.53,1.5399999999999814,34.4
2016-07-04,0.51,86.31,26.56,0.77,5.16,99.54,1.1599999999999815,35.25
2016-07-05,0.22,86.86,26.68,0.77,4.99,99.54,1.0299999999999814,35.37
2016-07-06,0.19,91.11,26.49,0.76,5.16,99.5,0.9199999999999814,37.16
2016-07-07,0.29,88.47,26.58,0.76,4.58,99.54,0.6999999999999813,35.36
2016-07-08,1.81,83.84,26.63,0.75,5.6,99.63,2.2899999999999814,33.02
2016-07-09,7.2,84.84,26.4,0.75,6.26,99.64,9.299999999999981,34.82
2016-07-10,3.09,83.57,26.11,0.75,6.45,99.62,12.09999999999998,34.99
2016-07-11,4.81,89.18,26.07,0.75,5.13,99.53,15.099999999999982,37.88
2016-07-12,2.57,87.44,26.35,0.75,5.37,99.54,10.469999999999981,36.46
2016-07-13,0.35,85.75,26.29,0.74,5.0,99.5,7.729999999999981,35.03
2016-07-14,1.43,89.62,25.99,0.74,5.3,99.4,4.349999999999981,37.14
2016-07-15,3.84,89.77,25.61,0.74,4.81,99.43,5.6199999999999815,36.88
2016-07-16,2.75,86.82,25.68,0.74,4.32,99.53,8.019999999999982,34.91
2016-07-17,1.54,87.47,25.65,0.73,4.27,99.69,8.129999999999981,33.4
2016-07-18,1.04,85.33,25.78,0.73,5.07,99.68,5.329999999999982,32.57
2016-07-19,0.25,83.72,26.02,0.72,5.04,99.59,2.8299999999999814,31.82
2016-07-20,0.26,87.72,26.13,0.72,5.3,99.52,1.5499999999999814,34.04
2016-07-21,0.32,89.43,25.84,0.71,6.13,99.49,0.8299999999999814,34.93
2016-07-22,0.37,86.12,26.04,0.71,6.93,99.49,0.9499999999999813,33.98
2016-07-23,1.43,85.58,25.99,0.7,6.34,99.46,2.1199999999999815,33.44
2016-07-24,5.05,90.25,25.49,0.7,5.68,99.45,6.849999999999981,35.89
2016-07-25,4.28,90.93,25.07,0.7,5.77,99.41,10.75999999999998,37.18
2016-07-26,5.13,91.09,24.91,0.71,4.22,99.42,14.459999999999981,37.33
2016-07-27,0.73,89.33,25.52,0.71,4.37,99.46,10.139999999999983,35.65
2016-07-28,0.28,88.74,25.91,0.7,4.07,99.46,6.139999999999981,34.18
2016-07-29,5.35,89.63,25.88,0.7,4.75,99.49,6.359999999999981,34.71
2016-07-30,7.74,89.2,25.68,0.7,5.15,99.58,13.369999999999981,35.09
2016-07-31,3.64,86.94,25.93,0.7,4.98,99.62,16.72999999999998,34.23
2016-08-01,0.93,87.3,25.96,0.7,5.98,99.63,12.309999999999983,34.15
2016-08-02,0.2,87.63,26.02,0.7,5.64,99.47,4.769999999999982,34.26
2016-08-03,0.29,85.55,26.23,0.69,5.79,99.42,1.4199999999999813,32.93
2016-08-04,0.22,85.21,26.33,0.69,5.45,99.47,0.7099999999999813,32.07
2016-08-05,0.18,86.93,26.42,0.68,5.32,99.55,0.6899999999999814,31.63
2016-08-06,0.06,87.27,26.54,0.68,4.93,99.52,0.4599999999999813,31.78
2016-08-07,0.1,86.01,26.37,0.67,5.2,99.6,0.3399999999999813,30.28
2016-08-08,0.16,84.71,26.55,0.67,4.83,99.62,0.31999999999998135,29.36
2016-08-09,0.53,85.71,26.38,0.66,6.04,99.59,0.7899999999999814,30.34
2016-08-10,0.44,83.72,26.57,0.66,5.69,99.66,1.1299999999999815,28.77
2016-08-11,0.34,84.33,26.55,0.65,5.6,99.71,1.3099999999999814,28.17
2016-08-12,0.61,85.76,26.43,0.65,6.03,99.7,1.3899999999999815,29.1
2016-08-13,0.82,87.23,26.36,0.64,6.05,99.62,1.7699999999999814,30.04
2016-08-14,1.22,86.73,26.35,0.64,6.4,99.61,2.6499999999999813,30.24
2016-08-15,1.34,85.52,26.35,0.64,6.8,99.58,3.3799999999999812,30.31
2016-08-16,0.35,85.71,26.51,0.63,7.54,99.51,2.909999999999981,30.88
2016-08-17,0.7,83.9,26.56,0.63,7.51,99.45,2.3899999999999815,30.52
2016-08-18,0.63,83.16,26.47,0.62,6.41,99.4,1.6799999999999813,29.5
2016-08-19,0.2,83.32,26.45,0.62,5.83,99.41,1.5299999999999814,29.15
2016-08-20,0.97,86.23,26.38,0.61,5.62,99.39,1.7999999999999812,30.05
2016-08-21,2.3,89.11,26.31,0.61,5.77,99.41,3.469999999999981,31.45
2016-08-22,1.02,87.56,26.29,0.61,6.0,99.5,4.289999999999981,30.29
2016-08-23,2.16,86.39,26.06,0.61,6.46,99.49,5.479999999999981,30.31
2016-08-24,2.18,87.78,25.96,0.61,5.49,99.43,5.359999999999982,30.86
2016-08-25,1.95,88.59,25.88,0.61,5.62,99.52,6.289999999999982,30.67
2016-08-26,2.12,87.14,25.89,0.6,6.37,99.49,6.249999999999981,30.28
2016-08-27,2.16,87.73,25.33,0.6,5.96,99.6,6.229999999999982,29.38
2016-08-28,0.92,87.69,25.6,0.6,5.69,99.59,5.1999999999999815,29.14
2016-08-29,1.39,87.24,26.02,0.6,6.27,99.5,4.469999999999981,29.91
2016-08-30,1.79,87.99,25.77,0.6,5.86,99.45,4.099999999999982,30.36
2016-08-31,4.07,87.89,25.54,0.6,6.07,99.53,7.249999999999982,30.26
2016-09-01,1.13,85.09,25.79,0.6,5.36,99.66,6.989999999999982,27.55
2016-09-02,1.92,86.97,25.19,0.6,5.73,99.75,7.1199999999999815,27.82
2016-09-03,1.58,84.44,25.58,0.59,5.56,99.7,4.629999999999981,26.26
2016-09-04,0.96,87.61,25.41,0.59,5.29,99.79,4.459999999999981,26.67
2016-09-05,0.7,86.03,25.99,0.59,5.23,99.81,3.2399999999999816,25.61
2016-09-06,1.12,85.08,26.03,0.59,5.59,99.82,2.7799999999999816,25.25
2016-09-07,0.08,79.88,25.89,0.58,5.44,99.74,1.8999999999999815,23.07
2016-09-08,0.0,79.57,25.57,0.58,5.22,99.72,1.1999999999999815,22.88
2016-09-09,0.08,82.5,25.88,0.57,5.77,99.71,0.15999999999998135,23.92
2016-09-10,0.49,82.59,26.18,0.57,6.51,99.64,0.5699999999999813,25.01
2016-09-11,0.15,81.09,26.11,0.57,6.3,99.54,0.7199999999999813,25.12
2016-09-12,0.45,83.3,26.21,0.56,5.98,99.47,1.0899999999999814,26.11
2016-09-13,0.46,85.11,26.18,0.56,5.69,99.49,1.0599999999999814,26.54
2016-09-14,0.36,87.21,25.95,0.56,5.57,99.5,1.2699999999999814,27.32
2016-09-15,0.5,85.58,26.28,0.56,5.91,99.5,1.3199999999999812,26.82
2016-09-16,0.44,84.8,26.5,0.55,5.34,99.53,1.2999999999999814,25.5
2016-09-17,0.96,85.42,26.29,0.55,5.7,99.58,1.8999999999999813,25.63
2016-09-18,1.57,84.94,26.17,0.55,5.53,99.66,2.969999999999981,24.84
2016-09-19,0.87,84.91,26.08,0.55,5.2,99.62,3.3999999999999813,25.05
2016-09-20,0.68,84.81,26.24,0.54,6.42,99.53,3.1199999999999815,25.95
2016-09-21,0.38,86.25,25.95,0.54,5.97,99.6,1.9299999999999815,25.55
2016-09-22,0.18,83.25,26.28,0.54,6.27,99.6,1.2399999999999813,24.33
2016-09-23,0.09,83.02,26.34,0.54,6.36,99.48,0.6499999999999814,25.19
2016-09-24,0.1,83.47,26.25,0.53,6.27,99.39,0.36999999999998134,25.62
2016-09-25,0.07,81.66,26.29,0.53,6.19,99.44,0.25999999999998136,24.38
2016-09-26,0.49,82.9,26.22,0.53,5.86,99.52,0.6599999999999814,24.12
2016-09-27,1.22,83.09,26.44,0.53,5.81,99.54,1.7799999999999814,24.18
2016-09-28,2.71,84.38,26.19,0.52,6.18,99.5,4.419999999999981,25.25
2016-09-29,6.14,83.68,26.48,0.53,6.78,99.48,10.06999999999998,26.76
2016-09-30,4.16,85.08,26.22,0.53,6.19,99.44,13.00999999999998,27.83
2016-10-01,1.12,83.22,26.14,0.53,5.28,99.5,11.41999999999998,25.79
2016-10-02,0.77,81.33,26.34,0.53,4.85,99.62,6.049999999999981,22.91
2016-10-03,0.6,81.91,26.15,0.52,4.47,99.6,2.4899999999999816,22.14
2016-10-04,0.17,81.97,26.49,0.52,4.88,99.6,1.5399999999999814,22.23
2016-10-05,0.77,81.24,26.65,0.52,5.52,99.56,1.5399999999999814,22.61
2016-10-06,0.35,80.38,26.52,0.52,5.37,99.57,1.2899999999999814,22.04
2016-10-07,0.05,76.83,26.28,0.51,5.51,99.65,1.1699999999999815,19.5
2016-10-08,0.23,76.77,26.37,0.51,5.25,99.75,0.6299999999999814,18.4
2016-10-09,1.26,81.22,26.77,0.51,5.88,99.72,1.5399999999999814,21.03
2016-10-10,0.19,79.39,26.83,0.5,5.82,99.65,1.6799999999999813,20.4
2016-10-11,0.04,78.28,26.62,0.5,5.79,99.62,1.4899999999999813,20.14
2016-10-12,0.08,79.05,26.81,0.5,4.98,99.57,0.30999999999998135,20.26
2016-10-13,0.43,78.38,26.94,0.49,4.37,99.53,0.5499999999999814,19.6
2016-10-14,4.15,79.41,27.03,0.49,4.39,99.54,4.6599999999999815,20.61
2016-10-15,13.23,81.73,26.68,0.5,2.86,99.59,17.80999999999998,22.83
2016-10-16,10.85,83.16,26.39,0.51,2.26,99.63,28.229999999999983,24.84
2016-10-17,3.38,86.02,25.94,0.51,2.98,99.58,27.459999999999983,26.74
2016-10-18,10.73,84.28,26.57,0.52,3.91,99.49,24.95999999999998,27.29
2016-10-19,7.09,85.19,26.37,0.53,4.95,99.44,21.19999999999998,28.49
2016-10-20,3.75,82.66,26.34,0.53,4.28,99.43,21.569999999999983,27.2
2016-10-21,7.79,81.51,26.28,0.53,5.1,99.54,18.62999999999998,25.77
2016-10-22,6.24,82.34,26.3,0.54,4.87,99.68,17.779999999999983,25.11
2016-10-23,6.95,82.62,26.34,0.54,4.85,99.73,20.979999999999983,25.3
2016-10-24,22.65,88.44,25.69,0.55,5.35,99.67,35.83999999999998,31.3
2016-10-25,9.5,84.0,26.05,0.57,4.59,99.56,39.09999999999998,31.29
2016-10-26,1.92,80.13,26.21,0.57,2.87,99.58,34.06999999999998,27.76
2016-10-27,0.64,80.89,26.13,0.56,2.87,99.67,12.059999999999983,23.45
2016-10-28,0.79,81.24,26.47,0.56,3.25,99.67,3.3499999999999823,22.43
2016-10-29,2.78,84.08,26.53,0.56,4.22,99.62,4.209999999999982,24.72
2016-10-30,4.01,84.37,26.58,0.56,3.97,99.63,7.579999999999982,25.15
2016-10-31,11.52,87.84,25.78,0.56,2.46,99.73,18.30999999999998,26.65
2016-11-01,22.52,88.16,25.59,0.58,2.47,99.68,38.04999999999998,31.16
2016-11-02,26.31,87.9,25.79,0.61,3.21,99.6,60.34999999999998,36.89
2016-11-03,6.53,88.74,25.86,0.62,3.9,99.59,55.35999999999998,37.34
2016-11-04,18.22,86.76,25.7,0.62,2.98,99.67,51.05999999999998,34.66
2016-11-05,14.3,88.55,25.88,0.64,4.34,99.59,39.04999999999998,35.78
2016-11-06,14.66,87.67,25.96,0.65,5.25,99.66,47.17999999999998,37.02
2016-11-07,1.03,81.41,26.33,0.65,2.93,99.74,29.989999999999984,29.74
2016-11-08,2.34,74.99,26.68,0.65,1.92,99.71,18.029999999999983,24.84
2016-11-09,13.43,79.85,26.0,0.65,1.51,99.79,16.799999999999983,25.82
2016-11-10,1.88,76.37,26.76,0.65,2.15,99.73,17.649999999999984,25.33
2016-11-11,3.53,80.01,26.46,0.65,1.91,99.69,18.839999999999982,27.26
2016-11-12,14.12,87.67,25.74,0.65,2.33,99.68,19.529999999999983,30.93
2016-11-13,14.2,85.96,26.33,0.67,1.74,99.72,31.849999999999984,32.33
2016-11-14,6.77,82.89,26.53,0.67,2.05,99.72,35.08999999999998,31.7
2016-11-15,9.04,80.71,26.77,0.67,2.54,99.64,30.009999999999984,30.92
2016-11-16,12.6,83.44,26.25,0.67,3.25,99.58,28.409999999999982,32.71
2016-11-17,11.49,81.41,26.67,0.68,2.04,99.57,33.12999999999998,32.45
2016-11-18,24.14,88.25,26.01,0.69,4.84,99.45,48.22999999999998,40.66
2016-11-19,21.43,90.06,25.59,0.72,5.05,99.39,57.05999999999998,44.7
2016-11-20,10.35,85.18,25.83,0.73,3.23,99.5,55.91999999999998,40.97
2016-11-21,9.74,86.36,26.26,0.74,2.97,99.51,41.51999999999998,39.41
2016-11-22,18.76,87.62,26.3,0.74,3.11,99.47,38.84999999999998,39.93
2016-11-23,10.33,85.94,26.68,0.76,2.46,99.48,38.829999999999984,39.63
2016-11-24,1.05,81.3,26.33,0.76,5.08,99.51,30.139999999999983,37.46
2016-11-25,0.68,81.4,26.4,0.75,4.96,99.49,12.059999999999983,34.35
2016-11-26,1.54,83.09,25.98,0.75,4.54,99.6,3.2699999999999823,32.53
2016-11-27,0.92,81.75,26.09,0.74,4.58,99.6,3.139999999999982,31.54
2016-11-28,0.29,81.79,25.19,0.74,3.76,99.66,2.7499999999999822,30.55
2016-11-29,0.01,77.63,24.75,0.73,3.76,99.76,1.2199999999999822,27.29
2016-11-30,0.02,78.69,25.09,0.73,4.25,99.78,0.3199999999999822,27.69
2016-12-01,1.55,78.4,25.63,0.72,3.12,99.66,1.5799999999999823,27.74
2016-12-02,2.33,83.69,25.41,0.72,3.04,99.76,3.8999999999999826,29.46
2016-12-03,0.18,78.34,25.67,0.71,1.76,99.85,4.059999999999983,25.35
2016-12-04,3.61,78.89,26.44,0.71,2.46,99.86,6.119999999999983,26.2
2016-12-05,1.08,80.46,26.01,0.71,4.53,99.72,4.869999999999983,28.96
2016-12-06,0.87,79.17,25.65,0.7,5.32,99.67,5.559999999999983,28.95
2016-12-07,0.54,81.73,25.88,0.69,3.94,99.69,2.489999999999983,28.21
2016-12-08,3.43,85.26,26.19,0.69,3.95,99.67,4.839999999999983,30.25
2016-12-09,5.37,84.62,25.5,0.69,3.1,99.64,9.339999999999982,30.48
2016-12-10,1.64,86.18,25.48,0.69,3.28,99.57,10.439999999999984,32.0
2016-12-11,0.15,82.62,25.67,0.69,5.08,99.51,7.159999999999982,31.45
2016-12-12,0.64,81.96,26.09,0.68,6.14,99.5,2.429999999999983,30.66
2016-12-13,2.06,83.16,26.03,0.68,4.53,99.52,2.8499999999999837,30.2
2016-12-14,0.95,81.46,26.03,0.67,2.33,99.65,3.6499999999999835,26.9
2016-12-15,1.01,79.52,26.22,0.67,2.89,99.72,4.019999999999984,25.85
2016-12-16,0.71,78.84,26.28,0.66,3.52,99.76,2.6699999999999835,24.93
2016-12-17,3.4,82.83,26.06,0.66,5.1,99.77,5.119999999999983,27.78
2016-12-18,0.25,79.04,25.81,0.65,4.99,99.75,4.3599999999999834,25.74
2016-12-19,1.52,82.67,25.56,0.65,4.81,99.7,5.169999999999984,27.73
2016-12-20,3.53,85.92,26.15,0.65,2.64,99.65,5.299999999999983,28.37
2016-12-21,11.35,81.41,26.22,0.65,2.22,99.78,16.399999999999984,26.88
2016-12-22,2.58,80.84,25.9,0.65,4.21,99.77,17.459999999999983,27.97
2016-12-23,0.3,71.76,24.15,0.64,4.6,99.71,14.229999999999983,23.9
2016-12-24,0.0,70.27,23.63,0.64,3.77,99.62,2.879999999999984,21.8
2016-12-25,0.0,73.46,24.03,0.63,3.53,99.68,0.299999999999984,21.69
2016-12-26,0.28,78.65,24.95,0.63,4.48,99.63,0.27999999999998404,24.82
2016-12-27,12.93,86.0,25.84,0.62,5.16,99.52,13.209999999999983,30.83
2016-12-28,8.39,81.21,26.02,0.63,3.3,99.53,21.599999999999984,29.45
2016-12-29,6.57,81.97,26.38,0.64,4.07,99.61,27.889999999999983,30.93
2016-12-30,0.3,79.13,26.1,0.63,5.45,99.68,15.259999999999986,27.48
2016-12-31,2.09,77.37,25.97,0.63,5.53,99.66,8.959999999999983,25.95
2017-01-01,3.71,81.46,25.51,0.63,4.85,99.68,6.099999999999984,26.7
2017-01-02,2.2,82.48,25.61,0.62,5.92,99.73,7.999999999999984,27.17
2017-01-03,0.55,79.37,25.95,0.62,5.86,99.72,6.459999999999984,25.66
2017-01-04,0.0,75.67,24.89,0.61,5.13,99.73,2.749999999999984,22.61
2017-01-05,0.0,74.69,24.25,0.61,4.84,99.72,0.5499999999999841,21.77
2017-01-06,0.0,71.52,24.56,0.6,4.2,99.7,0.0,19.74
2017-01-07,0.0,70.91,24.25,0.6,4.75,99.55,0.0,21.04
2017-01-08,0.0,69.88,23.72,0.59,4.79,99.52,0.0,20.45
2017-01-09,0.0,69.77,24.06,0.59,4.16,99.56,0.0,19.73
2017-01-10,0.0,70.65,24.05,0.58,3.78,99.67,0.0,18.55
2017-01-11,0.0,65.4,24.86,0.57,3.24,99.69,0.0,15.44
2017-01-12,0.0,66.18,24.93,0.57,3.28,99.62,0.0,16.38
2017-01-13,0.0,69.01,24.86,0.56,4.68,99.61,0.0,18.0
2017-01-14,0.0,69.58,24.76,0.56,3.97,99.69,0.0,17.19
2017-01-15,0.0,73.72,25.42,0.55,4.31,99.81,0.0,17.69
2017-01-16,0.03,72.67,25.21,0.55,4.89,99.81,0.02999999999998401,17.57
2017-01-17,0.0,68.81,24.49,0.54,5.62,99.81,0.02999999999998401,15.9
2017-01-18,0.0,70.03,24.68,0.54,4.86,99.81,0.02999999999998401,16.01
2017-01-19,0.16,73.16,25.55,0.54,4.45,99.78,0.15999999999998402,17.39
2017-01-20,3.0,79.03,25.84,0.53,5.53,99.74,3.159999999999984,20.84
2017-01-21,3.08,86.58,25.43,0.53,3.73,99.68,6.239999999999984,24.06
2017-01-22,4.11,83.04,25.99,0.53,3.74,99.85,10.189999999999984,21.75
2017-01-23,0.39,82.01,25.43,0.53,5.52,99.85,7.579999999999984,21.87
2017-01-24,1.25,79.8,26.09,0.53,5.96,99.71,5.749999999999984,22.06
2017-01-25,2.15,84.87,25.65,0.53,3.53,99.69,3.789999999999984,22.76
2017-01-26,3.98,83.79,26.39,0.53,2.98,99.69,7.379999999999984,22.56
2017-01-27,11.66,84.19,25.92,0.54,1.67,99.73,17.789999999999985,23.75
2017-01-28,1.95,79.24,26.26,0.54,1.23,99.69,17.589999999999986,21.72
2017-01-29,1.2,77.6,26.88,0.54,2.18,99.72,14.809999999999985,20.85
2017-01-30,11.24,79.46,26.59,0.54,2.26,99.75,14.389999999999985,21.36
2017-01-31,3.44,75.9,26.24,0.55,2.47,99.74,15.879999999999985,20.7
2017-02-01,0.02,69.7,26.12,0.55,3.35,99.78,14.699999999999983,18.03
2017-02-02,0.0,68.32,25.77,0.54,4.29,99.89,3.459999999999984,14.84
2017-02-03,0.0,66.45,25.19,0.54,5.86,99.84,0.019999999999984013,14.78
2017-02-04,0.0,65.57,25.13,0.53,4.44,99.83,0.0,13.3
2017-02-05,0.0,66.71,25.51,0.52,2.62,99.79,0.0,12.71
2017-02-06,0.0,68.68,25.61,0.52,2.04,99.85,0.0,12.72
2017-02-07,0.0,61.84,25.58,0.52,2.1,99.81,0.0,10.19
2017-02-08,0.0,66.54,25.31,0.51,2.63,99.81,0.0,12.05
2017-02-09,0.01,68.97,25.65,0.51,3.14,99.74,0.009999999999984013,13.94
2017-02-10,0.25,70.15,25.62,0.5,2.54,99.69,0.259999999999984,14.16
2017-02-11,0.16,68.28,25.95,0.5,2.88,99.74,0.41999999999998405,13.15
2017-02-12,0.04,64.44,26.17,0.49,3.81,99.82,0.449999999999984,10.94
2017-02-13,0.03,67.52,26.59,0.49,4.09,99.86,0.22999999999998402,12.02
2017-02-14,11.02,77.7,27.19,0.49,3.07,99.89,11.089999999999984,17.24
2017-02-15,3.47,76.53,26.79,0.5,5.41,99.94,14.519999999999985,18.55
2017-02-16,0.0,72.96,26.54,0.49,6.85,99.79,14.489999999999984,18.65
2017-02-17,0.0,68.82,26.57,0.49,5.88,99.71,3.469999999999984,15.31
2017-02-18,2.69,75.08,26.79,0.48,4.61,99.84,2.689999999999984,15.64
2017-02-19,5.67,78.64,26.64,0.49,4.06,99.82,8.359999999999983,18.33
2017-02-20,2.67,75.7,26.15,0.49,2.96,99.74,11.029999999999983,17.58
2017-02-21,0.04,72.93,26.36,0.49,2.48,99.67,8.379999999999983,16.32
2017-02-22,0.03,73.25,27.11,0.48,1.92,99.65,2.739999999999984,15.01
2017-02-23,0.21,74.85,27.16,0.48,2.2,99.73,0.27999999999998404,14.79
2017-02-24,0.2,71.27,27.45,0.48,1.88,99.76,0.439999999999984,12.87
2017-02-25,5.27,79.57,26.56,0.48,2.24,99.78,5.679999999999984,17.24
2017-02-26,6.92,77.5,25.72,0.48,2.2,99.62,12.389999999999983,18.73
2017-02-27,4.37,76.36,25.76,0.49,3.17,99.62,16.559999999999985,19.85
2017-02-28,15.96,81.98,26.54,0.5,4.64,99.55,27.249999999999986,25.72
2017-03-01,7.91,82.44,26.22,0.5,3.26,99.6,28.239999999999984,24.9
2017-03-02,3.7,77.56,26.81,0.51,3.38,99.48,27.569999999999983,24.23
2017-03-03,7.69,77.82,26.93,0.51,1.76,99.37,19.299999999999983,23.08
2017-03-04,9.85,84.52,26.0,0.52,2.53,99.47,21.239999999999984,26.23
2017-03-05,0.82,80.92,26.53,0.52,2.9,99.51,18.359999999999985,24.12
2017-03-06,1.01,80.16,27.14,0.51,3.31,99.47,11.679999999999984,22.88
2017-03-07,5.69,80.56,27.16,0.51,3.61,99.46,7.5199999999999845,22.64
2017-03-08,10.34,79.96,27.34,0.52,2.6,99.44,17.039999999999985,23.93
2017-03-09,12.4,77.94,27.63,0.52,2.0,99.39,28.429999999999986,24.95
2017-03-10,23.71,83.92,27.14,0.55,1.87,99.48,46.44999999999999,30.76
2017-03-11,13.32,86.3,26.67,0.55,3.48,99.65,49.42999999999998,31.68
2017-03-12,12.76,85.61,26.46,0.56,3.35,99.69,49.789999999999985,31.46
2017-03-13,8.8,83.05,26.92,0.57,2.49,99.68,34.87999999999998,28.08
2017-03-14,23.04,85.97,26.46,0.58,1.82,99.67,44.59999999999998,30.99
2017-03-15,19.48,83.99,26.49,0.61,1.7,99.68,51.31999999999998,32.33
2017-03-16,10.39,82.25,26.56,0.61,2.14,99.69,52.90999999999998,31.99
2017-03-17,0.88,75.18,27.18,0.61,1.68,99.65,30.74999999999998,25.6
2017-03-18,0.71,77.39,26.83,0.61,1.84,99.77,11.979999999999979,22.67
2017-03-19,0.54,78.77,27.0,0.6,2.14,99.81,2.1299999999999786,21.11
2017-03-20,3.17,81.74,27.01,0.59,2.82,99.77,4.419999999999979,23.01
2017-03-21,2.03,79.2,27.31,0.59,2.23,99.75,5.739999999999979,21.99
2017-03-22,0.05,69.74,27.49,0.59,2.5,99.69,5.249999999999979,18.55
2017-03-23,0.0,69.59,26.71,0.58,2.22,99.69,2.0799999999999783,17.42
2017-03-24,0.0,73.95,26.92,0.57,2.17,99.68,0.049999999999978686,18.58
2017-03-25,0.01,73.62,27.09,0.57,2.82,99.71,0.009999999999978684,18.53
2017-03-26,0.0,66.68,27.58,0.56,1.78,99.7,0.009999999999978684,14.69
2017-03-27,2.48,77.35,27.13,0.55,2.4,99.75,2.4899999999999785,19.1
2017-03-28,9.99,83.0,26.59,0.56,2.11,99.77,12.46999999999998,23.16
2017-03-29,13.93,82.11,27.24,0.57,2.35,99.68,26.399999999999977,26.27
2017-03-30,13.14,84.77,27.46,0.58,2.31,99.66,37.05999999999998,29.65
2017-03-31,5.34,81.91,27.78,0.58,2.74,99.75,32.409999999999975,27.18
2017-04-01,1.82,82.87,27.37,0.58,3.21,99.73,20.299999999999976,26.11
2017-04-02,6.9,84.31,27.19,0.57,3.34,99.68,14.05999999999998,25.8
2017-04-03,3.0,85.13,27.07,0.57,3.04,99.7,11.71999999999998,25.45
2017-04-04,5.97,84.24,27.34,0.58,3.03,99.71,15.86999999999998,26.06
2017-04-05,4.81,84.46,27.39,0.58,2.94,99.64,13.779999999999978,26.37
2017-04-06,0.64,81.09,27.62,0.58,2.58,99.58,11.419999999999979,24.88
2017-04-07,1.49,82.36,27.59,0.57,3.05,99.53,6.939999999999978,24.96
2017-04-08,0.81,77.36,27.95,0.57,1.84,99.51,2.9399999999999786,21.73
2017-04-09,1.44,82.26,27.36,0.56,2.37,99.56,3.7399999999999785,23.37
2017-04-10,1.4,84.68,27.34,0.56,3.2,99.49,3.6499999999999786,25.42
2017-04-11,11.46,85.6,27.58,0.56,3.21,99.43,14.29999999999998,27.99
2017-04-12,17.22,83.29,27.68,0.58,2.61,99.47,30.079999999999977,29.68
2017-04-13,12.67,86.23,27.32,0.58,3.79,99.5,41.34999999999998,33.08
2017-04-14,6.59,86.37,27.31,0.59,4.93,99.48,36.479999999999976,33.58
2017-04-15,0.35,84.46,27.73,0.59,4.13,99.4,19.609999999999978,30.36
2017-04-16,0.08,82.43,27.83,0.59,4.25,99.46,7.019999999999978,27.09
2017-04-17,0.01,82.41,28.0,0.58,4.18,99.54,0.4399999999999787,24.91
2017-04-18,0.02,84.84,27.83,0.58,3.88,99.52,0.10999999999997868,25.9
2017-04-19,0.01,83.24,27.76,0.57,4.04,99.58,0.039999999999978685,24.37
2017-04-20,0.01,77.95,27.96,0.57,4.1,99.58,0.03999999999997868,22.16
2017-04-21,0.02,75.96,27.83,0.56,4.26,99.61,0.039999999999978685,20.73
2017-04-22,0.16,80.47,27.77,0.55,4.36,99.59,0.18999999999997869,22.46
2017-04-23,0.26,82.54,28.01,0.55,4.66,99.57,0.4399999999999787,23.71
2017-04-24,1.32,84.81,27.89,0.55,5.21,99.59,1.739999999999979,25.0
2017-04-25,1.52,84.08,28.02,0.54,4.88,99.58,3.0999999999999783,24.39
2017-04-26,0.77,81.4,27.76,0.54,3.79,99.58,3.609999999999979,22.74
2017-04-27,0.29,82.58,27.59,0.54,3.52,99.62,2.5799999999999783,22.6
2017-04-28,0.37,80.71,28.03,0.54,3.46,99.61,1.4299999999999784,21.68
2017-04-29,2.64,78.0,28.19,0.53,2.72,99.6,3.2999999999999785,20.08
2017-04-30,1.18,77.31,28.3,0.53,2.58,99.57,4.189999999999978,20.11
2017-05-01,1.31,78.66,28.01,0.53,3.01,99.62,5.129999999999979,20.64
2017-05-02,1.86,78.12,28.01,0.52,2.66,99.7,4.349999999999978,19.0
2017-05-03,3.04,78.63,27.7,0.52,2.8,99.69,6.209999999999979,19.67
2017-05-04,0.83,78.62,27.89,0.52,2.59,99.67,5.729999999999978,19.65
2017-05-05,1.01,79.54,28.02,0.52,3.13,99.64,4.879999999999978,20.45
2017-05-06,6.27,79.96,27.42,0.52,3.96,99.77,8.109999999999978,20.49
2017-05-07,9.55,76.72,27.73,0.52,2.42,99.76,16.829999999999977,19.74
2017-05-08,10.45,82.29,27.71,0.53,3.11,99.65,26.26999999999998,25.3
2017-05-09,16.61,84.64,27.59,0.54,3.48,99.54,36.60999999999998,29.47
2017-05-10,9.03,85.81,27.63,0.55,3.21,99.52,36.089999999999975,30.33
2017-05-11,2.52,83.99,27.55,0.55,3.06,99.54,28.15999999999998,28.06
2017-05-12,3.54,82.18,27.81,0.55,2.71,99.53,15.089999999999979,25.14
2017-05-13,4.01,85.99,27.66,0.55,4.11,99.5,10.069999999999979,26.97
2017-05-14,12.91,85.88,27.85,0.56,5.37,99.5,20.45999999999998,29.66
2017-05-15,5.29,83.56,28.26,0.56,5.78,99.46,22.20999999999998,29.51
2017-05-16,2.43,82.38,28.4,0.56,6.63,99.42,20.629999999999978,29.56
2017-05-17,3.01,84.84,28.17,0.56,5.65,99.38,10.729999999999979,28.85
2017-05-18,11.05,85.0,27.54,0.56,5.73,99.54,16.48999999999998,28.52
2017-05-19,4.84,86.1,26.78,0.57,5.63,99.58,18.89999999999998,29.4
2017-05-20,6.25,87.1,26.97,0.57,5.69,99.47,22.13999999999998,31.29
2017-05-21,3.23,85.68,26.96,0.57,4.15,99.31,14.31999999999998,29.97
2017-05-22,18.31,83.43,27.56,0.59,3.86,99.29,27.789999999999978,31.99
2017-05-23,5.94,85.57,27.0,0.59,5.14,99.4,27.479999999999983,32.62
2017-05-24,27.04,86.79,27.12,0.59,5.23,99.38,51.28999999999998,37.09
2017-05-25,27.63,87.13,27.54,0.62,7.03,99.36,60.60999999999998,41.11
2017-05-26,35.74,88.24,27.26,0.65,6.98,99.38,90.40999999999998,47.33
2017-05-27,4.26,86.64,27.28,0.66,6.79,99.38,67.62999999999998,43.4
2017-05-28,6.66,85.13,27.23,0.66,7.05,99.42,46.65999999999999,39.27
2017-05-29,16.47,87.79,26.82,0.66,7.11,99.39,27.38999999999998,37.65
2017-05-30,16.64,86.89,26.75,0.67,7.49,99.45,39.76999999999998,39.34
2017-05-31,5.56,85.48,27.02,0.68,7.41,99.44,38.66999999999998,39.04
2017-06-01,4.68,85.56,26.68,0.68,7.39,99.46,26.879999999999978,37.04
2017-06-02,11.01,84.57,26.39,0.68,6.42,99.53,21.24999999999998,34.62
2017-06-03,4.84,85.48,26.56,0.68,5.7,99.6,20.52999999999998,33.92
2017-06-04,2.68,86.42,26.89,0.68,6.18,99.55,18.52999999999998,34.68
2017-06-05,4.0,88.14,26.71,0.68,6.2,99.55,11.519999999999978,34.32
2017-06-06,5.66,89.46,26.84,0.68,6.28,99.57,12.339999999999979,34.89
2017-06-07,2.65,88.49,26.65,0.68,5.9,99.61,12.30999999999998,33.93
2017-06-08,0.55,86.82,26.76,0.67,5.47,99.51,8.859999999999978,32.86
2017-06-09,0.34,85.12,26.84,0.67,6.24,99.52,3.5399999999999787,31.64
2017-06-10,0.66,84.57,26.67,0.66,6.7,99.57,1.5499999999999787,30.5
2017-06-11,0.72,85.57,26.73,0.66,6.16,99.54,1.7199999999999787,30.91
2017-06-12,0.56,84.98,26.79,0.65,5.1,99.5,1.9399999999999786,30.03
2017-06-13,0.65,87.05,26.82,0.65,5.0,99.47,1.9299999999999788,31.11
2017-06-14,6.24,86.63,26.86,0.65,5.34,99.57,7.449999999999979,31.14
2017-06-15,4.13,86.87,26.82,0.65,5.18,99.58,11.019999999999978,31.63
2017-06-16,4.67,88.88,26.76,0.65,5.31,99.56,15.039999999999978,33.35
2017-06-17,2.83,86.67,27.08,0.65,4.72,99.52,11.629999999999978,31.9
2017-06-18,0.73,86.99,27.04,0.65,4.84,99.44,8.229999999999979,32.24
2017-06-19,1.65,86.25,26.78,0.64,5.62,99.47,5.209999999999979,31.2
2017-06-20,2.25,89.36,26.17,0.64,4.89,99.57,4.629999999999979,31.19
2017-06-21,0.96,87.35,26.71,0.64,4.17,99.55,4.859999999999978,30.15
2017-06-22,0.53,87.23,26.71,0.64,5.51,99.62,3.739999999999979,30.06
2017-06-23,0.92,87.73,26.61,0.63,6.14,99.59,2.409999999999979,30.23
2017-06-24,0.56,84.16,26.06,0.63,7.08,99.51,2.009999999999979,29.84
2017-06-25,4.15,83.09,26.31,0.63,6.09,99.49,5.6299999999999795,29.59
2017-06-26,4.0,84.6,26.55,0.63,5.78,99.57,8.70999999999998,29.87
2017-06-27,14.09,87.3,26.48,0.63,6.39,99.61,22.23999999999998,33.13
2017-06-28,7.42,86.24,26.45,0.64,5.36,99.6,25.50999999999998,33.15
2017-06-29,0.54,85.38,26.67,0.64,4.56,99.51,22.049999999999976,32.56
2017-06-30,0.58,86.2,26.86,0.64,5.11,99.42,8.539999999999978,31.84
2017-07-01,1.95,88.3,26.81,0.63,5.02,99.42,3.0699999999999785,31.4
2017-07-02,0.82,84.14,26.57,0.63,5.65,99.48,3.3499999999999783,29.52
2017-07-03,0.24,85.01,26.73,0.63,5.31,99.52,3.0099999999999785,29.31
2017-07-04,0.04,84.34,26.68,0.62,4.95,99.55,1.0999999999999786,27.86
2017-07-05,0.52,86.73,26.65,0.62,4.96,99.58,0.7999999999999787,28.58
2017-07-06,1.72,82.58,26.55,0.61,5.89,99.65,2.279999999999979,26.55
2017-07-07,2.79,83.59,26.67,0.61,5.44,99.54,5.029999999999979,28.09
2017-07-08,4.99,86.44,26.23,0.61,5.39,99.56,9.499999999999979,29.8
2017-07-09,5.72,84.91,26.07,0.61,5.83,99.61,13.499999999999979,29.6
2017-07-10,3.38,84.86,26.26,0.61,5.35,99.62,14.089999999999979,29.33
2017-07-11,1.71,85.72,26.48,0.61,5.99,99.57,10.809999999999977,29.94
2017-07-12,0.76,84.99,26.47,0.61,4.29,99.53,5.849999999999978,28.27
2017-07-13,0.13,85.79,26.37,0.61,4.88,99.53,2.5999999999999788,28.42
2017-07-14,0.2,85.24,26.55,0.6,4.88,99.61,1.0899999999999788,26.85
2017-07-15,0.31,86.53,26.43,0.6,4.82,99.62,0.6399999999999787,27.21
2017-07-16,0.22,85.31,26.56,0.6,5.54,99.52,0.7299999999999787,27.94
2017-07-17,0.37,85.46,26.73,0.59,6.12,99.47,0.8999999999999787,28.34
2017-07-18,1.21,86.01,26.62,0.59,5.68,99.54,1.7999999999999785,27.89
2017-07-19,6.03,86.72,26.68,0.59,5.51,99.55,7.609999999999979,28.92
2017-07-20,1.56,83.93,26.95,0.59,5.2,99.5,8.79999999999998,28.18
2017-07-21,0.8,83.64,26.85,0.59,5.53,99.58,8.38999999999998,27.5
2017-07-22,0.45,84.04,26.97,0.58,4.98,99.55,2.8099999999999787,26.32
2017-07-23,0.27,85.39,27.02,0.58,5.23,99.5,1.5199999999999787,27.25
2017-07-24,0.09,84.24,27.05,0.58,4.75,99.46,0.8099999999999787,26.73
2017-07-25,0.21,85.01,27.32,0.57,4.07,99.34,0.5699999999999787,27.23
2017-07-26,0.32,86.79,27.21,0.57,5.27,99.38,0.6199999999999787,28.31
2017-07-27,0.44,85.01,27.23,0.57,6.01,99.53,0.9699999999999787,26.75
2017-07-28,1.53,85.01,27.16,0.56,6.32,99.63,2.2899999999999787,25.86
2017-07-29,2.64,84.05,26.58,0.56,5.51,99.62,4.609999999999979,25.46
2017-07-30,1.89,82.58,26.82,0.56,5.89,99.55,6.059999999999978,25.86
2017-07-31,1.49,83.77,26.95,0.56,5.82,99.54,6.019999999999978,26.41
2017-08-01,3.19,85.01,26.8,0.56,6.14,99.59,6.569999999999978,26.77
2017-08-02,1.56,84.47,26.88,0.56,6.52,99.61,6.239999999999979,26.53
2017-08-03,0.89,85.67,26.85,0.55,6.72,99.58,5.639999999999978,26.88
2017-08-04,3.0,86.49,26.88,0.55,6.83,99.43,5.449999999999978,28.52
2017-08-05,5.38,86.53,26.84,0.55,7.04,99.34,9.269999999999978,30.0
2017-08-06,4.51,86.34,26.73,0.55,6.67,99.33,12.889999999999977,30.37
2017-08-07,5.62,87.41,26.32,0.56,6.07,99.39,15.509999999999977,30.83
2017-08-08,5.68,82.84,26.47,0.56,5.83,99.51,15.809999999999977,27.81
2017-08-09,1.25,85.12,26.71,0.56,5.4,99.5,12.54999999999998,28.11
2017-08-10,4.2,84.92,26.31,0.56,5.11,99.46,11.129999999999978,27.98
2017-08-11,2.34,85.83,26.21,0.56,5.81,99.52,7.789999999999979,27.72
2017-08-12,0.62,83.6,26.07,0.55,4.42,99.55,7.159999999999979,25.25
2017-08-13,2.27,86.18,25.99,0.55,3.57,99.61,5.229999999999979,25.08
2017-08-14,1.0,86.68,25.86,0.55,3.35,99.67,3.889999999999979,24.46
2017-08-15,0.36,85.01,26.13,0.55,4.16,99.64,3.6299999999999786,24.4
2017-08-16,0.27,82.96,26.28,0.55,4.81,99.56,1.6299999999999786,24.24
2017-08-17,4.33,82.44,26.8,0.55,6.45,99.41,4.959999999999979,26.68
2017-08-18,18.28,88.14,26.46,0.56,6.97,99.37,22.87999999999998,32.95
2017-08-19,7.96,84.63,26.45,0.56,6.47,99.47,30.569999999999983,31.56
2017-08-20,2.64,82.04,26.52,0.56,6.07,99.46,28.87999999999998,30.07
2017-08-21,3.32,84.42,26.46,0.56,5.37,99.36,13.919999999999979,29.19
2017-08-22,2.49,84.94,26.22,0.56,5.24,99.4,8.449999999999978,28.15
2017-08-23,4.3,87.23,26.07,0.56,4.7,99.42,10.109999999999978,28.92
2017-08-24,1.1,88.5,26.37,0.56,4.77,99.38,7.889999999999979,29.48
2017-08-25,0.56,87.59,26.51,0.56,5.58,99.33,5.959999999999979,29.65
2017-08-26,0.16,83.62,26.79,0.56,6.08,99.3,1.8199999999999787,27.84
2017-08-27,0.83,83.75,26.79,0.55,6.7,99.31,1.5499999999999787,27.68
2017-08-28,5.81,86.28,26.64,0.55,6.84,99.31,6.7999999999999785,29.65
2017-08-29,2.85,85.4,26.6,0.55,6.39,99.37,9.489999999999979,28.95
2017-08-30,0.6,83.94,26.83,0.55,4.55,99.44,9.259999999999978,26.72
2017-08-31,3.53,85.33,26.62,0.55,3.67,99.46,6.979999999999979,26.3
2017-09-01,4.59,87.63,26.66,0.55,3.07,99.43,8.71999999999998,27.48
2017-09-02,4.8,81.91,27.01,0.55,3.76,99.42,12.91999999999998,26.17
2017-09-03,6.24,84.96,25.93,0.56,4.31,99.53,15.629999999999978,27.69
2017-09-04,5.87,86.92,26.22,0.56,3.94,99.53,16.90999999999998,28.52
2017-09-05,19.79,90.28,25.83,0.57,7.73,99.49,31.899999999999977,35.1
2017-09-06,21.42,85.82,26.06,0.58,6.37,99.5,47.079999999999984,35.2
2017-09-07,26.72,88.42,25.82,0.61,5.75,99.42,67.92999999999998,41.18
2017-09-08,6.39,89.91,25.66,0.62,5.36,99.42,54.52999999999998,39.92
2017-09-09,7.89,87.75,26.08,0.62,5.36,99.39,40.99999999999997,37.14
2017-09-10,3.76,88.92,26.25,0.63,4.57,99.39,18.039999999999978,34.02
2017-09-11,1.28,86.89,26.69,0.62,4.37,99.42,12.929999999999977,31.58
2017-09-12,0.4,86.58,26.5,0.62,4.47,99.53,5.439999999999978,29.4
2017-09-13,6.68,88.45,25.99,0.62,5.75,99.62,8.359999999999978,30.59
2017-09-14,2.91,85.52,26.1,0.62,4.43,99.63,9.989999999999977,28.8
2017-09-15,2.5,87.24,26.15,0.62,4.2,99.56,12.089999999999979,30.33
2017-09-16,2.12,86.4,26.55,0.62,5.52,99.6,7.529999999999979,29.63
2017-09-17,7.77,86.23,26.35,0.62,5.87,99.79,12.38999999999998,28.92
2017-09-18,1.61,86.38,26.2,0.62,4.88,99.84,11.499999999999979,27.89
2017-09-19,0.19,84.69,26.52,0.62,5.55,99.72,9.569999999999977,28.24
2017-09-20,1.57,85.97,26.53,0.61,6.05,99.63,3.369999999999979,28.41
2017-09-21,1.73,84.85,26.42,0.61,5.55,99.58,3.489999999999979,28.1
2017-09-22,0.81,83.24,26.64,0.61,4.86,99.54,4.109999999999979,27.48
2017-09-23,0.34,82.62,26.79,0.6,4.44,99.63,2.8799999999999786,25.62
2017-09-24,1.38,84.52,26.5,0.6,5.72,99.65,2.529999999999979,26.89
2017-09-25,8.6,84.28,26.19,0.6,6.81,99.57,10.319999999999979,29.27
2017-09-26,9.9,84.09,26.27,0.6,6.04,99.51,19.87999999999998,30.78
2017-09-27,12.99,87.49,26.44,0.61,6.51,99.54,31.48999999999998,34.47
2017-09-28,2.41,84.01,26.71,0.61,6.7,99.56,25.29999999999998,31.96
2017-09-29,0.4,81.59,26.63,0.6,5.54,99.55,15.79999999999998,28.48
2017-09-30,1.87,85.2,26.63,0.6,5.31,99.59,4.679999999999978,27.8
2017-10-01,1.9,83.64,26.81,0.6,5.38,99.59,4.169999999999979,27.1
2017-10-02,1.25,83.38,27.04,0.59,5.14,99.46,5.019999999999978,27.66
2017-10-03,0.81,84.66,26.98,0.59,4.77,99.45,3.9599999999999786,27.92
2017-10-04,3.09,84.92,26.91,0.59,5.0,99.47,5.149999999999979,28.17
2017-10-05,9.32,87.68,26.55,0.59,4.57,99.34,13.21999999999998,31.47
2017-10-06,5.89,88.28,26.08,0.59,4.5,99.39,18.29999999999998,32.06
2017-10-07,6.43,86.82,26.32,0.6,3.81,99.42,21.63999999999998,31.77
2017-10-08,9.58,88.88,26.1,0.6,3.56,99.36,21.899999999999977,33.05
2017-10-09,9.09,87.23,26.78,0.61,4.29,99.32,25.099999999999977,34.0
2017-10-10,7.64,89.1,26.27,0.61,3.57,99.27,26.309999999999977,35.02
2017-10-11,15.21,85.63,26.08,0.62,4.17,99.37,31.93999999999998,34.34
2017-10-12,11.36,86.79,26.38,0.63,3.63,99.42,34.20999999999998,34.9
2017-10-13,13.89,87.31,26.6,0.64,4.61,99.38,40.45999999999998,37.39
2017-10-14,33.77,88.41,26.64,0.66,5.8,99.47,59.01999999999998,41.5
2017-10-15,6.49,86.31,26.81,0.67,6.08,99.55,54.149999999999984,39.75
2017-10-16,4.84,84.9,26.97,0.68,6.38,99.51,45.09999999999998,38.65
2017-10-17,3.12,84.51,26.66,0.67,5.88,99.47,14.449999999999978,33.32
2017-10-18,4.89,84.73,26.73,0.67,5.08,99.45,12.849999999999978,32.9
2017-10-19,13.77,86.48,26.87,0.67,5.84,99.5,21.77999999999998,35.03
2017-10-20,13.61,87.04,26.93,0.68,6.29,99.64,32.269999999999975,36.41
2017-10-21,3.0,85.94,26.84,0.68,6.01,99.74,30.379999999999974,34.65
2017-10-22,6.32,87.62,26.65,0.68,4.89,99.73,22.92999999999998,33.67
2017-10-23,3.72,85.13,26.95,0.68,3.66,99.65,13.03999999999998,31.07
2017-10-24,6.29,86.23,26.5,0.68,2.59,99.73,16.329999999999977,30.81
2017-10-25,9.6,83.46,26.81,0.68,2.02,99.78,19.609999999999978,29.42
2017-10-26,13.68,85.73,26.05,0.69,2.5,99.84,29.56999999999998,32.12
2017-10-27,3.21,83.45,26.33,0.69,2.29,99.74,26.489999999999977,31.4
2017-10-28,4.5,84.99,26.29,0.69,2.16,99.66,21.38999999999998,31.85
2017-10-29,19.4,86.61,26.14,0.7,2.31,99.67,27.109999999999978,33.86
2017-10-30,14.6,85.78,26.31,0.71,3.09,99.56,38.49999999999998,37.06
2017-10-31,10.36,90.08,25.39,0.72,6.48,99.51,44.35999999999998,42.48
2017-11-01,10.75,87.75,25.79,0.73,3.01,99.59,35.70999999999998,38.01
2017-11-02,5.71,88.34,25.53,0.73,3.13,99.5,26.819999999999975,37.69
2017-11-03,5.64,86.28,25.95,0.73,4.95,99.32,22.09999999999998,38.57
2017-11-04,18.2,90.72,25.4,0.74,3.22,99.31,29.549999999999976,41.19
2017-11-05,9.75,82.72,26.11,0.75,1.88,99.41,33.589999999999975,37.29
2017-11-06,19.18,81.95,26.41,0.76,1.49,99.49,47.12999999999998,38.63
2017-11-07,14.32,82.59,26.34,0.77,2.13,99.54,43.249999999999986,38.65
2017-11-08,4.95,82.66,26.27,0.77,3.76,99.56,38.44999999999998,38.63
2017-11-09,2.07,85.8,25.89,0.77,4.02,99.49,21.339999999999982,38.01
2017-11-10,2.72,87.28,25.19,0.77,5.53,99.45,9.739999999999982,37.97
2017-11-11,1.77,88.02,26.12,0.77,5.12,99.45,6.559999999999983,37.56
2017-11-12,1.11,81.56,26.53,0.76,4.52,99.43,5.599999999999982,34.09
2017-11-13,2.85,87.02,26.12,0.76,3.96,99.35,5.729999999999983,36.79
2017-11-14,0.08,83.27,26.47,0.76,4.02,99.36,4.039999999999982,34.89
2017-11-15,0.02,81.24,26.05,0.75,3.08,99.4,2.9499999999999824,32.59
2017-11-16,0.0,80.86,26.55,0.74,2.94,99.46,0.09999999999998269,30.98
2017-11-17,0.01,76.47,26.76,0.73,1.84,99.45,0.02999999999998268,28.17
2017-11-18,2.83,78.84,26.98,0.73,1.42,99.48,2.8399999999999825,29.14
2017-11-19,26.77,86.44,26.53,0.74,1.31,99.54,29.60999999999998,36.42
2017-11-20,15.11,83.17,26.83,0.75,1.83,99.56,44.70999999999998,37.94
2017-11-21,4.44,80.92,26.99,0.76,1.71,99.5,46.31999999999998,38.11
2017-11-22,3.16,82.45,26.68,0.76,2.33,99.43,22.709999999999983,35.97
2017-11-23,5.38,82.07,26.51,0.75,3.2,99.45,12.979999999999983,34.16
2017-11-24,1.72,81.58,26.01,0.75,4.24,99.59,10.259999999999982,32.91
2017-11-25,8.38,85.72,24.97,0.75,3.8,99.65,15.479999999999983,34.75
2017-11-26,26.78,91.4,25.56,0.77,4.56,99.54,36.87999999999998,42.69
2017-11-27,12.09,87.64,26.18,0.78,3.62,99.35,47.249999999999986,44.24
2017-11-28,10.58,86.86,26.29,0.79,4.46,99.4,49.44999999999998,44.71
2017-11-29,56.93,90.66,26.41,0.81,8.65,98.96,79.59999999999998,57.86
2017-11-30,13.96,91.11,26.05,0.84,6.17,99.35,81.46999999999997,55.0
2017-12-01,26.98,90.44,25.82,0.85,5.44,99.54,97.86999999999998,55.72
2017-12-02,4.16,87.88,25.41,0.86,2.35,99.67,45.09999999999998,44.02
2017-12-03,3.29,80.95,25.8,0.85,3.41,99.69,34.42999999999998,39.38
2017-12-04,4.67,85.64,26.07,0.85,4.03,99.58,12.11999999999998,39.13
2017-12-05,1.6,86.7,25.75,0.85,3.91,99.5,9.55999999999998,39.78
2017-12-06,2.14,84.42,25.93,0.84,2.84,99.48,8.409999999999979,37.8
2017-12-07,1.63,81.95,25.83,0.84,2.97,99.49,5.369999999999979,36.26
2017-12-08,0.21,77.66,25.08,0.83,2.64,99.56,3.9799999999999787,33.04
2017-12-09,0.03,67.22,25.42,0.83,1.66,99.64,1.8699999999999786,27.08
2017-12-10,1.37,71.94,26.15,0.82,1.56,99.73,1.6099999999999788,27.81
2017-12-11,2.85,79.35,26.36,0.82,1.75,99.85,4.249999999999979,30.46
2017-12-12,7.2,87.41,25.55,0.81,2.34,99.84,11.41999999999998,34.98
2017-12-13,29.28,89.73,25.56,0.83,2.37,99.77,39.329999999999984,41.8
2017-12-14,18.99,85.44,26.36,0.84,2.89,99.74,55.469999999999985,43.47
2017-12-15,7.26,84.52,26.33,0.84,3.57,99.73,55.52999999999998,43.54
2017-12-16,1.93,83.16,26.35,0.84,4.59,99.79,28.179999999999982,38.72
2017-12-17,0.32,83.76,25.87,0.84,5.53,99.83,9.509999999999982,36.21
2017-12-18,0.01,80.05,25.03,0.83,6.01,99.9,2.259999999999982,32.75
2017-12-19,3.35,84.2,25.59,0.82,4.37,99.77,3.679999999999982,34.51
2017-12-20,12.56,89.37,25.4,0.82,4.76,99.76,15.919999999999982,38.92
2017-12-21,11.04,84.3,25.65,0.83,4.26,99.81,26.94999999999998,38.24
2017-12-22,0.71,82.67,25.43,0.82,5.18,99.71,24.30999999999998,38.04
2017-12-23,0.04,79.35,25.5,0.82,5.14,99.59,11.789999999999981,35.66
2017-12-24,2.81,81.21,25.68,0.81,4.02,99.59,3.5599999999999823,34.12
2017-12-25,1.49,84.05,25.96,0.81,3.83,99.62,4.339999999999982,35.1
2017-12-26,9.45,85.0,26.2,0.8,4.14,99.61,13.749999999999982,36.8
2017-12-27,4.67,84.34,25.64,0.8,6.22,99.58,15.609999999999982,38.19
2017-12-28,0.21,81.14,24.94,0.8,5.71,99.59,14.329999999999982,36.28
2017-12-29,0.09,78.7,24.89,0.79,5.16,99.68,4.969999999999982,32.3
2017-12-30,0.2,79.98,25.31,0.78,4.47,99.65,0.49999999999998224,31.59
2017-12-31,0.08,77.24,25.79,0.78,2.63,99.6,0.3699999999999823,29.84
2018-01-01,0.01,74.66,26.04,0.77,1.85,99.51,0.28999999999998227,28.64
2018-01-02,0.71,72.34,26.1,0.76,1.81,99.51,0.7999999999999823,27.29
2018-01-03,0.22,76.15,25.99,0.76,2.97,99.59,0.9399999999999823,28.88
2018-01-04,0.0,78.0,24.98,0.75,4.63,99.66,0.9299999999999823,29.55
2018-01-05,0.01,77.66,23.92,0.74,5.17,99.59,0.22999999999998236,29.76
2018-01-06,0.02,72.36,23.67,0.74,4.41,99.6,0.029999999999982346,26.98
2018-01-07,0.0,72.78,23.25,0.73,4.78,99.64,0.029999999999982346,26.6
2018-01-08,0.03,78.71,23.87,0.72,4.34,99.65,0.04999999999998234,28.37
2018-01-09,0.35,84.59,24.57,0.72,3.52,99.77,0.37999999999998235,29.47
2018-01-10,2.82,80.64,25.93,0.71,2.53,99.78,3.1999999999999824,27.19
2018-01-11,1.96,82.71,25.63,0.71,2.45,99.8,5.129999999999982,28.16
2018-01-12,2.04,79.34,26.05,0.71,1.95,99.76,6.819999999999982,27.06
2018-01-13,3.88,83.94,25.75,0.71,2.56,99.65,7.879999999999982,30.43
2018-01-14,1.39,82.48,25.45,0.71,4.1,99.68,7.309999999999982,30.31
2018-01-15,0.07,79.82,24.91,0.7,4.52,99.69,5.339999999999982,28.59
2018-01-16,0.0,80.51,24.54,0.7,4.42,99.64,1.4599999999999822,28.64
2018-01-17,0.0,76.01,24.45,0.69,4.71,99.67,0.06999999999998224,25.99
2018-01-18,0.0,75.12,24.27,0.68,5.15,99.66,0.0,25.5
2018-01-19,0.05,76.83,24.53,0.68,4.34,99.71,0.04999999999998224,25.38
2018-01-20,0.06,77.12,24.45,0.67,4.66,99.68,0.10999999999998224,25.51
2018-01-21,0.11,78.36,24.5,0.66,4.65,99.59,0.21999999999998224,26.38
2018-01-22,0.14,77.95,25.19,0.66,3.05,99.55,0.30999999999998223,25.69
2018-01-23,0.25,78.99,25.57,0.65,2.33,99.56,0.49999999999998224,25.27
2018-01-24,0.0,76.98,25.33,0.65,3.85,99.45,0.38999999999998225,26.14
2018-01-25,0.06,74.65,25.15,0.64,4.26,99.37,0.30999999999998223,25.61
2018-01-26,0.04,75.18,25.31,0.64,4.22,99.44,0.09999999999998224,25.2
2018-01-27,0.03,73.97,25.47,0.63,4.5,99.49,0.12999999999998224,24.0
2018-01-28,0.01,73.91,25.27,0.63,4.82,99.53,0.07999999999998224,23.8
2018-01-29,4.89,84.99,25.2,0.62,4.69,99.59,4.929999999999982,28.26
2018-01-30,9.35,88.11,25.65,0.63,5.1,99.62,14.249999999999982,31.44
2018-01-31,3.42,82.43,26.1,0.63,5.27,99.66,17.659999999999982,29.32
2018-02-01,3.61,79.74,26.4,0.63,4.43,99.68,16.37999999999998,27.36
2018-02-02,0.24,77.03,26.46,0.62,3.27,99.6,7.269999999999982,24.4
2018-02-03,0.09,74.6,26.26,0.62,3.98,99.59,3.939999999999982,23.32
2018-02-04,0.77,79.51,25.02,0.61,4.35,99.65,1.0999999999999823,24.23
2018-02-05,0.78,78.27,26.1,0.61,3.0,99.75,1.6399999999999824,22.22
2018-02-06,4.09,80.14,27.0,0.61,2.35,99.76,5.639999999999982,23.2
2018-02-07,2.94,80.51,26.73,0.61,1.51,99.74,7.809999999999983,23.41
2018-02-08,2.87,81.54,26.62,0.61,2.23,99.64,9.899999999999983,25.41
2018-02-09,2.06,77.84,26.71,0.61,0.93,99.64,7.869999999999982,22.82
2018-02-10,0.27,74.09,26.81,0.6,1.4,99.74,5.1999999999999815,19.8
2018-02-11,0.03,70.85,26.66,0.6,1.91,99.81,2.359999999999982,17.67
2018-02-12,0.17,74.94,26.84,0.59,1.93,99.87,0.46999999999998227,18.19
2018-02-13,0.01,72.71,26.63,0.59,3.32,99.97,0.20999999999998226,17.11
2018-02-14,0.28,76.19,26.57,0.58,3.64,99.95,0.4599999999999823,18.55
2018-02-15,3.19,78.44,26.93,0.58,3.95,99.93,3.479999999999982,20.31
2018-02-16,2.15,77.78,26.69,0.58,4.43,99.89,5.619999999999982,20.96
2018-02-17,0.0,69.03,26.21,0.57,3.96,99.67,5.339999999999982,18.38
2018-02-18,0.0,67.17,26.01,0.57,2.19,99.6,2.149999999999982,16.72
2018-02-19,0.0,69.43,25.85,0.56,3.04,99.58,0.0,17.54
2018-02-20,0.01,69.47,25.54,0.56,3.57,99.57,0.009999999999982237,17.93
2018-02-21,0.2,68.23,25.58,0.55,2.48,99.53,0.20999999999998226,16.76
2018-02-22,0.05,70.26,26.56,0.55,2.41,99.47,0.25999999999998225,18.1
2018-02-23,0.0,70.97,27.08,0.54,2.22,99.48,0.24999999999998224,17.79
2018-02-24,0.83,75.11,27.32,0.54,3.05,99.57,0.8799999999999821,19.33
2018-02-25,9.52,81.57,27.02,0.54,4.29,99.54,10.349999999999982,24.48
2018-02-26,15.01,82.89,26.5,0.55,2.5,99.57,25.35999999999998,26.6
2018-02-27,10.56,83.65,26.13,0.57,2.83,99.52,35.08999999999998,29.89
2018-02-28,7.53,76.54,26.9,0.57,2.6,99.51,33.09999999999998,26.53
2018-03-01,3.56,71.63,27.18,0.57,2.31,99.45,21.649999999999984,23.0
2018-03-02,2.65,74.88,27.58,0.57,2.18,99.47,13.739999999999982,22.89
2018-03-03,2.41,76.9,27.39,0.56,1.5,99.47,8.619999999999983,22.15
2018-03-04,16.38,80.84,26.72,0.58,2.04,99.51,21.439999999999984,26.64
2018-03-05,0.88,76.5,27.43,0.58,2.36,99.5,19.66999999999998,24.78
2018-03-06,2.83,74.22,27.64,0.57,1.48,99.56,20.089999999999982,22.48
2018-03-07,0.91,72.23,27.24,0.57,2.16,99.55,4.619999999999982,19.66
2018-03-08,1.57,75.93,27.26,0.56,2.16,99.58,5.309999999999983,20.66
2018-03-09,3.87,76.02,27.11,0.56,1.62,99.58,6.349999999999982,20.57
2018-03-10,3.31,76.72,27.32,0.56,4.11,99.49,8.749999999999982,23.34
2018-03-11,3.6,78.64,26.95,0.56,3.77,99.5,10.779999999999982,24.21
2018-03-12,19.51,82.24,26.53,0.57,3.36,99.53,26.419999999999984,28.14
2018-03-13,1.39,76.84,27.06,0.58,3.05,99.57,24.499999999999986,25.47
2018-03-14,1.42,75.75,27.26,0.57,2.56,99.59,22.319999999999983,23.81
2018-03-15,2.94,76.48,27.42,0.57,1.85,99.6,5.749999999999982,21.05
2018-03-16,7.99,82.02,27.28,0.57,1.77,99.51,12.349999999999984,25.14
2018-03-17,3.67,78.18,27.94,0.57,1.22,99.5,14.599999999999984,23.66
2018-03-18,0.95,73.81,28.01,0.57,1.69,99.57,12.609999999999982,21.16
2018-03-19,0.6,73.71,28.12,0.57,1.72,99.68,5.219999999999982,19.05
2018-03-20,0.91,77.0,27.74,0.56,1.98,99.66,2.459999999999982,19.89
2018-03-21,0.15,81.47,27.08,0.56,2.94,99.65,1.6599999999999822,22.27
2018-03-22,0.08,75.48,27.63,0.55,2.84,99.5,1.1399999999999824,20.43
2018-03-23,0.82,77.26,27.8,0.55,2.7,99.45,1.049999999999982,21.51
2018-03-24,0.47,71.62,28.01,0.55,1.49,99.53,1.3699999999999821,17.85
2018-03-25,0.19,67.58,27.16,0.54,1.63,99.69,1.479999999999982,14.46
2018-03-26,6.25,72.45,28.02,0.54,1.29,99.71,6.909999999999982,17.02
2018-03-27,15.92,79.49,27.74,0.54,1.92,99.65,22.35999999999998,23.28
2018-03-28,8.64,80.37,27.42,0.56,2.86,99.67,30.80999999999998,26.17
2018-03-29,4.99,78.95,27.61,0.56,2.63,99.64,29.549999999999983,25.49
2018-03-30,2.91,83.26,27.21,0.56,3.29,99.6,16.539999999999985,25.97
2018-03-31,1.65,85.45,27.27,0.56,3.88,99.54,9.549999999999985,26.62
2018-04-01,8.95,85.39,26.91,0.56,2.88,99.49,13.509999999999984,27.1
2018-04-02,8.6,81.72,26.96,0.57,2.17,99.57,19.19999999999998,25.8
2018-04-03,3.24,77.18,27.71,0.57,1.5,99.5,20.789999999999985,24.36
2018-04-04,1.64,76.38,27.58,0.57,1.7,99.38,13.479999999999984,23.98
2018-04-05,1.16,77.71,27.64,0.56,1.95,99.35,6.039999999999984,23.34
2018-04-06,22.86,84.15,27.32,0.57,1.87,99.38,25.659999999999982,29.28
2018-04-07,16.98,84.06,26.99,0.59,1.84,99.5,40.999999999999986,31.48
2018-04-08,5.82,70.27,27.82,0.6,2.33,99.5,45.65999999999998,27.05
2018-04-09,17.57,75.34,28.06,0.6,1.92,99.53,40.36999999999998,27.89
2018-04-10,6.25,76.85,28.07,0.61,1.37,99.43,29.639999999999983,27.82
2018-04-11,14.7,80.79,27.84,0.61,1.97,99.42,38.51999999999998,31.29
2018-04-12,14.17,78.87,27.9,0.63,1.64,99.34,35.11999999999998,31.28
2018-04-13,19.56,77.75,27.57,0.64,1.38,99.44,48.42999999999998,32.34
2018-04-14,14.55,81.2,27.36,0.65,3.0,99.45,48.27999999999997,34.99
2018-04-15,3.79,80.6,27.7,0.66,2.26,99.5,37.899999999999984,32.71
2018-04-16,4.77,78.52,28.36,0.66,1.43,99.56,23.109999999999978,28.56
2018-04-17,3.2,74.61,28.83,0.66,1.84,99.56,11.759999999999978,25.34
2018-04-18,11.82,79.53,28.21,0.66,1.89,99.6,19.789999999999978,28.38
2018-04-19,1.67,76.0,28.16,0.66,2.11,99.47,16.689999999999976,27.6
2018-04-20,3.71,81.13,27.8,0.66,2.42,99.45,17.199999999999978,30.19
2018-04-21,0.73,78.41,28.1,0.65,2.22,99.44,6.109999999999978,26.85
2018-04-22,3.43,84.76,27.26,0.65,2.99,99.51,7.869999999999979,29.65
2018-04-23,2.99,83.38,27.6,0.65,2.18,99.5,7.149999999999979,28.6
2018-04-24,10.02,83.66,27.76,0.65,2.21,99.5,16.439999999999976,30.19
2018-04-25,8.34,84.8,27.62,0.65,2.98,99.46,21.34999999999998,32.2
2018-04-26,12.46,85.12,27.58,0.66,3.47,99.42,30.81999999999998,34.84
2018-04-27,8.75,82.19,27.91,0.66,2.63,99.47,29.549999999999983,32.53
2018-04-28,18.84,86.0,27.33,0.67,2.27,99.57,40.049999999999976,35.18
2018-04-29,11.31,86.03,27.18,0.68,2.82,99.53,38.89999999999998,36.07
2018-04-30,2.89,85.56,27.82,0.69,3.7,99.46,33.03999999999998,36.44
2018-05-01,2.89,84.48,28.12,0.68,3.78,99.49,17.08999999999998,32.84
2018-05-02,7.57,87.63,27.95,0.68,4.32,99.45,13.34999999999998,34.22
2018-05-03,12.25,78.47,28.0,0.69,2.66,99.48,22.70999999999998,31.08
2018-05-04,9.44,83.29,27.79,0.7,2.69,99.5,29.259999999999977,34.42
2018-05-05,21.5,85.19,27.13,0.7,3.75,99.65,43.189999999999976,36.73
2018-05-06,10.8,85.98,26.95,0.72,3.32,99.69,41.73999999999998,37.11
2018-05-07,11.11,86.4,26.95,0.72,3.64,99.62,43.40999999999998,38.31
2018-05-08,6.53,86.23,26.92,0.73,3.45,99.52,28.43999999999998,37.05
2018-05-09,10.68,88.28,26.75,0.73,3.52,99.56,28.31999999999998,37.6
2018-05-10,16.49,87.23,26.36,0.73,3.68,99.63,33.699999999999974,37.5
2018-05-11,13.77,86.27,26.98,0.75,2.93,99.57,40.939999999999976,39.18
2018-05-12,12.53,89.22,26.57,0.76,3.46,99.51,42.78999999999998,41.93
2018-05-13,23.59,89.05,26.25,0.78,3.06,99.49,49.88999999999997,43.77
2018-05-14,5.66,84.98,27.18,0.78,2.57,99.47,41.77999999999998,40.68
2018-05-15,10.78,88.75,26.79,0.79,2.57,99.39,40.02999999999998,43.1
2018-05-16,8.27,90.02,26.44,0.79,3.45,99.36,24.709999999999972,41.96
2018-05-17,15.65,90.25,25.94,0.8,3.96,99.4,34.699999999999974,43.98
2018-05-18,21.46,88.65,26.13,0.81,4.04,99.38,45.379999999999974,45.62
2018-05-19,7.91,87.56,26.58,0.82,4.4,99.34,45.01999999999998,46.05
2018-05-20,36.52,88.44,26.61,0.82,5.6,99.36,65.88999999999997,50.18
2018-05-21,38.7,87.36,26.51,0.86,5.64,99.48,83.12999999999997,53.14
2018-05-22,11.16,85.87,27.18,0.86,4.96,99.38,86.37999999999998,53.49
2018-05-23,17.66,88.67,26.49,0.87,5.7,99.37,67.51999999999997,52.62
2018-05-24,26.31,88.07,26.73,0.88,5.95,99.22,55.12999999999997,52.24
2018-05-25,16.98,86.65,26.6,0.89,4.93,99.18,60.94999999999997,52.76
2018-05-26,8.72,87.46,26.74,0.89,4.95,99.18,52.00999999999996,51.71
2018-05-27,11.66,87.17,27.27,0.89,7.19,99.26,37.359999999999964,49.83
2018-05-28,8.86,87.24,27.3,0.89,7.72,99.28,29.239999999999966,48.7
2018-05-29,3.24,86.48,27.38,0.89,7.04,99.31,23.759999999999966,46.9
2018-05-30,1.19,87.64,27.38,0.88,6.64,99.28,13.289999999999964,45.36
2018-05-31,3.39,88.35,27.4,0.88,6.38,99.33,7.819999999999965,44.24
2018-06-01,7.18,90.4,26.96,0.87,5.67,99.43,11.759999999999964,44.08
2018-06-02,15.06,90.3,26.71,0.88,5.57,99.45,25.629999999999967,46.42
2018-06-03,10.17,90.01,26.89,0.88,6.06,99.36,32.40999999999997,48.38
2018-06-04,6.67,89.56,26.88,0.88,5.78,99.29,31.899999999999963,48.55
2018-06-05,4.43,89.2,26.93,0.88,5.19,99.37,21.26999999999996,45.73
2018-06-06,6.69,91.39,26.93,0.88,6.53,99.61,17.789999999999964,44.83
2018-06-07,13.59,89.79,26.7,0.89,6.92,99.57,24.709999999999965,46.2
2018-06-08,8.75,89.43,26.9,0.89,7.6,99.51,29.029999999999966,47.6
2018-06-09,5.24,89.78,26.93,0.89,7.94,99.47,27.579999999999963,48.04
2018-06-10,5.8,89.59,26.87,0.88,7.55,99.52,19.789999999999964,45.68
2018-06-11,2.64,88.06,26.91,0.88,7.0,99.59,13.679999999999962,43.19
2018-06-12,1.19,88.17,26.75,0.87,6.5,99.56,9.629999999999963,42.16
2018-06-13,3.13,88.98,26.65,0.87,6.18,99.59,6.959999999999963,41.66
2018-06-14,5.6,87.39,26.66,0.87,5.06,99.59,9.919999999999963,40.84
2018-06-15,11.0,90.67,26.37,0.87,5.44,99.65,19.72999999999996,43.48
2018-06-16,13.48,87.1,26.33,0.87,6.2,99.75,30.079999999999963,43.16
2018-06-17,4.85,86.66,26.18,0.87,5.79,99.67,29.329999999999963,43.31
2018-06-18,3.69,87.73,26.32,0.87,5.71,99.59,22.01999999999996,43.24
2018-06-19,1.64,86.43,26.39,0.86,6.47,99.57,10.179999999999962,40.99
2018-06-20,0.34,84.46,26.37,0.86,6.7,99.58,5.669999999999963,39.48
2018-06-21,2.38,86.93,26.49,0.85,6.73,99.54,4.359999999999962,40.25
2018-06-22,3.09,89.34,26.37,0.85,6.47,99.5,5.809999999999963,41.7
2018-06-23,4.09,89.11,26.39,0.84,5.61,99.46,9.559999999999963,41.64
2018-06-24,5.32,90.68,26.29,0.84,4.98,99.53,12.499999999999963,41.83
2018-06-25,6.53,88.29,26.06,0.84,5.44,99.51,15.939999999999962,41.78
2018-06-26,5.42,89.57,26.29,0.84,5.55,99.44,17.269999999999964,43.18
2018-06-27,2.1,88.33,26.14,0.84,5.71,99.44,14.049999999999963,42.23
2018-06-28,1.32,86.83,26.0,0.84,4.46,99.45,8.839999999999963,40.02
2018-06-29,1.15,85.51,25.85,0.83,4.69,99.4,4.569999999999963,38.91
2018-06-30,3.26,87.28,26.07,0.83,4.2,99.4,5.729999999999963,39.58
2018-07-01,1.83,88.22,25.99,0.83,3.98,99.43,6.239999999999963,39.68
2018-07-02,3.23,89.2,26.03,0.82,4.38,99.49,8.319999999999963,39.72
2018-07-03,1.39,88.42,26.1,0.82,3.9,99.52,6.449999999999963,38.58
2018-07-04,0.28,88.25,26.22,0.82,4.54,99.55,4.899999999999963,38.36
2018-07-05,0.48,87.78,26.38,0.81,4.77,99.53,2.149999999999963,37.6
2018-07-06,0.82,89.62,26.3,0.8,5.42,99.49,1.5799999999999632,38.55
2018-07-07,0.83,88.81,26.04,0.8,6.03,99.48,2.129999999999963,38.71
2018-07-08,1.65,86.91,26.14,0.8,6.3,99.43,3.299999999999963,38.65
2018-07-09,7.29,88.58,26.32,0.79,7.14,99.5,9.769999999999964,39.82
2018-07-10,11.82,87.84,25.85,0.8,6.24,99.63,20.759999999999962,40.08
2018-07-11,8.72,89.33,25.74,0.8,5.46,99.63,27.829999999999966,41.4
2018-07-12,3.55,88.69,25.93,0.8,5.39,99.55,24.089999999999964,41.17
2018-07-13,1.62,88.08,25.98,0.8,6.32,99.52,13.889999999999965,40.07
2018-07-14,2.02,87.48,26.03,0.79,6.17,99.45,7.189999999999964,38.84
2018-07-15,6.37,89.76,25.9,0.79,6.61,99.46,10.009999999999966,40.41
2018-07-16,3.02,87.94,25.74,0.79,6.15,99.49,11.409999999999965,39.35
2018-07-17,1.98,86.31,25.87,0.79,6.31,99.51,11.369999999999965,38.58
2018-07-18,1.07,89.11,25.8,0.78,5.44,99.51,6.069999999999966,38.04
2018-07-19,1.26,91.16,25.61,0.78,6.35,99.55,4.309999999999965,38.79
2018-07-20,0.26,86.09,25.73,0.77,5.94,99.6,2.589999999999965,35.3
2018-07-21,0.46,91.89,25.69,0.77,4.96,99.63,1.9799999999999653,36.88
2018-07-22,0.29,91.06,25.69,0.76,4.89,99.58,1.0099999999999654,36.34
2018-07-23,0.63,90.29,25.62,0.76,4.64,99.47,1.3799999999999653,36.86
2018-07-24,2.33,90.18,25.54,0.75,5.82,99.58,3.2499999999999654,36.4
2018-07-25,1.59,91.06,25.46,0.75,4.93,99.58,4.549999999999965,36.49
2018-07-26,0.82,89.09,25.76,0.74,5.82,99.62,4.739999999999966,35.41
2018-07-27,0.45,90.52,25.58,0.74,5.38,99.61,2.8599999999999652,35.57
2018-07-28,0.19,88.18,25.58,0.73,4.9,99.55,1.4599999999999653,34.17
2018-07-29,0.33,89.14,25.43,0.73,5.38,99.49,0.9699999999999653,35.27
2018-07-30,4.16,90.37,25.65,0.72,6.17,99.54,4.679999999999966,35.96
2018-07-31,5.52,90.72,25.34,0.72,5.24,99.64,10.009999999999966,35.6
2018-08-01,3.15,91.63,25.47,0.72,4.37,99.67,12.829999999999965,35.7
2018-08-02,1.77,91.44,25.65,0.72,4.56,99.69,10.439999999999966,35.18
2018-08-03,1.04,92.12,25.66,0.72,4.35,99.72,5.959999999999965,34.4
2018-08-04,0.9,89.14,25.54,0.72,5.09,99.72,3.7099999999999653,33.19
2018-08-05,0.86,89.52,25.79,0.72,5.86,99.71,2.799999999999965,33.71
2018-08-06,0.7,88.49,25.65,0.71,6.54,99.63,2.4599999999999653,33.83
2018-08-07,0.91,89.5,25.69,0.71,5.7,99.5,2.4699999999999656,34.9
2018-08-08,7.74,91.7,25.47,0.71,5.45,99.53,9.349999999999966,36.52
2018-08-09,10.48,91.05,25.4,0.71,5.11,99.64,19.129999999999967,36.68
2018-08-10,4.42,89.52,25.71,0.72,5.82,99.72,22.639999999999965,36.71
2018-08-11,1.41,89.71,25.62,0.71,6.64,99.63,16.309999999999963,36.58
2018-08-12,1.42,90.4,25.7,0.71,6.99,99.54,7.2499999999999645,36.39
2018-08-13,4.25,89.82,25.57,0.71,5.14,99.58,7.0799999999999645,34.78
2018-08-14,13.05,86.83,25.63,0.72,7.17,99.57,18.719999999999963,36.95
2018-08-15,5.84,88.07,25.56,0.72,7.69,99.56,23.139999999999965,38.53
2018-08-16,5.86,87.07,25.25,0.72,7.25,99.58,24.749999999999968,37.96
2018-08-17,5.29,87.73,25.51,0.72,7.06,99.47,16.989999999999966,37.84
2018-08-18,7.02,89.45,24.95,0.72,7.47,99.47,18.169999999999966,38.97
2018-08-19,1.88,88.76,25.17,0.72,6.97,99.47,14.189999999999966,37.79
2018-08-20,0.73,89.63,25.23,0.71,6.26,99.52,9.629999999999963,36.21
2018-08-21,0.42,89.23,25.31,0.71,5.62,99.57,3.0299999999999643,34.24
2018-08-22,0.33,88.59,25.21,0.7,4.13,99.57,1.4799999999999645,32.5
2018-08-23,0.92,87.17,25.46,0.7,3.87,99.55,1.6699999999999644,31.95
2018-08-24,2.11,89.35,25.29,0.69,4.31,99.51,3.3599999999999643,33.29
2018-08-25,1.0,90.28,25.24,0.69,4.13,99.47,4.029999999999964,34.03
2018-08-26,0.23,89.87,25.13,0.69,4.77,99.4,3.3399999999999643,34.68
2018-08-27,1.0,87.74,25.44,0.68,4.58,99.44,2.2299999999999645,32.74
2018-08-28,1.14,88.73,25.26,0.68,3.9,99.5,2.3699999999999646,32.31
2018-08-29,0.72,88.98,25.34,0.68,3.83,99.55,2.8599999999999643,32.04
2018-08-30,0.79,86.03,25.6,0.67,4.44,99.52,2.6499999999999644,30.91
2018-08-31,1.18,88.54,25.45,0.67,5.24,99.59,2.6899999999999644,31.83
2018-09-01,0.73,87.14,25.51,0.66,4.19,99.69,2.6999999999999647,29.41
2018-09-02,0.87,86.18,25.81,0.66,4.48,99.65,2.7799999999999643,29.5
2018-09-03,0.32,86.64,25.56,0.65,4.21,99.65,1.9199999999999644,28.99
2018-09-04,0.07,84.48,25.71,0.65,4.85,99.7,1.2599999999999645,27.9
2018-09-05,0.15,81.63,25.7,0.65,5.06,99.69,0.5399999999999645,26.78
2018-09-06,0.24,82.2,26.07,0.64,5.96,99.62,0.45999999999996444,27.66
2018-09-07,0.41,81.01,26.19,0.64,6.17,99.63,0.7999999999999645,27.24
2018-09-08,0.05,81.57,25.99,0.63,4.66,99.55,0.6999999999999644,26.89
2018-09-09,0.4,81.71,26.37,0.62,3.64,99.55,0.8599999999999645,26.0
2018-09-10,1.3,82.08,26.31,0.62,3.7,99.69,1.7499999999999645,25.15
2018-09-11,0.25,80.83,26.25,0.61,3.55,99.73,1.9499999999999647,23.82
2018-09-12,1.02,80.18,26.22,0.61,3.24,99.62,2.5699999999999648,24.39
2018-09-13,1.37,80.87,26.18,0.61,3.96,99.55,2.639999999999965,25.67
2018-09-14,0.8,80.33,26.39,0.6,3.98,99.6,3.189999999999965,24.7
2018-09-15,1.89,79.41,26.6,0.6,4.15,99.66,4.059999999999965,24.03
2018-09-16,2.1,81.73,26.39,0.6,5.18,99.58,4.7899999999999645,26.36
2018-09-17,3.03,79.74,26.73,0.6,5.98,99.54,7.019999999999964,26.63
2018-09-18,2.39,80.18,26.64,0.59,6.83,99.55,7.519999999999964,26.85
2018-09-19,3.68,83.75,26.44,0.59,5.51,99.51,9.099999999999964,28.24
2018-09-20,10.14,84.93,26.57,0.6,6.3,99.37,16.209999999999965,31.88
2018-09-21,13.18,86.25,26.41,0.61,5.89,99.49,26.999999999999964,33.33
2018-09-22,3.19,85.17,26.4,0.61,4.83,99.65,26.509999999999966,30.87
2018-09-23,2.81,86.22,26.39,0.61,3.82,99.74,19.179999999999964,28.87
2018-09-24,13.8,88.28,25.78,0.61,3.55,99.76,19.799999999999965,29.52
2018-09-25,9.22,86.15,25.73,0.63,3.08,99.65,25.829999999999963,31.08
2018-09-26,3.35,84.64,26.26,0.63,3.01,99.48,26.369999999999965,31.92
2018-09-27,10.95,87.66,25.84,0.63,2.75,99.47,23.519999999999964,32.69
2018-09-28,3.42,84.78,26.27,0.64,2.93,99.46,17.719999999999963,31.17
2018-09-29,18.92,86.5,26.14,0.64,3.24,99.42,33.289999999999964,34.84
2018-09-30,6.24,85.67,26.95,0.65,2.43,99.32,28.579999999999963,34.58
2018-10-01,2.44,85.28,26.9,0.65,2.74,99.4,27.599999999999962,33.75
2018-10-02,4.38,89.67,25.44,0.65,2.95,99.49,13.059999999999961,32.69
2018-10-03,4.92,86.71,25.95,0.65,2.15,99.43,11.739999999999961,31.3
2018-10-04,13.41,90.98,25.98,0.65,4.07,99.33,22.70999999999996,36.71
2018-10-05,21.59,89.0,26.4,0.67,3.75,99.46,39.91999999999996,38.15
2018-10-06,20.55,90.6,25.91,0.69,3.24,99.46,55.54999999999996,41.86
2018-10-07,40.89,89.61,25.65,0.72,2.12,99.48,83.02999999999996,46.25
2018-10-08,26.51,89.13,25.44,0.74,3.99,99.51,87.94999999999996,48.42
2018-10-09,15.65,87.01,25.22,0.76,3.51,99.55,83.04999999999997,47.01
2018-10-10,5.59,82.98,26.0,0.77,3.92,99.5,47.749999999999964,40.82
2018-10-11,3.12,85.36,25.87,0.76,4.43,99.57,24.359999999999964,37.42
2018-10-12,1.9,84.3,25.65,0.76,5.19,99.68,10.609999999999964,34.3
2018-10-13,5.05,80.98,25.87,0.76,4.36,99.8,10.069999999999965,31.35
2018-10-14,2.99,87.31,25.53,0.76,3.11,99.84,9.939999999999966,33.0
2018-10-15,1.38,83.42,26.48,0.75,2.29,99.8,9.419999999999964,30.74
2018-10-16,6.16,85.36,26.12,0.75,2.31,99.84,10.529999999999966,31.41
2018-10-17,8.31,84.96,25.29,0.75,3.28,99.86,15.849999999999966,32.44
2018-10-18,1.35,78.37,26.33,0.75,1.81,99.77,15.819999999999967,29.6
2018-10-19,1.39,81.22,26.67,0.75,2.0,99.67,11.049999999999965,31.0
2018-10-20,4.76,89.39,25.64,0.75,3.32,99.74,7.499999999999966,34.03
2018-10-21,1.26,85.72,26.13,0.75,2.82,99.76,7.409999999999966,32.02
2018-10-22,33.44,88.29,26.06,0.76,3.23,99.68,39.459999999999965,39.46
2018-10-23,3.67,84.28,26.7,0.77,2.87,99.71,38.36999999999997,37.57
2018-10-24,2.79,86.16,26.52,0.77,2.45,99.68,39.89999999999996,38.63
2018-10-25,7.86,89.27,25.59,0.78,1.88,99.69,14.319999999999965,35.96
2018-10-26,4.91,86.29,26.06,0.78,3.15,99.7,15.559999999999965,35.5
2018-10-27,8.57,85.18,26.37,0.78,2.81,99.68,21.339999999999964,35.92
2018-10-28,10.13,85.86,26.15,0.78,3.66,99.63,23.609999999999964,37.44
2018-10-29,1.61,84.27,26.14,0.79,3.76,99.49,20.309999999999967,37.9
2018-10-30,3.64,87.52,25.81,0.79,3.14,99.52,15.379999999999965,37.92
2018-10-31,7.49,89.45,25.84,0.79,3.39,99.48,12.739999999999965,38.79
2018-11-01,27.75,88.45,25.97,0.79,2.75,99.5,38.87999999999997,41.96
2018-11-02,25.61,84.17,26.46,0.82,1.72,99.46,60.849999999999966,44.65
2018-11-03,13.11,87.39,26.22,0.83,2.17,99.54,66.46999999999997,46.89
2018-11-04,5.07,84.9,26.74,0.83,2.56,99.59,43.789999999999964,42.06
2018-11-05,16.85,86.41,26.0,0.83,2.91,99.61,35.029999999999966,41.35
2018-11-06,27.67,89.69,25.81,0.85,5.35,99.61,49.58999999999997,47.19
2018-11-07,4.99,88.03,25.36,0.86,4.29,99.61,49.50999999999997,46.32
2018-11-08,20.82,90.98,25.38,0.86,4.88,99.49,53.47999999999997,49.52
2018-11-09,20.93,84.38,26.1,0.88,3.56,99.49,46.73999999999997,45.8
2018-11-10,1.06,83.83,26.06,0.88,4.38,99.54,42.80999999999997,44.97
2018-11-11,0.01,83.31,25.59,0.88,4.23,99.69,21.999999999999964,40.15
2018-11-12,0.3,81.4,25.42,0.87,3.71,99.69,1.3699999999999646,35.39
2018-11-13,0.22,84.72,25.54,0.86,2.96,99.56,0.5299999999999645,36.93
2018-11-14,0.56,84.19,26.08,0.85,2.71,99.52,1.0799999999999645,36.57
2018-11-15,0.29,80.04,26.63,0.85,2.18,99.53,1.0699999999999645,34.44
2018-11-16,1.23,85.31,26.42,0.84,3.64,99.59,2.0799999999999645,36.69
2018-11-17,7.14,86.72,25.66,0.84,2.28,99.68,8.659999999999965,36.83
2018-11-18,6.98,81.07,26.54,0.84,2.3,99.66,15.349999999999966,35.67
2018-11-19,22.12,81.65,26.56,0.84,2.16,99.71,36.23999999999997,38.7
2018-11-20,1.21,86.73,25.52,0.85,2.59,99.73,30.309999999999967,40.41
2018-11-21,1.43,84.57,26.2,0.85,3.48,99.7,24.759999999999966,39.36
2018-11-22,8.54,81.42,26.82,0.84,1.76,99.73,11.179999999999964,34.28
2018-11-23,38.65,85.01,26.77,0.86,2.31,99.84,48.61999999999996,41.9
2018-11-24,20.46,85.14,26.11,0.88,2.38,99.99,67.64999999999996,44.57
2018-11-25,1.54,83.71,26.87,0.88,3.62,99.81,60.64999999999996,45.05
2018-11-26,1.88,82.07,26.32,0.87,4.64,99.71,23.879999999999967,39.55
2018-11-27,7.47,83.28,26.15,0.87,4.65,99.7,10.889999999999965,38.11
2018-11-28,5.38,83.8,26.11,0.87,2.75,99.7,14.729999999999965,37.91
2018-11-29,6.24,79.46,26.9,0.87,2.32,99.77,19.089999999999964,35.93
2018-11-30,2.38,86.62,25.83,0.87,4.2,99.8,13.999999999999964,38.93
2018-12-01,0.08,80.83,24.76,0.86,4.83,99.67,8.699999999999964,36.65
2018-12-02,0.04,81.71,25.2,0.86,4.37,99.52,2.4999999999999645,37.06
2018-12-03,8.26,87.04,26.05,0.85,4.06,99.54,8.379999999999963,39.49
2018-12-04,7.14,81.66,26.76,0.85,2.27,99.6,15.439999999999966,36.84
2018-12-05,7.25,85.19,26.11,0.85,2.43,99.6,22.649999999999967,39.56
2018-12-06,4.43,86.48,26.03,0.86,3.85,99.5,18.819999999999965,41.53
2018-12-07,2.59,83.35,26.16,0.85,4.04,99.53,14.269999999999964,38.92
2018-12-08,1.73,84.89,26.19,0.85,5.26,99.57,8.749999999999966,39.03
2018-12-09,1.0,84.66,25.87,0.84,5.65,99.58,5.3199999999999665,38.1
2018-12-10,0.0,83.25,25.17,0.84,4.53,99.66,2.7299999999999662,35.82
2018-12-11,0.0,81.09,25.01,0.83,4.69,99.69,0.9999999999999662,34.04
2018-12-12,0.0,81.32,24.23,0.82,4.76,99.8,0.0,32.67
2018-12-13,0.0,84.04,24.75,0.82,4.11,99.83,0.0,33.22
2018-12-14,1.56,86.06,25.32,0.81,4.66,99.73,1.5599999999999663,35.04
2018-12-15,6.44,86.62,25.67,0.81,5.01,99.68,7.999999999999966,36.89
2018-12-16,0.26,83.04,24.85,0.81,4.52,99.72,8.259999999999968,34.82
2018-12-17,0.0,71.84,25.32,0.8,2.28,99.79,6.699999999999966,27.6
2018-12-18,0.0,77.76,25.45,0.8,1.58,99.78,0.25999999999996715,28.81
2018-12-19,0.0,79.05,25.3,0.79,3.35,99.75,0.0,30.1
2018-12-20,2.14,85.26,25.53,0.78,3.95,99.75,2.1399999999999673,32.97
2018-12-21,17.27,89.76,25.73,0.78,4.6,99.68,19.409999999999968,38.53
2018-12-22,6.55,88.81,25.46,0.8,4.2,99.65,25.95999999999997,40.03
2018-12-23,2.65,83.0,26.53,0.8,1.54,99.67,26.469999999999967,36.04
2018-12-24,4.52,84.43,26.31,0.79,2.36,99.71,13.719999999999967,34.33
2018-12-25,14.47,89.51,25.94,0.8,2.71,99.71,21.63999999999997,38.34
2018-12-26,9.33,86.24,25.98,0.8,2.47,99.75,28.31999999999997,37.54
2018-12-27,22.04,87.19,25.8,0.81,3.34,99.69,45.83999999999997,42.09
2018-12-28,0.55,75.76,25.68,0.81,3.28,99.67,31.919999999999966,35.2
2018-12-29,0.04,78.78,25.22,0.81,4.13,99.81,22.629999999999967,34.3
2018-12-30,0.04,79.52,24.88,0.8,5.62,99.94,0.629999999999968,30.45
2018-12-31,0.48,83.26,25.01,0.79,6.23,100.0,0.5599999999999681,31.43
2019-01-01,0.12,80.0,24.8,0.79,6.29,100.03,0.6399999999999679,29.84
2019-01-02,0.02,79.51,24.39,0.78,5.64,100.02,0.619999999999968,28.94
2019-01-03,0.01,78.52,24.17,0.77,6.15,100.06,0.14999999999996802,27.96
2019-01-04,0.0,77.63,24.03,0.76,5.64,100.01,0.029999999999968024,27.29
2019-01-05,0.03,81.53,24.88,0.76,5.47,99.88,0.03999999999996802,29.94
2019-01-06,0.0,77.62,24.56,0.75,5.14,99.81,0.02999999999996802,28.27
2019-01-07,0.02,79.76,25.04,0.74,3.88,99.71,0.04999999999996803,28.91
2019-01-08,0.01,81.23,25.58,0.73,5.32,99.75,0.029999999999968024,29.55
2019-01-09,0.04,80.65,25.37,0.73,5.29,99.71,0.06999999999996803,29.63
2019-01-10,0.23,81.21,25.6,0.72,5.2,99.68,0.27999999999996805,29.68
2019-01-11,6.5,82.99,25.37,0.71,5.0,99.77,6.769999999999968,30.17
2019-01-12,2.04,84.11,25.66,0.71,5.44,99.74,8.769999999999968,31.45
2019-01-13,5.47,86.26,25.56,0.71,4.63,99.77,14.009999999999966,32.49
2019-01-14,4.44,85.05,25.8,0.71,4.75,99.72,11.949999999999967,32.14
2019-01-15,1.18,83.54,25.59,0.71,5.06,99.75,11.08999999999997,31.28
2019-01-16,3.96,83.78,25.53,0.71,5.61,99.75,9.579999999999968,31.44
2019-01-17,0.15,78.57,24.78,0.7,5.79,99.72,5.289999999999968,28.49
2019-01-18,0.03,76.98,24.12,0.69,5.39,99.73,4.139999999999968,26.91
2019-01-19,0.0,76.58,23.87,0.69,5.08,99.81,0.17999999999996802,25.28
2019-01-20,0.1,78.26,24.58,0.68,5.53,99.86,0.12999999999996803,25.38
2019-01-21,0.0,79.26,25.38,0.67,3.87,99.84,0.09999999999996803,24.65
2019-01-22,0.04,80.48,25.61,0.67,3.82,99.82,0.13999999999996804,25.31
2019-01-23,0.03,80.44,25.92,0.66,3.97,99.77,0.06999999999996803,25.36
2019-01-24,0.13,79.32,26.28,0.66,2.97,99.85,0.19999999999996804,23.7
2019-01-25,0.92,80.77,26.44,0.65,2.25,99.82,1.079999999999968,23.89
2019-01-26,0.82,79.92,26.98,0.65,2.27,99.78,1.8699999999999681,24.0
2019-01-27,0.21,75.39,26.74,0.64,1.64,99.87,1.9499999999999682,20.57
2019-01-28,0.02,74.62,26.35,0.64,2.26,99.86,1.049999999999968,20.52
2019-01-29,0.0,76.04,25.32,0.63,5.15,99.84,0.229999999999968,22.3
2019-01-30,0.0,78.06,25.54,0.62,6.01,99.84,0.019999999999968026,23.17
2019-01-31,0.02,77.68,25.87,0.62,5.52,99.8,0.019999999999968026,23.08
2019-02-01,0.02,77.27,26.14,0.61,4.29,99.81,0.039999999999968026,21.73
2019-02-02,0.84,77.84,26.51,0.6,4.36,99.69,0.879999999999968,22.73
2019-02-03,1.86,80.11,26.83,0.6,4.29,99.77,2.719999999999968,23.27
2019-02-04,13.75,82.77,26.6,0.6,3.13,99.88,16.449999999999967,25.0
2019-02-05,7.29,84.8,26.58,0.61,4.3,99.85,22.899999999999967,28.19
2019-02-06,2.55,81.05,26.6,0.61,3.78,99.73,23.589999999999968,27.43
2019-02-07,0.18,76.65,26.7,0.61,1.94,99.77,10.019999999999968,22.1
2019-02-08,0.91,81.87,26.9,0.6,2.25,99.84,3.6399999999999677,22.47
2019-02-09,26.92,85.71,25.84,0.61,1.92,99.88,28.00999999999997,27.83
2019-02-10,10.02,77.39,26.67,0.63,2.18,99.89,37.849999999999966,26.76
2019-02-11,0.32,79.88,26.4,0.63,4.24,99.83,37.25999999999996,29.34
2019-02-12,0.11,79.64,26.4,0.62,5.33,99.88,10.449999999999967,24.77
2019-02-13,0.22,79.44,26.77,0.62,6.16,99.92,0.649999999999968,23.26
2019-02-14,3.1,80.81,27.05,0.61,4.14,99.76,3.429999999999968,24.11
2019-02-15,4.83,81.26,27.09,0.61,2.04,99.81,8.149999999999968,23.48
2019-02-16,12.26,83.87,26.58,0.61,1.74,99.87,20.18999999999997,25.81
2019-02-17,6.04,82.1,27.05,0.62,1.47,99.79,23.129999999999967,26.47
2019-02-18,1.15,82.19,26.87,0.62,2.21,99.66,19.449999999999967,27.43
2019-02-19,0.63,76.77,27.51,0.61,2.29,99.67,7.8199999999999665,22.84
2019-02-20,0.03,74.08,26.69,0.61,3.37,99.86,1.809999999999966,19.74
2019-02-21,0.07,75.9,26.79,0.6,4.92,99.94,0.7299999999999662,20.09
2019-02-22,0.1,73.94,26.14,0.6,5.35,99.78,0.19999999999996626,20.75
2019-02-23,0.0,68.91,26.05,0.59,2.38,99.67,0.16999999999996626,17.51
2019-02-24,0.0,69.65,26.75,0.59,2.07,99.56,0.09999999999996625,18.57
2019-02-25,0.42,73.83,27.46,0.58,1.88,99.53,0.41999999999996623,20.11
2019-02-26,6.44,82.45,27.08,0.58,2.22,99.52,6.859999999999967,25.05
2019-02-27,18.91,85.03,26.14,0.6,2.76,99.57,25.769999999999968,29.83
2019-02-28,0.6,80.78,26.74,0.6,2.87,99.56,25.949999999999967,28.2
2019-03-01,0.18,74.19,27.91,0.59,1.21,99.52,19.68999999999997,23.44
2019-03-02,0.02,72.11,27.47,0.59,1.46,99.57,0.799999999999968,19.3
2019-03-03,4.24,74.86,27.92,0.58,2.38,99.51,4.439999999999968,21.62
2019-03-04,2.23,80.14,26.77,0.58,2.53,99.54,6.489999999999968,24.01
2019-03-05,1.04,81.85,26.91,0.58,2.54,99.53,7.509999999999968,24.98
2019-03-06,0.51,81.52,27.12,0.58,3.69,99.63,3.7799999999999683,24.04
2019-03-07,0.07,80.16,27.63,0.57,3.3,99.56,1.6199999999999681,23.08
2019-03-08,0.48,80.67,27.16,0.57,3.4,99.69,1.059999999999968,22.17
2019-03-09,7.58,79.5,27.42,0.56,2.19,99.79,8.129999999999969,20.87
2019-03-10,2.36,72.61,27.66,0.57,1.33,99.78,10.419999999999968,18.35
2019-03-11,0.57,68.26,27.42,0.56,1.51,99.84,10.509999999999968,15.69
2019-03-12,0.42,68.45,27.27,0.56,1.62,99.84,3.3499999999999677,14.7
2019-03-13,0.04,67.66,27.5,0.55,2.06,99.81,1.029999999999968,14.07
2019-03-14,0.14,65.43,28.1,0.55,2.09,99.79,0.599999999999968,13.24
2019-03-15,0.28,66.35,27.73,0.54,1.52,99.77,0.45999999999996805,13.05
2019-03-16,1.84,71.36,28.15,0.54,1.86,99.76,2.2599999999999683,15.72
2019-03-17,5.19,73.79,27.94,0.54,1.52,99.75,7.3099999999999685,17.44
2019-03-18,9.18,73.0,28.31,0.54,1.76,99.71,16.20999999999997,18.97
2019-03-19,0.82,70.45,28.17,0.54,2.04,99.6,15.18999999999997,18.81
2019-03-20,0.18,70.35,28.09,0.54,1.75,99.61,10.179999999999968,17.74
2019-03-21,2.38,72.46,27.89,0.53,1.54,99.68,3.379999999999968,16.44
2019-03-22,0.7,74.33,28.23,0.53,2.05,99.72,3.259999999999968,17.15
2019-03-23,4.45,76.85,28.15,0.53,2.16,99.73,7.529999999999967,18.87
2019-03-24,0.47,74.09,27.82,0.53,1.87,99.64,5.619999999999968,18.0
2019-03-25,0.0,59.75,27.99,0.52,1.39,99.57,4.919999999999968,11.71
2019-03-26,0.0,65.33,27.72,0.52,2.34,99.75,0.469999999999968,12.38
2019-03-27,0.05,67.13,28.34,0.51,2.02,99.86,0.04999999999996803,11.56
2019-03-28,0.39,69.15,28.09,0.51,2.12,99.82,0.43999999999996803,12.87
2019-03-29,0.01,70.01,27.68,0.51,2.22,99.65,0.44999999999996804,14.71
2019-03-30,0.96,73.83,27.82,0.5,2.97,99.68,1.359999999999968,16.2
2019-03-31,0.7,72.91,28.09,0.5,2.91,99.73,1.669999999999968,15.41
2019-04-01,0.1,71.41,28.05,0.49,2.81,99.72,1.759999999999968,14.4
2019-04-02,0.01,71.89,27.99,0.49,2.71,99.66,0.809999999999968,14.9
2019-04-03,0.86,69.89,28.44,0.49,2.98,99.63,0.969999999999968,14.48
2019-04-04,1.06,67.22,28.04,0.49,3.16,99.78,1.9299999999999682,12.33
2019-04-05,0.15,70.2,28.18,0.48,2.18,99.8,2.0699999999999683,12.5
2019-04-06,0.07,69.31,28.69,0.48,2.13,99.73,1.2799999999999683,12.56
2019-04-07,0.13,74.54,28.5,0.48,2.57,99.66,0.3499999999999682,15.45
2019-04-08,0.14,75.03,28.52,0.47,3.55,99.57,0.33999999999996827,16.52
2019-04-09,0.11,71.47,28.82,0.47,2.5,99.62,0.37999999999996825,14.03
2019-04-10,0.46,69.66,29.34,0.47,1.89,99.62,0.7099999999999682,12.99
2019-04-11,4.75,76.9,28.17,0.47,2.07,99.6,5.319999999999968,17.04
2019-04-12,1.02,74.43,28.8,0.47,1.87,99.51,6.2299999999999685,16.79
2019-04-13,3.06,76.23,28.85,0.47,2.29,99.51,8.829999999999968,18.18
2019-04-14,2.53,74.02,29.05,0.47,2.72,99.53,6.6099999999999675,16.96
2019-04-15,2.61,75.48,28.74,0.47,2.39,99.61,8.199999999999967,16.98
2019-04-16,5.37,78.49,28.59,0.47,2.26,99.59,10.509999999999968,18.72
2019-04-17,83.86,87.37,27.11,0.52,3.02,99.65,91.83999999999997,37.28
2019-04-18,3.48,82.22,27.7,0.56,3.23,99.63,92.70999999999997,37.2
2019-04-19,2.37,81.77,27.78,0.56,3.86,99.53,89.70999999999995,37.72
2019-04-20,14.38,83.18,27.44,0.56,2.81,99.41,20.229999999999958,27.85
2019-04-21,3.54,73.19,28.02,0.57,2.13,99.31,20.289999999999957,24.52
2019-04-22,8.55,79.77,28.05,0.57,2.27,99.32,26.469999999999956,28.27
2019-04-23,7.86,83.27,27.51,0.58,2.3,99.44,19.949999999999957,28.16
2019-04-24,3.91,76.4,28.59,0.58,2.08,99.48,20.319999999999958,24.86
2019-04-25,20.1,79.97,28.01,0.58,2.37,99.54,31.86999999999996,27.84
2019-04-26,2.51,74.85,27.72,0.59,1.22,99.47,26.51999999999996,25.21
2019-04-27,3.32,76.51,28.12,0.59,3.08,99.43,25.929999999999957,27.17
2019-04-28,7.92,83.6,28.06,0.59,2.74,99.43,13.749999999999957,28.08
2019-04-29,13.82,85.18,28.13,0.6,3.51,99.5,25.05999999999996,30.77
2019-04-30,10.09,83.4,28.05,0.61,6.15,99.43,31.829999999999956,33.52
2019-05-01,7.16,85.52,28.04,0.62,6.28,99.39,31.069999999999958,35.13
2019-05-02,7.24,86.58,28.26,0.62,5.97,99.4,24.489999999999956,34.29
2019-05-03,7.19,88.26,28.15,0.62,6.64,99.54,21.589999999999957,33.74
2019-05-04,3.01,83.56,27.86,0.63,4.61,99.68,17.43999999999996,29.24
2019-05-05,0.52,83.81,27.91,0.62,4.17,99.73,10.719999999999958,27.21
2019-05-06,0.02,81.36,27.71,0.62,4.48,99.63,3.549999999999957,26.06
2019-05-07,0.18,82.19,27.62,0.61,5.37,99.63,0.7199999999999573,26.02
2019-05-08,0.08,79.34,27.99,0.6,5.6,99.62,0.27999999999995734,24.53
2019-05-09,0.08,79.72,27.78,0.6,5.07,99.47,0.33999999999995734,25.67
2019-05-10,0.08,78.92,27.87,0.59,4.53,99.48,0.24,24.52
2019-05-11,0.16,82.5,27.81,0.59,4.33,99.62,0.3199999999999574,24.77
2019-05-12,0.42,84.75,27.8,0.58,5.06,99.56,0.6599999999999574,26.25
2019-05-13,0.29,82.68,27.96,0.58,5.33,99.51,0.8699999999999574,25.97
2019-05-14,0.28,82.58,28.25,0.57,5.24,99.45,0.9899999999999574,25.98
2019-05-15,0.2,82.98,28.32,0.57,4.87,99.53,0.7699999999999574,25.24
2019-05-16,1.61,84.98,28.01,0.56,5.18,99.6,2.0899999999999572,25.45
2019-05-17,1.44,86.2,27.7,0.56,4.47,99.57,3.2499999999999574,26.02
2019-05-18,1.93,85.57,27.76,0.56,4.81,99.51,4.979999999999957,26.71
2019-05-19,2.56,82.09,27.69,0.56,4.35,99.53,5.929999999999957,24.97
2019-05-20,2.16,82.99,27.92,0.56,4.41,99.57,6.649999999999958,25.16
2019-05-21,2.42,80.25,27.88,0.55,4.64,99.62,7.139999999999958,23.36
2019-05-22,4.11,79.67,27.88,0.55,4.17,99.56,8.689999999999959,23.6
2019-05-23,7.6,86.64,27.52,0.55,4.78,99.55,14.129999999999956,27.83
2019-05-24,8.5,86.23,27.31,0.56,4.19,99.58,20.209999999999958,28.46
2019-05-25,5.18,85.37,27.34,0.56,5.16,99.53,21.27999999999996,29.21
2019-05-26,0.99,84.51,27.72,0.56,4.53,99.4,14.669999999999956,28.56
2019-05-27,0.86,85.12,28.0,0.56,4.2,99.32,7.029999999999955,28.11
2019-05-28,1.95,86.59,28.3,0.56,4.42,99.28,3.7999999999999554,28.68
2019-05-29,4.54,87.12,28.31,0.56,5.25,99.25,7.349999999999955,30.16
2019-05-30,5.27,83.1,27.77,0.56,5.0,99.33,11.759999999999955,28.34
2019-05-31,0.84,83.14,27.38,0.56,6.31,99.43,10.649999999999956,28.05
2019-06-01,0.39,80.75,27.56,0.56,5.82,99.47,6.499999999999956,25.79
2019-06-02,0.87,79.64,28.13,0.55,5.77,99.44,2.0999999999999557,24.43
2019-06-03,9.28,82.98,28.11,0.55,4.97,99.43,10.539999999999955,26.82
2019-06-04,9.86,84.55,27.68,0.56,6.12,99.41,20.009999999999955,30.19
2019-06-05,7.91,84.61,27.63,0.56,5.18,99.36,27.049999999999955,31.23
2019-06-06,4.34,86.32,27.66,0.57,5.74,99.35,22.109999999999957,31.99
2019-06-07,19.28,87.07,27.41,0.58,7.0,99.48,31.52999999999996,33.8
2019-06-08,4.73,83.62,27.71,0.58,6.59,99.49,28.34999999999996,31.53
2019-06-09,5.55,84.47,27.81,0.58,6.71,99.49,29.55999999999996,32.15
2019-06-10,6.5,84.54,27.65,0.58,5.93,99.49,16.77999999999996,29.75
2019-06-11,8.99,83.48,27.84,0.58,5.23,99.5,21.039999999999957,29.5
2019-06-12,5.97,86.15,27.71,0.59,5.32,99.52,21.459999999999955,31.01
2019-06-13,4.97,85.6,27.82,0.59,5.68,99.57,19.929999999999957,30.31
2019-06-14,2.74,83.86,27.14,0.59,4.91,99.58,13.679999999999957,28.09
2019-06-15,4.35,84.71,27.62,0.59,4.39,99.58,12.059999999999956,27.91
2019-06-16,1.54,85.73,27.97,0.59,5.54,99.59,8.629999999999956,28.35
2019-06-17,0.77,83.89,27.89,0.59,6.23,99.65,6.6599999999999575,27.13
2019-06-18,1.14,84.91,27.72,0.58,6.53,99.54,3.4499999999999575,27.72
2019-06-19,0.82,85.52,27.86,0.58,6.62,99.45,2.7299999999999573,28.67
2019-06-20,2.4,81.62,27.08,0.58,7.25,99.56,4.359999999999957,26.69
2019-06-21,3.46,83.46,27.09,0.58,6.82,99.47,6.679999999999957,28.35
2019-06-22,1.71,82.8,27.61,0.58,7.68,99.4,7.569999999999958,29.27
2019-06-23,1.51,84.29,27.55,0.58,5.99,99.32,6.679999999999957,29.52
2019-06-24,3.58,86.81,27.66,0.57,5.77,99.35,6.799999999999958,29.81
2019-06-25,3.09,86.17,27.58,0.58,5.73,99.5,8.179999999999957,28.9
2019-06-26,0.17,83.88,27.48,0.57,5.28,99.56,6.839999999999958,26.54
2019-06-27,0.11,81.53,27.71,0.57,5.81,99.49,3.3699999999999575,25.88
2019-06-28,0.07,79.11,27.69,0.56,5.57,99.48,0.34999999999995784,23.91
2019-06-29,0.07,76.44,27.92,0.56,5.75,99.49,0.2499999999999578,22.77
2019-06-30,0.11,80.41,27.73,0.55,6.06,99.47,0.24999999999995784,24.37
2019-07-01,0.35,84.55,27.56,0.55,5.7,99.43,0.5299999999999578,26.31
2019-07-02,1.04,83.39,27.65,0.55,6.54,99.49,1.4999999999999578,25.92
2019-07-03,1.55,84.37,27.43,0.55,5.42,99.54,2.9399999999999578,25.54
2019-07-04,0.42,82.52,27.55,0.54,5.47,99.53,3.009999999999958,24.45
2019-07-05,0.45,83.76,27.48,0.54,5.58,99.46,2.4199999999999577,25.53
2019-07-06,0.32,83.7,27.47,0.54,5.14,99.47,1.1899999999999578,24.99
2019-07-07,0.11,82.49,27.52,0.53,4.51,99.53,0.8799999999999579,23.16
2019-07-08,0.21,81.93,27.7,0.53,4.59,99.6,0.6399999999999578,22.34
2019-07-09,10.34,86.08,27.23,0.53,4.61,99.6,10.659999999999958,25.69
2019-07-10,5.93,82.01,26.88,0.54,4.78,99.57,16.479999999999958,25.64
2019-07-11,1.61,81.01,27.12,0.54,3.22,99.6,17.879999999999956,24.34
2019-07-12,4.52,83.12,27.34,0.54,4.09,99.63,12.059999999999956,24.54
2019-07-13,7.32,85.91,26.88,0.54,4.76,99.69,13.449999999999957,25.8
2019-07-14,5.24,85.16,26.86,0.54,4.37,99.67,17.07999999999996,26.01
2019-07-15,4.11,84.93,26.55,0.54,4.95,99.55,16.66999999999996,27.17
2019-07-16,2.69,83.54,26.96,0.54,5.61,99.49,12.039999999999958,26.71
2019-07-17,5.06,81.49,27.2,0.54,7.62,99.4,11.859999999999957,27.66
2019-07-18,12.86,83.79,26.58,0.55,8.82,99.24,20.609999999999957,32.42
2019-07-19,9.07,87.04,26.01,0.56,8.36,99.22,26.989999999999956,35.14
2019-07-20,3.02,85.49,26.16,0.56,6.62,99.31,24.949999999999957,32.47
2019-07-21,3.5,81.91,26.36,0.55,5.58,99.38,15.589999999999957,27.91
2019-07-22,3.16,82.87,26.65,0.55,5.49,99.35,9.679999999999957,27.59
2019-07-23,0.6,82.2,26.4,0.55,4.67,99.39,7.259999999999958,26.15
2019-07-24,0.91,83.94,26.45,0.55,4.72,99.47,4.669999999999957,25.84
2019-07-25,4.19,84.82,26.62,0.54,5.57,99.6,5.6999999999999575,25.32
2019-07-26,1.57,84.77,26.41,0.54,4.81,99.59,6.669999999999958,25.12
2019-07-27,0.2,85.19,26.22,0.54,3.96,99.53,5.959999999999958,25.23
2019-07-28,0.06,83.26,26.6,0.54,4.78,99.53,1.8299999999999574,24.21
2019-07-29,0.06,83.54,26.64,0.54,4.79,99.58,0.3199999999999574,23.67
2019-07-30,0.05,82.88,26.66,0.53,3.54,99.62,0.16999999999995735,21.94
2019-07-31,0.34,84.65,26.74,0.53,3.89,99.67,0.4499999999999574,22.5
2019-08-01,1.2,87.75,26.62,0.53,5.51,99.69,1.5899999999999572,24.7
2019-08-02,0.4,85.67,27.05,0.53,5.73,99.68,1.9399999999999573,24.08
2019-08-03,0.1,84.5,27.33,0.52,5.61,99.64,1.6999999999999575,23.39
2019-08-04,1.47,82.75,27.33,0.52,5.92,99.62,1.9699999999999573,23.03
2019-08-05,6.08,83.24,27.19,0.52,6.3,99.59,7.649999999999958,24.58
2019-08-06,5.02,85.1,27.39,0.53,6.7,99.53,12.569999999999958,27.29
2019-08-07,9.39,84.82,27.29,0.53,7.06,99.52,20.48999999999996,28.69
2019-08-08,20.99,85.33,26.86,0.55,6.65,99.59,35.399999999999956,31.29
2019-08-09,8.8,85.2,26.88,0.55,4.86,99.58,39.17999999999996,30.94
2019-08-10,13.83,82.99,26.79,0.56,5.61,99.57,43.619999999999955,31.61
2019-08-11,10.96,84.06,26.2,0.57,5.5,99.55,33.58999999999996,31.02
2019-08-12,5.99,83.34,26.1,0.57,6.63,99.53,30.77999999999996,31.06
2019-08-13,17.04,86.58,26.05,0.58,6.37,99.58,33.98999999999996,32.8
2019-08-14,8.81,86.82,26.04,0.59,5.67,99.66,31.83999999999996,31.93
2019-08-15,0.66,85.88,26.43,0.59,4.35,99.65,26.509999999999955,30.07
2019-08-16,4.93,86.83,26.51,0.59,4.56,99.57,14.399999999999958,29.36
2019-08-17,4.84,82.11,25.5,0.59,4.62,99.59,10.429999999999957,26.6
2019-08-18,4.05,82.56,25.86,0.59,4.53,99.58,13.819999999999958,27.35
2019-08-19,6.28,85.33,26.4,0.59,4.55,99.64,15.169999999999957,28.25
2019-08-20,6.0,86.13,26.55,0.59,5.79,99.64,16.329999999999956,29.44
2019-08-21,8.52,82.19,26.79,0.59,7.31,99.61,20.799999999999955,29.54
2019-08-22,16.14,85.13,26.45,0.6,6.7,99.64,30.659999999999954,32.18
2019-08-23,7.95,84.51,25.94,0.61,5.98,99.73,32.60999999999996,31.5
2019-08-24,7.5,83.81,26.09,0.61,5.66,99.75,31.589999999999954,30.7
2019-08-25,11.76,82.01,26.09,0.61,6.41,99.75,27.209999999999955,29.66
2019-08-26,5.86,80.66,25.89,0.62,6.58,99.77,25.119999999999955,29.11
2019-08-27,6.78,84.78,26.1,0.62,5.6,99.68,24.399999999999956,30.97
2019-08-28,6.48,85.4,26.7,0.62,5.4,99.62,19.119999999999955,30.79
2019-08-29,23.7,85.04,26.32,0.63,6.13,99.69,36.95999999999995,33.67
2019-08-30,8.26,84.44,26.24,0.64,5.96,99.48,38.439999999999955,35.75
2019-08-31,5.96,84.7,26.76,0.64,6.79,99.4,37.91999999999995,36.89
2019-09-01,10.48,87.89,26.49,0.64,5.76,99.51,24.699999999999953,34.69
2019-09-02,3.51,85.56,26.77,0.65,5.11,99.62,19.949999999999953,32.11
2019-09-03,1.67,86.51,26.52,0.64,5.42,99.57,15.659999999999954,32.0
2019-09-04,2.7,86.18,26.61,0.64,5.63,99.53,7.879999999999954,31.09
2019-09-05,4.73,85.18,26.79,0.64,5.35,99.56,9.099999999999955,30.45
2019-09-06,2.96,86.57,26.97,0.64,5.41,99.54,10.389999999999954,31.44
2019-09-07,1.17,86.98,27.13,0.64,5.41,99.59,8.859999999999953,30.96
2019-09-08,0.61,85.31,26.96,0.63,4.67,99.66,4.739999999999954,28.19
2019-09-09,1.19,80.23,26.97,0.63,4.51,99.57,2.9699999999999536,26.43
2019-09-10,4.04,85.89,26.76,0.63,4.47,99.53,5.839999999999954,29.59
2019-09-11,22.52,87.88,26.76,0.63,5.13,99.68,27.749999999999954,32.97
2019-09-12,10.08,86.2,26.09,0.65,4.16,99.86,36.63999999999995,32.47
2019-09-13,5.1,84.7,26.14,0.65,3.6,99.85,37.69999999999995,31.78
2019-09-14,9.66,85.03,26.32,0.65,4.14,99.76,24.839999999999954,30.95
2019-09-15,30.17,88.33,26.21,0.67,4.92,99.71,44.92999999999996,37.19
2019-09-16,29.38,86.73,26.02,0.7,5.04,99.63,69.20999999999995,42.33
2019-09-17,9.85,87.53,26.47,0.7,5.67,99.5,69.39999999999996,44.13
2019-09-18,4.5,86.54,26.82,0.71,6.18,99.57,43.729999999999954,39.79
2019-09-19,12.18,87.48,26.55,0.7,5.97,99.65,26.52999999999996,36.28
2019-09-20,5.19,81.87,25.42,0.71,4.06,99.67,21.869999999999955,32.4
2019-09-21,3.26,86.79,26.17,0.71,4.08,99.54,20.629999999999956,35.39
2019-09-22,20.75,89.57,26.02,0.71,4.72,99.56,29.19999999999996,38.09
2019-09-23,42.05,88.64,26.05,0.73,6.19,99.59,66.05999999999996,44.87
2019-09-24,39.2,87.65,25.96,0.78,6.04,99.61,101.99999999999997,51.96
2019-09-25,23.33,89.82,25.7,0.79,4.37,99.69,104.57999999999996,52.14
2019-09-26,2.83,84.47,26.13,0.8,3.19,99.88,65.35999999999997,41.9
2019-09-27,5.65,79.23,26.7,0.8,1.65,99.92,31.809999999999963,33.25
2019-09-28,7.32,79.19,26.67,0.8,2.3,99.78,15.799999999999965,32.24
2019-09-29,14.57,82.08,26.0,0.8,1.81,99.81,27.539999999999964,34.79
2019-09-30,2.39,83.12,26.17,0.81,2.65,99.79,24.279999999999966,35.77
2019-10-01,3.44,85.43,26.05,0.8,2.75,99.81,20.399999999999967,35.6
2019-10-02,2.14,82.71,26.71,0.8,1.51,99.75,7.969999999999965,32.33
2019-10-03,13.91,82.28,27.05,0.8,2.21,99.68,19.489999999999966,34.92
2019-10-04,21.38,86.65,25.89,0.82,3.68,99.69,37.429999999999964,41.15
2019-10-05,15.44,86.07,25.97,0.82,3.47,99.63,50.72999999999996,43.38
2019-10-06,15.9,85.37,25.84,0.82,3.33,99.7,52.719999999999956,42.73
2019-10-07,13.86,84.16,25.91,0.83,3.2,99.7,45.19999999999996,41.39
2019-10-08,12.65,86.44,26.13,0.84,3.08,99.65,42.40999999999997,42.7
2019-10-09,7.9,87.94,26.21,0.84,2.55,99.61,34.40999999999997,42.13
2019-10-10,9.31,89.01,25.69,0.85,3.44,99.64,29.859999999999964,42.52
2019-10-11,20.99,88.21,25.84,0.85,3.08,99.61,38.19999999999997,43.55
2019-10-12,5.96,85.3,26.34,0.86,2.41,99.58,36.25999999999996,42.32
2019-10-13,14.39,85.72,26.4,0.86,2.57,99.59,41.33999999999996,43.3
2019-10-14,12.28,83.71,27.09,0.86,1.45,99.55,32.62999999999997,40.81
2019-10-15,25.32,86.84,26.64,0.87,3.11,99.52,51.98999999999997,46.75
2019-10-16,32.27,90.36,25.97,0.89,4.51,99.55,69.86999999999998,52.4
2019-10-17,8.12,89.63,25.77,0.9,3.18,99.59,65.70999999999997,50.81
2019-10-18,15.89,82.38,26.82,0.9,1.9,99.58,56.279999999999966,45.65
2019-10-19,39.95,85.64,26.68,0.92,2.37,99.57,63.959999999999965,49.42
2019-10-20,43.59,87.24,26.62,0.93,3.13,99.54,99.42999999999998,56.75
2019-10-21,26.76,90.63,26.04,0.94,5.54,99.5,110.29999999999997,61.96
2019-10-22,4.65,87.7,25.62,0.95,3.01,99.57,74.99999999999997,53.64
2019-10-23,7.94,86.14,26.03,0.95,3.61,99.56,39.349999999999966,47.79
2019-10-24,41.67,90.24,25.28,0.96,3.17,99.67,54.25999999999996,51.13
2019-10-25,9.27,87.0,24.97,0.96,3.18,99.74,58.87999999999997,49.9
2019-10-26,2.37,87.78,25.05,0.96,2.74,99.73,53.30999999999996,49.2
2019-10-27,16.86,87.3,25.21,0.96,3.81,99.65,28.499999999999957,46.35
2019-10-28,13.67,83.69,25.89,0.96,4.29,99.53,32.899999999999956,46.78
2019-10-29,20.98,87.6,25.69,0.96,4.07,99.5,51.50999999999996,51.49
2019-10-30,27.28,89.31,25.88,0.96,5.45,99.61,61.929999999999964,53.68
2019-10-31,2.92,88.84,25.34,0.96,3.2,99.74,51.17999999999996,49.48
2019-11-01,1.4,82.62,26.37,0.96,1.93,99.66,31.599999999999962,43.76
2019-11-02,11.1,79.46,26.75,0.95,2.08,99.63,15.41999999999996,39.79
2019-11-03,18.13,78.76,26.35,0.96,1.83,99.8,30.62999999999996,40.74
2019-11-04,14.7,87.46,25.8,0.96,2.6,99.86,43.929999999999964,46.43
2019-11-05,4.41,87.11,25.9,0.96,2.32,99.72,37.23999999999996,46.25
2019-11-06,0.44,86.05,26.14,0.95,2.65,99.6,19.54999999999996,43.79
2019-11-07,1.66,85.05,26.44,0.95,3.21,99.59,6.509999999999961,41.7
2019-11-08,3.29,87.16,26.34,0.94,3.65,99.65,5.389999999999961,41.73
2019-11-09,6.24,90.8,26.07,0.94,3.73,99.65,11.18999999999996,44.23
2019-11-10,6.41,88.9,26.44,0.94,3.21,99.58,15.93999999999996,44.48
2019-11-11,13.09,89.66,25.34,0.94,2.26,99.58,25.73999999999996,45.82
2019-11-12,3.47,81.23,26.63,0.94,1.97,99.61,22.96999999999996,41.41
2019-11-13,3.34,79.49,27.14,0.93,1.97,99.61,19.89999999999996,39.76
2019-11-14,2.22,77.2,27.25,0.93,1.77,99.59,9.029999999999962,37.15
2019-11-15,20.29,81.99,27.14,0.92,1.48,99.53,25.84999999999996,41.74
2019-11-16,13.67,88.29,26.62,0.93,2.8,99.56,36.17999999999996,46.92
2019-11-17,15.27,83.36,27.02,0.93,1.77,99.6,49.22999999999996,45.99
2019-11-18,5.32,78.68,27.21,0.93,1.5,99.61,34.25999999999996,41.42
2019-11-19,23.87,83.13,27.19,0.93,1.85,99.56,44.45999999999996,45.52
2019-11-20,14.46,82.79,26.82,0.94,1.87,99.54,43.64999999999996,45.85
2019-11-21,1.18,78.77,27.13,0.93,2.42,99.58,39.50999999999996,43.03
2019-11-22,20.06,83.74,26.48,0.93,2.23,99.67,35.69999999999996,43.68
2019-11-23,11.02,90.53,26.0,0.94,3.71,99.58,32.259999999999955,48.0
2019-11-24,7.93,87.69,26.77,0.94,2.36,99.56,39.009999999999955,47.29
2019-11-25,6.81,81.23,27.07,0.94,2.17,99.55,25.759999999999955,42.46
2019-11-26,10.31,83.74,26.96,0.94,4.24,99.43,25.049999999999958,45.54
2019-11-27,6.9,85.0,26.86,0.93,2.25,99.4,24.01999999999996,44.66
2019-11-28,13.21,86.46,27.27,0.93,2.97,99.42,30.41999999999996,46.51
2019-11-29,23.52,86.66,26.98,0.93,1.95,99.46,43.62999999999996,47.78
2019-11-30,61.26,89.73,26.07,0.95,4.74,99.57,97.98999999999995,59.05
2019-12-01,22.32,88.59,25.94,0.96,2.89,99.65,107.09999999999995,58.74
2019-12-02,11.77,85.75,26.36,0.96,2.92,99.66,95.34999999999995,55.63
2019-12-03,3.46,81.58,26.21,0.96,3.05,99.6,37.549999999999955,45.36
2019-12-04,18.15,85.97,26.41,0.96,2.24,99.63,33.37999999999995,45.88
2019-12-05,46.94,87.28,26.39,0.96,2.53,99.72,68.54999999999995,51.35
2019-12-06,8.58,84.25,26.48,0.97,3.02,99.66,73.66999999999996,52.07
2019-12-07,0.92,84.47,26.43,0.97,3.16,99.63,56.439999999999955,49.78
2019-12-08,1.11,88.11,25.67,0.96,4.8,99.69,10.609999999999957,44.09
2019-12-09,4.2,90.95,25.53,0.96,5.47,99.65,6.229999999999958,45.3
2019-12-10,18.63,87.56,26.48,0.96,2.87,99.55,23.939999999999955,46.08
2019-12-11,5.6,87.38,25.85,0.96,3.01,99.55,28.429999999999957,46.78
2019-12-12,2.07,86.04,25.55,0.96,3.32,99.6,26.299999999999955,45.63
2019-12-13,0.87,79.38,26.92,0.96,1.43,99.63,8.53999999999996,38.74
2019-12-14,3.27,82.86,26.45,0.95,2.31,99.75,6.209999999999961,38.9
2019-12-15,0.39,83.79,26.15,0.94,4.02,99.65,4.529999999999961,40.37
2019-12-16,0.43,82.04,26.07,0.94,4.15,99.62,4.089999999999961,39.88
2019-12-17,6.08,85.46,26.31,0.93,3.83,99.64,6.899999999999961,41.01
2019-12-18,8.57,86.49,26.64,0.93,3.74,99.61,15.079999999999963,42.93
2019-12-19,20.44,87.91,26.51,0.93,3.97,99.57,35.08999999999996,47.14
2019-12-20,33.68,86.13,26.64,0.94,2.57,99.55,62.68999999999997,50.55
2019-12-21,7.73,83.87,26.64,0.95,2.15,99.68,61.849999999999966,48.56
2019-12-22,2.93,87.81,26.75,0.94,3.73,99.58,44.339999999999975,48.75
2019-12-23,11.86,89.89,25.64,0.94,4.46,99.6,22.519999999999964,46.44
2019-12-24,4.28,83.52,26.62,0.94,1.67,99.69,19.069999999999965,40.93
2019-12-25,6.77,82.77,26.6,0.94,2.28,99.69,22.909999999999965,41.55
2019-12-26,2.25,80.37,26.33,0.93,3.37,99.71,13.299999999999965,39.02
2019-12-27,0.53,81.37,25.44,0.92,4.03,99.61,9.549999999999963,39.63
2019-12-28,0.32,81.91,25.87,0.92,4.35,99.65,3.0999999999999646,38.68
2019-12-29,0.04,79.7,25.29,0.91,4.45,99.69,0.8899999999999645,36.69
2019-12-30,0.0,75.01,25.81,0.9,2.57,99.71,0.35999999999996446,33.01
2019-12-31,2.26,78.64,26.64,0.9,2.04,99.77,2.2999999999999643,34.07
2020-01-01,3.17,78.85,27.19,0.89,1.92,99.79,5.429999999999964,33.99
2020-01-02,13.41,81.28,27.37,0.89,1.69,99.83,18.839999999999964,36.67
2020-01-03,2.49,79.13,27.46,0.89,1.75,99.79,19.069999999999965,36.16
2020-01-04,8.44,82.67,27.06,0.88,1.26,99.67,24.339999999999964,38.81
2020-01-05,1.36,78.81,27.08,0.88,1.89,99.62,12.289999999999964,36.04
2020-01-06,0.31,82.52,26.37,0.87,4.06,99.72,10.109999999999964,37.18
2020-01-07,0.73,83.25,26.31,0.86,4.59,99.71,2.399999999999965,36.22
2020-01-08,0.38,82.61,25.84,0.86,5.65,99.69,1.4199999999999644,36.54
2020-01-09,0.0,80.11,25.22,0.85,4.78,99.73,1.1099999999999643,34.2
2020-01-10,0.0,77.89,25.22,0.84,3.81,99.72,0.3799999999999645,32.28
2020-01-11,0.33,83.09,25.38,0.84,5.74,99.69,0.3299999999999645,35.77
2020-01-12,0.62,83.46,25.87,0.83,6.1,99.64,0.9499999999999644,36.22
2020-01-13,0.43,78.23,24.72,0.82,5.28,99.66,1.3799999999999646,33.04
2020-01-14,0.0,76.29,24.22,0.81,4.82,99.69,1.0499999999999645,31.24
2020-01-15,0.0,75.2,24.43,0.8,3.77,99.69,0.4299999999999646,29.69
2020-01-16,0.35,78.55,25.51,0.8,2.85,99.68,0.34999999999996456,30.68
2020-01-17,3.65,82.67,26.38,0.79,1.64,99.65,3.9999999999999645,32.18
2020-01-18,2.48,80.3,26.79,0.79,2.31,99.61,6.479999999999965,32.26
2020-01-19,5.67,83.6,26.44,0.78,3.93,99.61,11.799999999999965,34.94
2020-01-20,2.6,83.29,26.5,0.78,4.94,99.72,10.749999999999964,34.27
2020-01-21,2.18,83.76,26.43,0.78,5.16,99.76,10.449999999999964,34.21
2020-01-22,7.41,86.85,26.52,0.77,5.46,99.73,12.189999999999966,35.78
2020-01-23,1.05,85.19,26.59,0.77,5.13,99.67,10.639999999999965,35.16
2020-01-24,0.15,83.81,26.37,0.76,5.46,99.69,8.609999999999966,33.84
2020-01-25,0.03,81.81,25.93,0.76,4.92,99.79,1.2299999999999645,30.7
2020-01-26,0.09,77.87,25.87,0.75,4.24,99.74,0.2699999999999645,28.51
2020-01-27,0.29,77.4,25.83,0.74,2.24,99.76,0.4099999999999644,26.66
2020-01-28,0.29,74.77,26.25,0.73,1.05,99.83,0.6699999999999644,23.93
2020-01-29,0.16,73.47,25.84,0.73,2.21,99.85,0.7399999999999644,23.85
2020-01-30,0.09,75.65,25.75,0.72,2.56,99.78,0.5399999999999644,25.1
2020-01-31,0.37,76.9,25.54,0.71,2.92,99.65,0.6199999999999644,26.5
2020-02-01,0.02,75.61,25.07,0.71,3.51,99.72,0.4799999999999644,25.67
2020-02-02,0.05,73.88,25.68,0.7,3.29,99.89,0.4399999999999644,22.96
2020-02-03,0.05,78.06,25.88,0.69,4.3,99.88,0.11999999999996443,24.89
2020-02-04,0.24,80.1,26.12,0.69,3.84,99.7,0.33999999999996444,27.05
2020-02-05,3.74,82.52,25.78,0.68,2.47,99.77,4.029999999999965,26.9
2020-02-06,0.37,78.43,26.53,0.68,2.15,99.81,4.349999999999965,24.71
2020-02-07,0.0,77.68,26.38,0.67,2.71,99.84,4.109999999999965,23.98
2020-02-08,0.01,75.75,26.4,0.67,2.47,99.89,0.3799999999999645,22.03
2020-02-09,0.02,76.51,25.93,0.66,3.56,99.82,0.029999999999964472,23.05
2020-02-10,0.0,75.8,25.52,0.66,4.82,99.76,0.029999999999964472,23.93
2020-02-11,0.33,79.1,25.99,0.65,5.16,99.75,0.3499999999999645,25.23
2020-02-12,2.43,82.62,26.68,0.64,6.17,99.79,2.7599999999999647,26.88
2020-02-13,1.34,81.82,26.66,0.64,6.01,99.78,4.099999999999965,26.75
2020-02-14,2.0,82.13,26.27,0.64,3.4,99.71,5.769999999999965,26.32
2020-02-15,1.07,78.08,27.3,0.63,2.55,99.7,4.409999999999965,23.59
2020-02-16,0.35,77.21,27.28,0.63,2.5,99.77,3.419999999999965,22.45
2020-02-17,0.06,77.45,26.22,0.62,4.72,99.82,1.4799999999999647,22.61
2020-02-18,0.0,72.1,25.39,0.61,3.9,99.84,0.40999999999996467,19.14
2020-02-19,0.0,72.74,25.55,0.61,3.88,99.77,0.05999999999996469,19.93
2020-02-20,0.23,76.82,26.54,0.6,4.18,99.67,0.2299999999999647,22.27
2020-02-21,3.47,82.49,27.27,0.6,4.19,99.7,3.699999999999965,24.97
2020-02-22,1.82,82.29,27.11,0.6,5.49,99.78,5.519999999999965,25.2
2020-02-23,0.86,80.43,26.82,0.59,5.2,99.74,6.149999999999965,24.27
2020-02-24,0.16,76.52,27.39,0.59,3.58,99.6,2.8399999999999648,22.39
2020-02-25,0.26,76.51,27.89,0.59,2.41,99.56,1.279999999999965,21.84
2020-02-26,0.02,74.77,27.67,0.58,2.28,99.59,0.439999999999965,20.23
2020-02-27,0.01,73.36,27.24,0.58,3.65,99.61,0.28999999999996495,20.18
2020-02-28,0.0,72.24,26.99,0.57,3.94,99.53,0.029999999999964916,20.07
2020-02-29,0.01,69.1,27.47,0.56,1.87,99.57,0.019999999999964917,16.86
2020-03-01,0.0,70.59,28.01,0.56,1.68,99.6,0.009999999999964917,17.13
2020-03-02,0.02,71.49,27.77,0.55,1.65,99.7,0.029999999999964916,16.24
2020-03-03,0.07,69.11,27.81,0.55,1.58,99.71,0.08999999999996491,15.12
2020-03-04,0.05,72.35,27.83,0.54,1.74,99.64,0.13999999999996493,16.75
2020-03-05,1.32,77.66,27.43,0.54,2.17,99.63,1.439999999999965,19.52
2020-03-06,7.74,82.21,27.31,0.54,3.33,99.67,9.109999999999966,22.95
2020-03-07,3.51,79.68,27.21,0.54,2.84,99.8,12.569999999999965,21.06
2020-03-08,0.44,73.61,27.73,0.54,2.31,99.7,11.689999999999964,18.9
2020-03-09,0.32,75.0,28.06,0.54,1.75,99.58,4.269999999999965,19.03
2020-03-10,2.12,72.67,27.96,0.53,1.8,99.6,2.8799999999999653,17.26
2020-03-11,0.37,73.3,27.44,0.53,2.04,99.68,2.8099999999999654,16.98
2020-03-12,0.19,71.93,27.97,0.52,1.5,99.74,2.6799999999999655,15.15
2020-03-13,0.1,71.29,27.89,0.52,2.03,99.68,0.6599999999999654,15.36
2020-03-14,0.27,74.39,27.94,0.52,2.36,99.63,0.5599999999999654,17.25
2020-03-15,0.28,73.29,28.45,0.51,1.71,99.56,0.6499999999999655,16.61
2020-03-16,3.78,74.03,28.57,0.51,1.69,99.63,4.329999999999965,16.91
2020-03-17,5.39,73.64,28.49,0.51,2.58,99.76,9.449999999999964,16.94
2020-03-18,2.89,71.39,29.01,0.51,1.48,99.71,12.059999999999965,16.22
2020-03-19,1.48,74.1,28.08,0.51,1.52,99.7,9.759999999999966,17.11
2020-03-20,1.73,76.93,27.78,0.51,1.55,99.72,6.099999999999966,17.58
2020-03-21,1.31,74.38,27.79,0.51,1.88,99.72,4.519999999999966,16.43
2020-03-22,0.33,73.58,27.78,0.51,2.29,99.69,3.3699999999999655,16.39
2020-03-23,1.53,71.02,28.32,0.5,1.89,99.63,3.1699999999999653,15.13
2020-03-24,1.35,69.53,28.28,0.5,1.83,99.47,3.2099999999999653,15.82
2020-03-25,1.27,73.93,27.98,0.5,2.11,99.49,4.149999999999966,17.82
2020-03-26,0.38,64.11,28.36,0.49,1.43,99.48,2.9999999999999654,12.77
2020-03-27,0.03,62.72,28.11,0.49,1.89,99.67,1.6799999999999653,10.62
2020-03-28,0.03,66.45,28.38,0.48,2.36,99.59,0.43999999999996536,12.51
2020-03-29,1.82,77.91,27.8,0.48,2.73,99.56,1.8799999999999655,18.05
2020-03-30,4.76,74.06,28.47,0.48,1.72,99.57,6.609999999999966,16.53
2020-03-31,3.26,68.24,28.56,0.48,1.68,99.6,9.839999999999964,14.29
2020-04-01,0.66,68.47,28.72,0.48,2.14,99.58,8.679999999999964,14.63
2020-04-02,0.13,68.1,28.39,0.48,2.17,99.49,4.049999999999965,14.51
2020-04-03,2.27,69.03,28.47,0.47,2.49,99.56,3.0599999999999654,13.92
2020-04-04,6.53,73.83,28.37,0.47,1.92,99.65,8.929999999999966,15.81
2020-04-05,3.76,74.64,28.8,0.48,2.38,99.73,12.559999999999963,16.72
2020-04-06,1.04,71.31,28.87,0.48,2.15,99.73,11.329999999999965,14.99
2020-04-07,1.45,77.74,28.1,0.47,3.02,99.69,6.249999999999965,17.3
2020-04-08,4.43,80.18,27.92,0.47,2.79,99.73,6.919999999999965,17.98
2020-04-09,3.39,79.87,27.94,0.48,1.82,99.67,9.269999999999966,18.62
2020-04-10,7.89,76.79,28.2,0.48,1.97,99.68,15.709999999999965,18.33
2020-04-11,6.89,73.22,28.74,0.48,1.7,99.73,18.169999999999966,16.63
2020-04-12,8.84,74.05,28.72,0.48,1.48,99.68,23.619999999999962,18.14
2020-04-13,3.94,75.22,28.51,0.49,1.86,99.56,19.669999999999966,19.65
2020-04-14,18.62,76.26,28.32,0.49,1.67,99.61,31.399999999999967,21.41
2020-04-15,6.8,75.92,28.51,0.51,1.84,99.68,29.359999999999967,21.3
2020-04-16,5.09,76.16,28.68,0.51,2.33,99.6,30.509999999999966,22.52
2020-04-17,12.88,79.61,28.51,0.52,2.78,99.56,24.769999999999964,24.08
2020-04-18,3.05,74.22,28.98,0.52,2.71,99.58,21.019999999999964,21.0
2020-04-19,5.48,74.75,29.01,0.52,1.69,99.51,21.409999999999965,21.32
2020-04-20,1.51,73.33,29.24,0.52,1.41,99.48,10.039999999999965,19.04
2020-04-21,1.96,75.95,29.09,0.51,1.82,99.52,8.949999999999966,19.44
2020-04-22,23.56,84.51,28.02,0.52,2.3,99.54,27.029999999999966,26.42
2020-04-23,8.56,84.63,27.96,0.55,2.62,99.55,34.07999999999996,28.94
2020-04-24,15.19,85.22,27.35,0.56,4.33,99.53,47.30999999999996,32.78
2020-04-25,2.89,80.01,28.55,0.56,3.04,99.51,26.639999999999965,26.8
2020-04-26,14.41,86.25,27.71,0.57,3.32,99.55,32.48999999999997,30.6
2020-04-27,8.22,82.61,28.48,0.58,2.48,99.61,25.519999999999968,27.43
2020-04-28,6.65,84.8,27.89,0.58,3.7,99.6,29.279999999999966,29.69
2020-04-29,4.96,82.72,27.88,0.58,4.15,99.59,19.829999999999966,27.65
2020-04-30,6.14,82.35,27.62,0.58,2.36,99.68,17.749999999999964,25.45
2020-05-01,3.75,77.2,28.04,0.59,2.98,99.59,14.849999999999964,24.32
2020-05-02,1.83,80.5,28.43,0.58,2.39,99.43,11.719999999999965,25.83
2020-05-03,2.99,83.52,28.53,0.58,2.47,99.4,8.569999999999965,26.91
2020-05-04,4.42,83.88,28.4,0.58,1.97,99.49,9.239999999999965,26.14
2020-05-05,12.79,83.66,27.78,0.59,3.6,99.57,20.199999999999964,28.4
2020-05-06,10.34,83.85,27.69,0.6,4.1,99.57,27.549999999999965,30.33
2020-05-07,12.07,80.91,28.19,0.6,4.05,99.58,35.19999999999996,30.18
2020-05-08,6.98,86.43,27.42,0.61,3.18,99.54,29.389999999999965,31.89
2020-05-09,10.99,83.41,28.09,0.61,2.62,99.5,30.039999999999964,30.75
2020-05-10,10.83,84.49,28.08,0.62,1.98,99.47,28.799999999999965,31.34
2020-05-11,62.95,89.38,27.03,0.66,3.36,99.52,84.76999999999997,44.22
2020-05-12,20.68,79.03,28.59,0.69,1.73,99.43,94.45999999999998,42.5
2020-05-13,8.28,83.75,27.47,0.7,1.95,99.37,91.90999999999995,45.14
2020-05-14,7.76,82.19,28.11,0.7,2.18,99.31,36.71999999999996,36.45
2020-05-15,29.01,85.89,27.89,0.71,4.68,99.2,45.04999999999997,42.02
2020-05-16,27.9,86.33,27.67,0.74,4.93,99.18,64.66999999999996,46.86
2020-05-17,9.84,86.61,28.04,0.74,6.27,99.15,66.74999999999997,48.28
2020-05-18,22.36,88.13,27.69,0.76,7.8,99.17,60.09999999999996,49.39
2020-05-19,18.76,87.47,27.16,0.77,7.2,99.2,50.959999999999965,47.52
2020-05-20,4.59,85.03,28.06,0.77,6.88,99.28,45.709999999999965,44.82
2020-05-21,8.02,85.29,27.12,0.77,6.02,99.49,31.369999999999965,40.45
2020-05-22,5.75,86.04,27.47,0.77,6.35,99.41,18.359999999999964,39.57
2020-05-23,2.3,86.53,27.69,0.77,5.59,99.41,16.069999999999965,39.01
2020-05-24,3.48,86.7,27.77,0.76,6.43,99.47,11.529999999999964,37.9
2020-05-25,5.22,88.28,27.46,0.76,4.56,99.59,10.999999999999964,36.46
2020-05-26,4.85,89.33,27.58,0.76,4.99,99.57,13.549999999999963,37.71
2020-05-27,10.63,90.45,27.47,0.76,5.78,99.55,20.699999999999967,39.9
2020-05-28,6.16,89.03,27.54,0.76,6.31,99.53,21.639999999999965,39.9
2020-05-29,5.95,89.37,26.64,0.77,4.87,99.5,22.739999999999963,40.12
2020-05-30,3.91,88.77,26.83,0.77,5.55,99.54,16.019999999999964,38.84
2020-05-31,2.57,86.18,27.54,0.77,5.67,99.61,12.429999999999964,36.65
2020-06-01,0.32,85.55,27.3,0.76,4.81,99.68,6.799999999999964,34.03
2020-06-02,0.17,83.94,27.19,0.75,5.1,99.68,3.0599999999999645,32.49
2020-06-03,0.08,82.06,27.07,0.75,4.49,99.63,0.5699999999999645,31.39
2020-06-04,0.23,85.35,27.15,0.74,5.2,99.64,0.4799999999999645,32.65
2020-06-05,5.2,85.95,27.5,0.73,5.8,99.6,5.509999999999964,33.93
2020-06-06,24.64,83.04,26.92,0.75,6.52,99.63,30.069999999999965,37.54
2020-06-07,10.76,84.26,26.77,0.75,6.5,99.55,40.599999999999966,40.37
2020-06-08,6.22,86.21,27.21,0.75,5.39,99.43,41.61999999999996,41.76
2020-06-09,3.79,86.82,27.4,0.75,5.49,99.39,20.769999999999964,39.14
2020-06-10,7.4,87.97,27.5,0.75,6.13,99.35,17.409999999999965,39.78
2020-06-11,3.85,83.64,26.58,0.75,6.7,99.35,15.039999999999965,37.88
2020-06-12,10.15,84.14,27.02,0.75,6.0,99.3,21.399999999999963,39.13
2020-06-13,3.05,85.34,27.3,0.75,5.41,99.34,17.049999999999965,38.3
2020-06-14,2.2,86.31,27.36,0.75,5.79,99.42,15.399999999999965,37.99
2020-06-15,2.28,87.83,27.57,0.75,5.2,99.42,7.529999999999964,37.08
2020-06-16,2.02,87.68,27.46,0.74,5.68,99.39,6.4999999999999645,36.94
2020-06-17,3.63,86.05,27.26,0.74,5.2,99.41,7.929999999999964,36.05
2020-06-18,1.38,85.02,27.45,0.74,4.76,99.53,7.029999999999965,34.22
2020-06-19,1.42,86.05,27.38,0.73,5.45,99.56,6.429999999999964,34.27
2020-06-20,4.46,86.71,26.9,0.73,4.84,99.53,7.259999999999964,34.6
2020-06-21,5.42,84.56,26.52,0.73,6.47,99.45,11.299999999999965,35.87
2020-06-22,1.32,83.29,26.63,0.73,6.99,99.32,11.199999999999964,36.69
2020-06-23,0.82,80.83,27.14,0.72,4.35,99.33,7.559999999999964,33.14
2020-06-24,7.29,85.8,26.81,0.72,3.68,99.33,9.429999999999964,35.18
2020-06-25,11.88,84.61,25.91,0.73,4.17,99.34,19.989999999999966,36.94
2020-06-26,6.94,84.65,26.32,0.73,5.56,99.37,26.109999999999964,38.42
2020-06-27,4.03,84.37,26.93,0.73,5.19,99.36,22.849999999999966,37.67
2020-06-28,1.65,85.47,27.1,0.72,5.75,99.33,12.619999999999965,36.66
2020-06-29,4.83,87.2,27.02,0.72,6.15,99.25,10.509999999999966,37.95
2020-06-30,5.32,87.8,26.98,0.72,5.28,99.3,11.799999999999965,37.52
2020-07-01,1.37,88.5,26.87,0.72,4.58,99.35,11.519999999999964,36.97
2020-07-02,1.88,86.82,26.89,0.72,4.47,99.36,8.569999999999965,35.65
2020-07-03,6.08,85.27,26.13,0.72,6.0,99.54,9.329999999999965,34.43
2020-07-04,0.4,82.58,26.57,0.71,4.92,99.49,8.359999999999964,32.55
2020-07-05,0.68,84.68,26.78,0.71,5.2,99.43,7.159999999999965,33.91
2020-07-06,4.63,82.54,26.83,0.71,6.51,99.4,5.709999999999964,33.73
2020-07-07,1.21,83.24,26.9,0.71,4.87,99.43,6.519999999999964,33.02
2020-07-08,2.2,87.52,26.32,0.7,3.39,99.42,8.039999999999964,33.93
2020-07-09,6.11,86.02,26.43,0.7,4.06,99.35,9.519999999999964,34.48
2020-07-10,11.09,88.92,26.06,0.71,4.48,99.44,19.399999999999963,37.15
2020-07-11,4.71,89.11,26.1,0.71,4.31,99.46,21.909999999999965,37.37
2020-07-12,3.98,86.13,26.36,0.71,4.71,99.4,19.779999999999966,36.49
2020-07-13,1.06,85.79,26.3,0.71,4.8,99.32,9.749999999999964,35.49
2020-07-14,1.28,86.24,26.8,0.71,4.37,99.32,6.319999999999965,34.91
2020-07-15,3.39,87.61,27.1,0.7,5.7,99.33,5.729999999999965,35.61
2020-07-16,6.11,88.15,26.14,0.7,5.68,99.37,10.779999999999964,36.29
2020-07-17,5.89,89.23,25.46,0.71,4.67,99.32,15.389999999999965,37.77
2020-07-18,3.24,87.47,26.16,0.71,4.0,99.31,15.239999999999963,36.72
2020-07-19,8.96,87.54,26.27,0.71,3.53,99.28,18.089999999999964,37.19
2020-07-20,10.85,88.91,26.2,0.71,4.28,99.22,23.04999999999996,39.46
2020-07-21,1.74,86.76,26.11,0.72,4.18,99.37,21.54999999999996,37.43
2020-07-22,0.67,85.58,26.15,0.71,4.85,99.4,13.259999999999962,35.31
2020-07-23,6.71,88.54,26.03,0.71,6.24,99.37,9.119999999999962,36.92
2020-07-24,5.13,84.91,26.33,0.71,6.03,99.5,12.509999999999962,34.71
2020-07-25,2.93,85.9,25.6,0.71,4.41,99.63,14.769999999999962,33.51
2020-07-26,1.15,84.25,25.18,0.71,4.51,99.69,9.209999999999964,31.49
2020-07-27,1.42,84.4,26.13,0.71,3.16,99.49,5.499999999999963,31.92
2020-07-28,3.52,86.85,26.27,0.7,4.83,99.35,6.0899999999999626,34.71
2020-07-29,15.27,86.22,25.65,0.71,7.13,99.38,20.20999999999996,38.07
2020-07-30,2.23,82.14,26.35,0.71,6.56,99.45,21.019999999999964,35.58
2020-07-31,5.25,84.48,26.61,0.71,6.68,99.39,22.749999999999964,37.41
2020-08-01,8.07,85.21,26.61,0.71,6.56,99.46,15.549999999999963,35.93
2020-08-02,14.43,87.43,26.34,0.71,6.14,99.52,27.749999999999964,38.06
2020-08-03,6.24,88.91,26.15,0.72,5.78,99.47,28.739999999999963,39.49
2020-08-04,4.58,89.26,26.18,0.72,5.91,99.29,25.249999999999964,40.67
2020-08-05,7.11,87.32,26.02,0.72,5.52,99.33,17.929999999999964,38.15
2020-08-06,33.07,87.4,26.22,0.74,6.68,99.45,44.75999999999996,42.87
2020-08-07,9.37,85.54,26.33,0.75,6.36,99.52,49.54999999999996,42.49
2020-08-08,6.86,86.35,26.04,0.75,6.02,99.49,49.29999999999996,42.87
2020-08-09,5.99,88.33,25.49,0.75,6.39,99.49,22.219999999999963,39.65
2020-08-10,3.69,88.58,26.08,0.75,5.25,99.5,16.539999999999964,38.17
2020-08-11,5.61,90.7,26.06,0.75,5.31,99.57,15.289999999999965,38.31
2020-08-12,2.34,88.53,26.14,0.74,4.62,99.65,11.639999999999965,35.35
2020-08-13,0.45,86.27,26.07,0.74,4.78,99.47,8.399999999999963,35.48
2020-08-14,0.2,86.58,26.05,0.73,4.81,99.41,2.9899999999999642,34.86
2020-08-15,0.21,89.39,26.11,0.73,4.22,99.44,0.8599999999999645,35.15
2020-08-16,0.2,88.04,26.23,0.72,3.53,99.45,0.6099999999999645,33.66
2020-08-17,0.48,87.21,26.46,0.72,3.92,99.42,0.8899999999999644,33.81
2020-08-18,0.41,85.03,26.56,0.71,4.25,99.41,1.0899999999999643,32.76
2020-08-19,0.3,85.68,26.48,0.71,4.17,99.31,1.1899999999999644,33.85
2020-08-20,0.23,87.17,26.55,0.7,4.43,99.32,0.9399999999999644,34.07
2020-08-21,0.16,84.96,26.74,0.7,4.07,99.47,0.6899999999999644,31.64
2020-08-22,1.28,84.41,26.85,0.69,4.11,99.54,1.6699999999999644,30.57
2020-08-23,1.52,85.28,26.63,0.68,4.13,99.52,2.9599999999999644,30.9
2020-08-24,0.86,85.06,26.59,0.68,3.46,99.54,3.659999999999964,30.39
2020-08-25,1.08,85.24,26.75,0.67,3.42,99.56,3.4599999999999644,29.82
2020-08-26,2.38,85.5,26.57,0.67,4.21,99.61,4.319999999999965,30.07
2020-08-27,2.98,84.79,26.65,0.67,4.45,99.5,6.439999999999964,31.16
2020-08-28,1.8,84.83,26.52,0.66,5.1,99.43,7.159999999999965,31.8
2020-08-29,0.42,84.93,26.5,0.66,5.52,99.44,5.199999999999965,31.68
2020-08-30,0.58,84.63,26.55,0.65,4.65,99.46,2.7999999999999643,30.11
2020-08-31,2.51,86.57,26.19,0.65,4.72,99.48,3.5099999999999643,30.92
2020-09-01,5.79,83.86,26.09,0.65,5.19,99.5,8.879999999999963,30.7
2020-09-02,16.8,87.87,25.66,0.66,5.34,99.5,25.099999999999966,35.45
2020-09-03,2.97,87.53,26.18,0.67,4.89,99.43,25.559999999999963,36.14
2020-09-04,4.38,88.05,26.32,0.67,3.94,99.38,24.149999999999963,36.05
2020-09-05,5.6,87.49,26.15,0.67,5.96,99.38,12.94999999999996,35.15
2020-09-06,17.7,84.11,26.4,0.67,7.06,99.45,27.679999999999957,36.03
2020-09-07,4.96,83.67,26.01,0.68,4.94,99.52,28.259999999999962,34.63
2020-09-08,6.64,85.49,26.4,0.68,4.71,99.53,29.29999999999996,35.35
2020-09-09,15.21,89.21,26.39,0.68,6.01,99.5,26.809999999999967,37.49
2020-09-10,8.28,87.34,26.16,0.69,5.83,99.43,30.129999999999963,38.14
2020-09-11,3.7,84.34,26.59,0.69,6.37,99.44,27.189999999999966,36.61
2020-09-12,2.75,86.12,26.37,0.69,5.09,99.58,14.729999999999965,33.54
2020-09-13,8.21,86.55,26.29,0.69,4.8,99.61,14.659999999999966,33.3
2020-09-14,7.44,86.24,26.24,0.69,4.7,99.54,18.399999999999967,34.29
2020-09-15,3.65,86.15,26.4,0.69,5.35,99.53,19.299999999999965,34.83
2020-09-16,1.84,88.51,26.42,0.69,4.99,99.54,12.929999999999964,34.55
2020-09-17,4.26,90.48,26.34,0.69,5.7,99.56,9.749999999999964,35.11
2020-09-18,8.01,90.11,26.33,0.69,6.76,99.51,14.109999999999964,36.63
2020-09-19,17.89,87.0,25.88,0.7,6.63,99.46,30.159999999999965,38.6
2020-09-20,14.3,79.76,26.23,0.71,7.45,99.44,40.19999999999996,38.14
2020-09-21,4.04,82.33,26.25,0.71,6.8,99.47,36.22999999999997,38.01
2020-09-22,13.59,86.01,26.22,0.72,5.57,99.52,31.929999999999964,38.23
2020-09-23,2.5,85.59,26.38,0.71,5.0,99.55,20.129999999999963,35.22
2020-09-24,5.73,87.73,26.12,0.71,3.66,99.62,21.819999999999965,35.08
2020-09-25,11.26,91.21,24.95,0.72,4.23,99.66,19.489999999999966,36.58
2020-09-26,2.32,86.55,26.1,0.72,3.67,99.58,19.309999999999963,34.95
2020-09-27,2.78,89.24,26.06,0.72,3.54,99.6,16.359999999999964,35.38
2020-09-28,8.32,89.49,26.06,0.72,4.63,99.58,13.419999999999964,35.79
2020-09-29,14.65,88.79,26.25,0.72,5.88,99.49,25.749999999999964,38.86
2020-09-30,10.89,86.86,26.14,0.73,6.96,99.49,33.859999999999964,40.32
2020-10-01,1.67,85.1,26.25,0.73,5.39,99.48,27.209999999999965,37.76
2020-10-02,2.06,84.66,26.16,0.73,5.83,99.51,14.619999999999965,35.59
2020-10-03,2.63,84.71,26.38,0.72,6.03,99.55,6.359999999999964,33.66
2020-10-04,0.71,83.53,26.25,0.72,5.97,99.6,5.399999999999965,32.56
2020-10-05,0.34,83.52,26.25,0.71,4.63,99.49,3.679999999999964,32.06
2020-10-06,0.28,83.7,26.22,0.71,4.45,99.49,1.3299999999999645,31.67
2020-10-07,0.38,82.55,26.22,0.7,4.59,99.52,0.9999999999999645,30.53
2020-10-08,1.88,84.91,26.34,0.69,4.34,99.5,2.5399999999999645,31.38
2020-10-09,7.68,85.1,26.5,0.69,5.09,99.51,9.939999999999964,32.95
2020-10-10,12.68,85.4,26.35,0.7,5.52,99.47,22.239999999999963,36.0
2020-10-11,10.91,84.47,26.57,0.71,7.54,99.38,31.269999999999964,39.29
2020-10-12,6.38,85.35,26.65,0.71,6.87,99.33,29.969999999999963,39.52
2020-10-13,8.27,87.62,26.59,0.71,7.52,99.28,25.559999999999963,40.56
2020-10-14,11.44,87.27,26.69,0.71,7.15,99.38,26.08999999999996,39.45
2020-10-15,11.16,88.48,26.48,0.72,5.96,99.35,30.869999999999962,40.75
2020-10-16,2.68,87.51,26.28,0.72,5.02,99.3,25.279999999999966,39.37
2020-10-17,0.1,81.99,26.3,0.71,4.61,99.37,13.939999999999964,34.02
2020-10-18,0.33,86.01,26.42,0.71,4.22,99.4,3.109999999999965,33.56
2020-10-19,0.62,86.41,26.48,0.7,4.53,99.37,1.0499999999999645,33.4
2020-10-20,0.9,86.78,26.6,0.7,5.54,99.36,1.8499999999999646,34.31
2020-10-21,2.23,87.37,26.72,0.69,5.86,99.43,3.7499999999999645,34.02
2020-10-22,3.52,87.32,26.61,0.69,6.0,99.41,6.649999999999965,34.7
2020-10-23,1.22,87.19,26.37,0.69,4.66,99.45,6.969999999999964,33.64
2020-10-24,1.78,85.87,26.49,0.68,4.06,99.54,6.519999999999964,31.5
2020-10-25,1.28,86.24,26.45,0.68,3.31,99.59,4.279999999999965,30.48
2020-10-26,1.2,86.42,26.41,0.68,2.66,99.57,4.259999999999964,30.37
2020-10-27,3.31,83.46,26.63,0.67,2.12,99.51,5.7899999999999645,29.15
2020-10-28,1.47,84.65,26.31,0.67,2.19,99.59,5.979999999999964,29.05
2020-10-29,1.21,83.27,26.5,0.67,2.47,99.6,5.989999999999964,28.53
2020-10-30,2.44,85.93,26.13,0.67,2.21,99.6,5.119999999999965,29.38
2020-10-31,2.07,82.62,26.7,0.66,1.97,99.61,5.719999999999965,27.44
2020-11-01,2.09,86.45,26.31,0.66,2.22,99.69,6.599999999999964,28.66
2020-11-02,0.93,85.08,26.49,0.66,2.27,99.74,5.089999999999964,27.45
2020-11-03,4.25,81.61,27.01,0.66,2.16,99.69,7.269999999999964,26.68
2020-11-04,17.59,83.97,26.96,0.66,1.96,99.64,22.769999999999964,30.43
2020-11-05,14.85,80.54,27.3,0.67,1.9,99.63,36.68999999999996,31.63
2020-11-06,19.67,85.2,26.83,0.69,2.08,99.66,52.109999999999964,36.72
2020-11-07,5.81,78.07,27.72,0.7,2.45,99.68,40.32999999999997,32.31
2020-11-08,15.92,81.2,27.32,0.7,3.03,99.69,41.39999999999996,34.03
2020-11-09,7.91,86.49,26.94,0.71,5.15,99.53,29.639999999999965,37.34
2020-11-10,13.41,87.43,26.84,0.71,4.17,99.39,37.23999999999997,39.58
2020-11-11,24.48,80.68,27.52,0.73,1.97,99.42,45.79999999999997,37.46
2020-11-12,10.87,86.35,26.87,0.74,1.61,99.51,48.75999999999997,39.81
2020-11-13,21.48,84.64,26.97,0.75,2.26,99.47,56.82999999999996,41.46
2020-11-14,24.59,83.15,27.34,0.76,2.86,99.37,56.93999999999997,42.43
2020-11-15,26.15,87.62,27.01,0.79,3.48,99.31,72.21999999999996,48.83
2020-11-16,30.86,83.6,27.01,0.8,2.19,99.44,81.59999999999997,47.24
2020-11-17,23.0,86.14,26.1,0.83,2.88,99.45,80.00999999999996,49.62
2020-11-18,20.42,86.45,25.84,0.84,3.36,99.62,74.27999999999997,48.11
2020-11-19,3.04,81.6,26.56,0.85,2.36,99.6,46.45999999999997,41.74
2020-11-20,10.9,80.13,26.79,0.85,2.2,99.55,34.35999999999997,39.55
2020-11-21,3.85,83.25,26.43,0.85,4.07,99.61,17.789999999999967,38.78
2020-11-22,2.32,85.24,25.73,0.85,4.14,99.69,17.069999999999965,38.87
2020-11-23,3.87,89.79,25.26,0.84,3.48,99.64,10.039999999999964,39.34
2020-11-24,5.55,87.33,25.94,0.84,4.4,99.47,11.739999999999965,40.49
2020-11-25,6.67,89.1,26.31,0.84,4.5,99.43,16.089999999999964,42.31
2020-11-26,1.6,84.79,26.22,0.84,3.64,99.53,13.819999999999963,38.82
2020-11-27,2.44,83.43,25.9,0.84,2.29,99.68,10.709999999999965,35.77
2020-11-28,2.28,78.23,26.62,0.84,1.7,99.72,6.319999999999965,32.22
2020-11-29,0.95,80.16,26.73,0.83,2.94,99.65,5.669999999999964,33.77
2020-11-30,0.96,82.97,26.36,0.83,4.67,99.62,4.189999999999964,35.92
2020-12-01,2.7,87.98,25.73,0.82,5.54,99.61,4.609999999999964,38.24
2020-12-02,15.39,91.66,25.57,0.82,8.2,99.36,19.049999999999965,45.6
2020-12-03,18.96,88.42,26.0,0.84,6.98,99.33,37.04999999999997,47.49
2020-12-04,16.12,85.94,26.33,0.84,4.34,99.3,50.46999999999996,47.37
2020-12-05,19.75,88.41,26.46,0.86,3.59,99.36,54.82999999999997,49.04
2020-12-06,0.76,86.46,26.28,0.86,3.5,99.54,36.62999999999996,43.8
2020-12-07,0.65,78.39,26.48,0.85,1.79,99.69,21.159999999999965,35.34
2020-12-08,3.92,78.14,27.05,0.85,1.46,99.75,5.3299999999999645,32.07
2020-12-09,3.99,81.54,26.97,0.85,2.27,99.67,8.559999999999965,35.12
2020-12-10,5.36,81.55,26.39,0.84,3.5,99.68,13.269999999999964,36.03
2020-12-11,1.12,81.28,26.17,0.84,4.42,99.7,10.469999999999965,35.8
2020-12-12,1.14,84.38,25.39,0.83,3.37,99.69,7.619999999999965,35.76
2020-12-13,0.03,78.89,25.54,0.83,4.4,99.63,2.2899999999999645,33.66
2020-12-14,0.02,78.17,25.07,0.82,4.43,99.61,1.1899999999999644,32.94
2020-12-15,10.82,81.22,25.63,0.81,2.78,99.65,10.869999999999965,34.1
2020-12-16,6.79,78.23,26.53,0.82,1.85,99.68,17.629999999999967,33.56
2020-12-17,3.47,79.63,26.28,0.82,1.23,99.67,21.079999999999966,34.45
2020-12-18,8.08,82.25,25.96,0.82,2.29,99.63,18.339999999999964,36.04
2020-12-19,4.14,85.91,25.7,0.82,3.84,99.62,15.689999999999966,38.1
2020-12-20,13.14,89.75,25.44,0.82,5.78,99.65,25.359999999999964,42.04
2020-12-21,8.75,88.44,25.61,0.82,5.62,99.54,26.029999999999966,42.43
2020-12-22,9.25,90.41,25.54,0.83,4.7,99.54,31.139999999999965,43.99
2020-12-23,15.7,89.84,25.31,0.83,4.61,99.59,33.69999999999997,43.68
2020-12-24,4.79,84.6,26.17,0.84,4.9,99.45,29.739999999999966,42.59
2020-12-25,0.37,83.26,25.47,0.83,5.08,99.52,20.859999999999964,39.72
2020-12-26,0.79,82.21,25.25,0.83,5.43,99.61,5.949999999999966,36.36
2020-12-27,7.08,87.75,25.63,0.82,5.94,99.5,8.239999999999966,39.85
2020-12-28,5.58,87.73,25.74,0.82,5.1,99.49,13.449999999999967,40.29
2020-12-29,9.14,86.53,26.26,0.82,3.16,99.44,21.79999999999997,40.46
2020-12-30,3.75,82.12,26.33,0.82,2.47,99.45,18.469999999999967,37.61
2020-12-31,20.28,85.2,26.57,0.82,2.51,99.46,33.16999999999997,41.16
2021-01-01,5.32,82.71,25.5,0.82,4.37,99.62,29.34999999999997,39.17
2021-01-02,2.3,85.31,25.89,0.82,4.43,99.53,27.89999999999997,40.83
2021-01-03,2.73,83.66,26.47,0.82,1.99,99.41,10.349999999999968,37.07
2021-01-04,24.62,85.56,26.24,0.82,1.56,99.46,29.64999999999997,40.25
2021-01-05,7.17,84.23,25.98,0.84,2.65,99.54,34.51999999999997,41.21
2021-01-06,16.64,83.99,26.27,0.84,1.97,99.55,48.429999999999964,42.85
2021-01-07,3.07,83.59,26.27,0.84,1.33,99.43,26.879999999999967,39.95
2021-01-08,9.25,86.62,26.04,0.84,2.0,99.36,28.959999999999965,42.51
2021-01-09,21.54,87.24,25.73,0.86,2.06,99.4,33.859999999999964,44.09
2021-01-10,7.56,87.42,24.75,0.86,2.83,99.44,38.349999999999966,44.95
2021-01-11,5.77,90.51,25.08,0.86,5.64,99.4,34.86999999999996,47.57
2021-01-12,13.74,89.82,25.69,0.87,3.96,99.29,27.069999999999965,46.49
2021-01-13,26.31,85.9,26.19,0.88,2.3,99.44,45.819999999999965,46.04
2021-01-14,13.7,84.14,25.69,0.89,2.54,99.53,53.74999999999996,46.34
2021-01-15,3.71,77.6,25.34,0.89,2.16,99.53,43.71999999999996,41.78
2021-01-16,7.99,87.79,24.42,0.89,3.11,99.49,25.399999999999963,44.08
2021-01-17,4.99,83.65,26.1,0.89,3.35,99.5,16.689999999999966,41.0
2021-01-18,3.42,85.88,25.59,0.89,5.82,99.54,16.399999999999963,42.9
2021-01-19,4.92,85.35,25.42,0.88,5.15,99.56,13.329999999999966,41.24
2021-01-20,8.79,90.4,25.72,0.89,4.85,99.57,17.129999999999963,44.15
2021-01-21,3.01,83.87,27.04,0.88,2.9,99.55,16.719999999999963,40.01
2021-01-22,0.71,80.61,26.65,0.88,2.77,99.58,12.509999999999962,37.65
2021-01-23,0.03,79.61,25.77,0.87,3.79,99.62,3.749999999999964,35.64
2021-01-24,0.01,79.36,25.09,0.86,4.44,99.7,0.7499999999999645,34.32
2021-01-25,0.01,79.11,24.94,0.85,4.12,99.74,0.049999999999964476,33.17
2021-01-26,0.0,76.99,24.26,0.85,5.03,99.7,0.019999999999964473,33.1
2021-01-27,0.01,80.09,24.26,0.84,5.22,99.69,0.019999999999964473,34.17
2021-01-28,0.01,80.43,25.18,0.83,4.4,99.68,0.019999999999964473,33.53
2021-01-29,7.23,90.29,24.34,0.83,3.11,99.71,7.2499999999999645,37.9
2021-01-30,5.1,84.46,25.88,0.83,3.56,99.63,12.339999999999964,37.14
2021-01-31,11.76,81.62,25.77,0.83,2.56,99.66,24.089999999999964,36.99
2021-02-01,4.25,85.79,25.63,0.83,4.86,99.76,21.109999999999964,38.69
2021-02-02,2.96,86.77,26.01,0.83,5.45,99.71,18.969999999999963,39.51
2021-02-03,0.86,84.31,25.62,0.82,6.1,99.72,8.069999999999965,36.6
2021-02-04,0.08,81.84,25.27,0.82,6.0,99.76,3.8999999999999644,34.51
2021-02-05,0.27,82.11,25.23,0.81,5.75,99.69,1.2099999999999644,34.23
2021-02-06,3.76,83.49,25.65,0.8,5.39,99.59,4.109999999999964,35.49
2021-02-07,2.13,85.16,25.97,0.8,5.67,99.56,6.159999999999965,36.93
2021-02-08,1.96,84.05,25.53,0.79,7.54,99.62,7.849999999999964,36.81
2021-02-09,0.07,80.17,24.47,0.78,7.05,99.61,4.159999999999965,33.98
2021-02-10,0.0,77.48,24.33,0.78,5.55,99.61,2.0299999999999643,31.69
2021-02-11,0.0,76.14,24.34,0.77,4.97,99.59,0.06999999999996448,30.25
2021-02-12,0.01,78.61,25.14,0.76,3.38,99.67,0.009999999999964473,29.33
2021-02-13,0.29,81.14,25.86,0.75,3.62,99.74,0.29999999999996446,29.57
2021-02-14,0.34,82.39,26.13,0.74,3.73,99.75,0.6399999999999645,29.7
2021-02-15,0.1,80.65,26.21,0.74,4.17,99.65,0.7299999999999645,30.06
2021-02-16,0.09,80.74,25.9,0.73,2.66,99.64,0.5299999999999645,28.91
2021-02-17,0.01,79.03,26.05,0.72,3.32,99.57,0.19999999999996448,28.65
2021-02-18,0.1,78.93,25.74,0.72,3.26,99.67,0.19999999999996448,27.74
2021-02-19,3.13,83.55,26.16,0.71,3.26,99.63,3.2399999999999642,30.09
2021-02-20,3.12,80.84,26.92,0.71,3.09,99.56,6.349999999999964,29.92
2021-02-21,2.51,79.12,26.87,0.7,2.96,99.63,8.759999999999964,28.49
2021-02-22,4.94,83.97,26.4,0.7,4.72,99.67,10.569999999999965,31.45
2021-02-23,0.21,81.08,26.07,0.69,5.28,99.62,7.659999999999964,30.06
2021-02-24,2.51,79.41,26.33,0.69,3.3,99.59,7.659999999999965,28.54
2021-02-25,0.9,81.21,26.71,0.68,2.67,99.6,3.6199999999999632,27.82
2021-02-26,0.13,80.36,26.55,0.68,2.5,99.53,3.5399999999999636,27.94
2021-02-27,0.09,78.97,26.49,0.67,1.92,99.47,1.1199999999999637,26.74
2021-02-28,0.04,73.05,26.71,0.66,1.81,99.49,0.2599999999999636,23.44
2021-03-01,0.14,71.51,26.17,0.66,2.17,99.77,0.2699999999999636,20.64
2021-03-02,0.07,67.66,25.73,0.65,3.17,99.75,0.2499999999999636,19.29
2021-03-03,0.09,70.8,25.79,0.65,2.28,99.65,0.29999999999996363,20.98
2021-03-04,0.05,69.7,26.33,0.64,1.89,99.63,0.2099999999999636,20.04
2021-03-05,0.07,71.12,26.99,0.63,2.44,99.75,0.2099999999999636,19.5
2021-03-06,11.51,76.66,27.21,0.63,2.35,99.76,11.629999999999963,23.51
2021-03-07,8.42,78.96,27.11,0.64,2.04,99.65,19.999999999999964,26.98
2021-03-08,9.53,78.65,27.42,0.64,1.78,99.64,29.45999999999996,28.28
2021-03-09,0.73,72.67,27.48,0.64,2.08,99.71,18.679999999999964,23.63
2021-03-10,8.86,76.22,27.02,0.64,2.11,99.77,19.119999999999962,24.71
2021-03-11,9.31,77.75,26.81,0.64,1.71,99.77,18.899999999999963,25.11
2021-03-12,4.11,76.57,26.79,0.64,2.18,99.8,22.279999999999966,25.14
2021-03-13,4.54,75.0,27.48,0.64,2.75,99.69,17.959999999999965,25.03
2021-03-14,5.95,78.69,27.22,0.64,3.45,99.61,14.599999999999966,27.12
2021-03-15,0.37,74.3,27.45,0.64,2.72,99.52,10.859999999999966,25.03
2021-03-16,0.58,74.39,27.45,0.63,2.26,99.55,6.899999999999965,23.52
2021-03-17,1.21,73.67,27.51,0.62,1.74,99.49,2.1599999999999646,22.27
2021-03-18,6.49,77.22,26.97,0.62,1.81,99.55,8.279999999999966,24.27
2021-03-19,7.43,83.03,25.94,0.63,2.43,99.57,15.129999999999963,28.4
2021-03-20,6.79,77.12,25.82,0.63,1.65,99.52,20.709999999999965,26.77
2021-03-21,9.4,74.84,26.94,0.63,1.39,99.45,23.619999999999962,26.71
2021-03-22,3.69,80.25,27.09,0.64,1.72,99.53,19.879999999999963,28.34
2021-03-23,2.02,78.58,27.52,0.63,1.74,99.56,15.109999999999964,26.22
2021-03-24,6.87,83.04,26.92,0.63,1.53,99.57,12.579999999999965,27.52
2021-03-25,3.6,73.8,26.99,0.64,1.79,99.5,12.489999999999965,24.74
2021-03-26,5.48,72.28,27.12,0.64,3.07,99.41,15.949999999999964,26.09
2021-03-27,10.2,75.13,27.27,0.64,1.89,99.47,19.279999999999966,26.67
2021-03-28,38.14,77.36,26.92,0.65,1.91,99.5,53.819999999999965,33.23
2021-03-29,7.1,80.64,26.7,0.67,3.21,99.52,55.43999999999996,36.25
2021-03-30,4.89,80.74,26.77,0.67,2.55,99.43,50.12999999999997,35.86
2021-03-31,0.27,83.22,27.14,0.66,3.47,99.32,12.259999999999964,31.96
2021-04-01,0.31,87.03,27.21,0.66,3.76,99.33,5.469999999999964,32.58
2021-04-02,0.4,83.46,27.95,0.65,4.37,99.38,0.9799999999999645,29.85
2021-04-03,0.33,82.51,27.4,0.65,4.29,99.46,1.0399999999999645,28.74
2021-04-04,0.15,81.76,27.19,0.64,3.41,99.48,0.8799999999999645,27.33
2021-04-05,0.42,79.18,27.94,0.64,2.46,99.47,0.8999999999999644,25.81
2021-04-06,0.81,74.66,28.33,0.64,1.32,99.51,1.3799999999999644,23.02
2021-04-07,2.77,78.69,27.41,0.63,2.07,99.62,3.9999999999999645,24.2
2021-04-08,3.84,82.31,26.74,0.63,2.68,99.54,7.419999999999964,27.27
2021-04-09,1.77,81.42,27.01,0.62,2.5,99.48,8.379999999999963,27.03
2021-04-10,4.72,79.12,27.29,0.62,2.13,99.59,10.329999999999965,25.24
2021-04-11,7.99,81.86,26.99,0.62,2.56,99.7,14.479999999999965,26.36
2021-04-12,10.46,74.82,27.4,0.63,1.6,99.73,23.169999999999966,24.39
2021-04-13,6.67,82.44,27.1,0.63,2.4,99.68,25.11999999999997,28.78
2021-04-14,17.11,82.0,27.39,0.63,2.07,99.66,34.23999999999997,30.01
2021-04-15,30.57,86.01,26.31,0.66,2.32,99.68,54.349999999999966,36.11
2021-04-16,7.39,81.39,26.93,0.67,2.69,99.65,55.069999999999965,35.14
2021-04-17,3.81,85.68,27.09,0.67,3.32,99.68,41.76999999999997,34.96
2021-04-18,3.42,87.11,27.01,0.67,4.19,99.76,14.619999999999964,31.1
2021-04-19,4.01,85.88,27.2,0.67,4.45,99.62,11.239999999999963,31.36
2021-04-20,4.42,83.58,27.55,0.67,4.18,99.52,11.849999999999962,31.18
2021-04-21,9.76,85.12,27.71,0.67,4.38,99.58,18.189999999999962,32.43
2021-04-22,8.74,86.43,27.36,0.67,3.75,99.65,22.919999999999966,32.8
2021-04-23,12.22,87.24,27.21,0.68,3.67,99.61,30.719999999999963,35.08
2021-04-24,8.7,83.3,27.69,0.68,2.33,99.52,29.659999999999965,33.28
2021-04-25,1.84,79.59,27.96,0.68,2.06,99.5,22.759999999999966,30.65
2021-04-26,5.7,86.43,27.45,0.68,2.74,99.48,16.239999999999963,33.06
2021-04-27,0.29,85.27,27.63,0.68,3.25,99.56,7.8299999999999645,30.85
2021-04-28,1.82,86.27,27.62,0.68,4.18,99.62,7.809999999999965,31.27
2021-04-29,13.44,84.15,27.47,0.68,4.18,99.59,15.549999999999965,31.84
2021-04-30,10.05,81.08,28.02,0.69,2.75,99.44,25.309999999999967,32.98
2021-05-01,19.71,88.42,26.97,0.7,3.2,99.43,43.19999999999997,39.65
2021-05-02,4.96,83.66,27.38,0.71,2.06,99.44,34.71999999999997,36.02
2021-05-03,17.16,85.38,27.39,0.71,2.46,99.4,41.82999999999997,38.42
2021-05-04,23.07,86.12,26.86,0.73,2.66,99.39,45.18999999999997,40.3
2021-05-05,2.33,79.8,28.08,0.73,1.71,99.36,42.55999999999997,36.95
2021-05-06,25.8,85.87,27.56,0.74,2.6,99.42,51.19999999999996,41.28
2021-05-07,8.82,81.24,27.87,0.75,1.5,99.5,36.94999999999996,36.23
2021-05-08,11.38,84.39,27.53,0.76,1.48,99.41,45.999999999999964,40.16
2021-05-09,11.77,84.42,27.81,0.77,3.14,99.34,31.969999999999963,39.88
2021-05-10,19.34,89.37,26.99,0.78,3.15,99.39,42.48999999999996,43.63
2021-05-11,46.34,90.06,26.99,0.8,3.79,99.41,77.44999999999996,50.44
2021-05-12,15.18,89.11,27.2,0.83,4.08,99.33,80.85999999999996,52.67
2021-05-13,28.96,88.36,27.33,0.84,5.58,99.28,90.47999999999996,55.52
2021-05-14,19.65,87.74,26.82,0.86,4.76,99.32,63.78999999999996,51.13
2021-05-15,4.87,89.49,26.6,0.86,3.78,99.34,53.479999999999954,49.56
2021-05-16,1.17,87.29,26.76,0.86,3.79,99.41,25.689999999999955,43.68
2021-05-17,1.38,83.0,27.56,0.85,2.69,99.43,7.419999999999957,37.81
2021-05-18,0.55,82.57,27.76,0.85,3.2,99.48,3.099999999999957,36.8
2021-05-19,4.52,86.97,27.39,0.84,4.21,99.47,6.449999999999957,39.4
2021-05-20,22.9,86.44,27.34,0.85,4.9,99.55,27.969999999999956,42.68
2021-05-21,19.78,83.86,27.46,0.86,4.82,99.61,47.19999999999996,44.48
2021-05-22,14.77,88.45,27.52,0.86,6.26,99.51,57.44999999999996,49.65
2021-05-23,12.88,88.1,27.65,0.87,6.42,99.49,47.42999999999996,48.61
2021-05-24,28.07,89.92,27.61,0.88,6.8,99.56,55.719999999999956,50.72
2021-05-25,35.07,88.26,26.92,0.9,8.53,99.61,76.01999999999997,54.57
2021-05-26,15.86,84.48,26.91,0.9,9.13,99.57,78.99999999999997,54.09
2021-05-27,8.54,84.89,26.93,0.91,7.88,99.51,59.46999999999996,51.45
2021-05-28,5.78,86.36,27.19,0.9,6.31,99.5,30.179999999999964,46.29
2021-05-29,3.52,88.32,27.24,0.9,6.34,99.55,17.839999999999964,44.78
2021-05-30,1.51,87.52,27.31,0.9,6.62,99.51,10.809999999999965,43.82
2021-05-31,1.34,87.81,27.18,0.89,6.43,99.38,6.369999999999965,43.82
2021-06-01,0.95,85.64,27.22,0.88,5.58,99.37,3.7999999999999643,41.69
2021-06-02,9.9,87.24,27.27,0.88,5.09,99.36,12.189999999999966,43.51
2021-06-03,21.72,86.91,27.23,0.88,6.03,99.42,32.569999999999965,46.57
2021-06-04,75.05,91.95,26.41,0.91,6.02,99.52,106.66999999999996,60.77
2021-06-05,8.29,89.71,26.22,0.93,5.22,99.57,105.05999999999995,59.56
2021-06-06,4.01,86.14,26.9,0.92,4.95,99.55,87.34999999999995,54.86
2021-06-07,4.0,88.31,26.8,0.92,4.95,99.54,16.299999999999955,44.71
2021-06-08,17.61,89.7,26.98,0.92,6.79,99.54,25.619999999999955,47.76
2021-06-09,7.74,88.71,26.46,0.92,4.89,99.52,29.34999999999996,47.07
2021-06-10,3.1,87.9,26.8,0.92,5.72,99.37,28.449999999999957,48.29
2021-06-11,0.83,84.4,26.88,0.91,5.74,99.42,11.669999999999957,43.34
2021-06-12,2.2,85.14,27.05,0.9,6.29,99.49,6.129999999999958,42.07
2021-06-13,10.87,87.3,26.96,0.9,6.66,99.53,13.899999999999958,44.07
2021-06-14,23.94,88.73,26.42,0.91,5.62,99.5,37.00999999999996,48.42
2021-06-15,1.06,86.25,26.63,0.9,6.34,99.43,35.869999999999955,47.74
2021-06-16,0.73,86.65,26.67,0.9,6.3,99.52,25.729999999999958,45.54
2021-06-17,0.98,87.75,26.71,0.89,5.3,99.59,2.7699999999999574,40.85
2021-06-18,0.65,90.75,26.5,0.88,4.38,99.6,2.3599999999999572,41.05
2021-06-19,0.34,87.28,26.65,0.88,4.16,99.71,1.9699999999999573,38.48
2021-06-20,0.1,86.95,26.41,0.88,4.19,99.69,1.0899999999999574,38.39
2021-06-21,0.43,88.01,26.66,0.87,4.49,99.61,0.8699999999999574,39.21
2021-06-22,2.97,88.33,26.88,0.86,5.34,99.53,3.4999999999999574,40.47
2021-06-23,2.89,85.56,26.59,0.86,5.51,99.57,6.289999999999958,39.49
2021-06-24,10.03,87.86,26.46,0.86,5.16,99.59,15.889999999999958,41.61
2021-06-25,2.43,86.91,26.72,0.86,5.31,99.52,15.349999999999957,41.79
2021-06-26,2.2,84.97,26.5,0.86,6.42,99.5,14.659999999999958,41.63
2021-06-27,4.3,86.09,26.5,0.85,5.63,99.56,8.929999999999957,39.85
2021-06-28,2.23,84.7,26.5,0.85,4.96,99.52,8.729999999999958,39.2
2021-06-29,1.45,85.41,26.6,0.84,4.69,99.45,7.979999999999956,39.41
2021-06-30,2.82,88.57,26.64,0.84,4.6,99.43,6.499999999999957,40.63
2021-07-01,15.8,87.89,26.58,0.84,6.69,99.44,20.069999999999958,43.52
2021-07-02,1.61,85.5,26.69,0.84,6.03,99.48,20.229999999999958,41.84
2021-07-03,3.51,88.04,26.79,0.84,5.38,99.42,20.91999999999996,43.18
2021-07-04,6.35,88.93,26.4,0.84,5.06,99.43,11.469999999999956,41.81
2021-07-05,7.18,88.17,26.51,0.84,4.05,99.35,17.039999999999957,42.49
2021-07-06,4.8,87.46,26.5,0.84,4.5,99.25,18.329999999999956,43.48
2021-07-07,5.11,87.67,26.35,0.84,5.49,99.28,17.089999999999957,43.65
2021-07-08,6.23,88.75,26.81,0.84,6.03,99.36,16.139999999999958,43.58
2021-07-09,19.95,87.64,26.61,0.84,7.47,99.32,31.289999999999957,46.61
2021-07-10,20.06,88.99,25.89,0.85,7.95,99.34,46.23999999999995,50.04
2021-07-11,3.37,86.77,26.29,0.85,6.49,99.38,43.37999999999995,47.52
2021-07-12,4.52,88.86,26.17,0.85,6.39,99.34,27.949999999999957,46.27
2021-07-13,3.49,88.14,25.98,0.85,6.11,99.34,11.379999999999956,43.21
2021-07-14,1.05,90.24,26.02,0.84,5.15,99.35,9.059999999999956,42.71
2021-07-15,1.04,88.88,26.19,0.84,3.37,99.37,5.579999999999957,40.46
2021-07-16,1.13,89.92,25.99,0.83,3.9,99.49,3.219999999999957,39.38
2021-07-17,1.48,87.28,26.49,0.83,4.21,99.47,3.6499999999999577,38.67
2021-07-18,2.26,89.63,26.3,0.83,6.31,99.45,4.8699999999999575,41.16
2021-07-19,0.61,88.07,26.44,0.82,5.73,99.54,4.349999999999958,38.92
2021-07-20,0.25,88.77,26.44,0.82,5.75,99.65,3.119999999999957,38.11
2021-07-21,0.91,88.36,26.58,0.81,6.44,99.64,1.7699999999999574,37.76
2021-07-22,4.45,90.43,26.53,0.81,6.94,99.49,5.609999999999958,40.77
2021-07-23,10.2,87.97,26.48,0.81,7.47,99.47,15.559999999999956,41.75
2021-07-24,10.33,84.63,26.24,0.81,6.67,99.54,24.979999999999954,40.79
2021-07-25,18.5,87.93,26.13,0.82,5.83,99.61,39.02999999999996,43.78
2021-07-26,12.98,86.9,26.23,0.82,6.34,99.62,41.80999999999996,43.97
2021-07-27,14.44,89.58,26.41,0.83,5.65,99.54,45.91999999999996,46.47
2021-07-28,4.7,89.22,26.28,0.83,5.6,99.58,32.119999999999955,43.79
2021-07-29,0.64,87.97,26.21,0.83,4.86,99.56,19.77999999999996,41.09
2021-07-30,0.52,88.0,26.46,0.82,5.34,99.67,5.859999999999958,37.83
2021-07-31,0.27,88.27,26.24,0.81,5.35,99.69,1.4299999999999575,36.66
2021-08-01,0.43,89.13,26.15,0.81,5.07,99.6,1.2199999999999573,37.6
2021-08-02,1.13,88.21,26.28,0.8,6.27,99.66,1.8299999999999572,37.03
2021-08-03,0.38,84.77,26.09,0.8,5.59,99.8,1.9399999999999573,34.04
2021-08-04,1.36,88.82,26.4,0.79,6.06,99.79,2.8699999999999575,35.82
2021-08-05,4.75,88.92,26.34,0.79,6.3,99.7,6.489999999999958,37.32
2021-08-06,4.13,89.29,26.49,0.79,6.47,99.6,10.239999999999958,38.99
2021-08-07,7.6,89.85,26.33,0.79,6.43,99.58,16.479999999999954,40.36
2021-08-08,7.47,89.46,25.68,0.79,5.41,99.64,19.199999999999957,39.56
2021-08-09,13.82,89.41,25.55,0.79,5.27,99.68,28.889999999999958,40.65
2021-08-10,2.05,86.71,25.93,0.79,4.96,99.59,23.339999999999957,39.22
2021-08-11,9.43,88.25,26.04,0.79,6.58,99.58,25.299999999999958,41.14
2021-08-12,14.02,87.76,26.0,0.8,5.87,99.64,25.499999999999957,40.5
2021-08-13,3.09,87.57,25.91,0.8,5.22,99.51,26.539999999999957,41.33
2021-08-14,1.18,86.91,25.87,0.79,5.96,99.4,18.289999999999957,40.65
2021-08-15,0.86,89.13,25.98,0.79,5.31,99.46,5.129999999999957,38.67
2021-08-16,1.89,89.01,25.82,0.79,4.55,99.58,3.929999999999957,37.01
2021-08-17,2.95,90.37,25.82,0.78,5.49,99.65,5.6999999999999575,37.36
2021-08-18,5.41,86.92,25.69,0.78,5.55,99.65,10.249999999999957,36.65
2021-08-19,1.38,87.48,26.05,0.78,4.25,99.48,9.739999999999956,37.53
2021-08-20,1.58,86.88,26.41,0.78,4.01,99.44,8.369999999999958,37.27
2021-08-21,6.92,88.48,26.11,0.77,3.7,99.52,9.879999999999956,36.92
2021-08-22,4.25,87.5,26.06,0.78,2.76,99.53,12.749999999999957,36.79
2021-08-23,2.59,87.25,25.74,0.77,3.52,99.55,13.759999999999955,36.66
2021-08-24,3.22,85.92,25.91,0.77,4.21,99.57,10.059999999999958,35.72
2021-08-25,14.17,88.0,26.28,0.77,5.27,99.48,19.979999999999958,39.49
2021-08-26,17.05,86.38,26.54,0.78,6.53,99.39,34.439999999999955,42.93
2021-08-27,10.25,87.04,26.6,0.79,6.53,99.32,41.469999999999956,45.32
2021-08-28,9.87,88.23,26.29,0.79,6.95,99.28,37.16999999999996,45.72
2021-08-29,12.08,86.98,25.99,0.79,6.94,99.31,32.19999999999996,44.15
2021-08-30,3.65,86.92,26.16,0.79,5.03,99.37,25.599999999999955,41.55
2021-08-31,1.15,88.02,26.45,0.79,4.76,99.4,16.879999999999956,40.25
2021-09-01,4.56,87.03,26.56,0.78,5.47,99.5,9.359999999999957,37.77
2021-09-02,6.28,87.27,26.37,0.78,5.41,99.5,11.989999999999956,38.25
2021-09-03,4.9,86.97,26.23,0.78,5.17,99.47,15.73999999999996,38.84
2021-09-04,6.68,87.68,26.3,0.78,6.38,99.5,17.859999999999957,39.87
2021-09-05,11.35,87.45,26.77,0.78,6.75,99.5,22.929999999999957,40.77
2021-09-06,8.51,87.94,26.48,0.79,5.89,99.52,26.539999999999957,41.34
2021-09-07,5.43,87.32,26.49,0.79,5.33,99.56,25.289999999999957,40.24
2021-09-08,4.57,87.34,26.22,0.79,5.06,99.61,18.509999999999955,38.62
2021-09-09,1.42,85.35,26.5,0.78,4.76,99.65,11.419999999999957,35.74
2021-09-10,2.31,85.87,26.66,0.78,5.54,99.6,8.299999999999958,36.31
2021-09-11,1.44,85.62,26.43,0.77,5.92,99.57,5.169999999999957,35.75
2021-09-12,2.39,84.82,26.39,0.77,6.69,99.52,6.139999999999958,36.4
2021-09-13,6.58,86.43,26.47,0.77,6.48,99.46,10.409999999999958,38.14
2021-09-14,5.45,88.4,26.62,0.77,5.09,99.48,14.419999999999959,38.69
2021-09-15,6.64,89.95,26.91,0.77,5.54,99.51,18.66999999999996,40.0
2021-09-16,8.29,88.87,26.24,0.77,5.29,99.49,20.379999999999956,39.85
2021-09-17,6.0,88.72,26.32,0.77,4.45,99.39,20.929999999999957,40.25
2021-09-18,6.65,86.65,26.39,0.77,4.77,99.48,20.939999999999955,38.79
2021-09-19,2.83,88.21,26.68,0.77,4.05,99.53,15.479999999999958,37.79
2021-09-20,5.86,88.27,26.72,0.77,3.98,99.54,15.339999999999957,37.67
2021-09-21,6.33,89.33,26.52,0.77,4.71,99.49,15.019999999999957,38.88
2021-09-22,2.94,88.08,26.74,0.77,3.96,99.33,15.129999999999958,39.31
2021-09-23,5.05,85.56,26.86,0.76,5.22,99.38,14.319999999999956,37.95
2021-09-24,16.09,85.95,27.09,0.76,4.55,99.4,24.079999999999956,39.12
2021-09-25,6.18,84.5,26.39,0.77,5.32,99.43,27.319999999999954,39.6
2021-09-26,14.33,87.01,26.45,0.77,7.32,99.31,36.59999999999995,44.21
2021-09-27,13.72,87.51,25.61,0.78,9.33,99.33,34.22999999999996,45.39
2021-09-28,8.07,86.26,26.06,0.78,6.72,99.47,36.11999999999996,42.57
2021-09-29,1.05,86.87,26.4,0.78,4.45,99.46,22.83999999999996,39.6
2021-09-30,7.1,86.4,26.39,0.77,3.78,99.53,16.219999999999956,36.99
2021-10-01,43.12,88.27,25.21,0.79,2.69,99.47,51.26999999999995,44.05
2021-10-02,13.63,88.26,25.46,0.81,3.2,99.4,63.84999999999996,47.73
2021-10-03,3.08,88.57,25.93,0.81,3.16,99.38,59.829999999999956,47.38
2021-10-04,10.25,90.16,26.18,0.81,3.56,99.35,26.959999999999958,43.36
2021-10-05,24.65,90.26,25.94,0.82,5.66,99.37,37.979999999999954,46.52
2021-10-06,16.25,88.58,26.17,0.83,5.65,99.35,51.149999999999956,48.46
2021-10-07,1.07,88.68,26.5,0.83,5.46,99.39,41.969999999999956,46.63
2021-10-08,1.14,86.77,26.55,0.83,5.61,99.5,18.459999999999958,41.28
2021-10-09,2.03,86.12,26.52,0.82,4.87,99.61,4.239999999999958,37.03
2021-10-10,13.07,88.23,26.67,0.82,5.32,99.53,16.23999999999996,40.72
2021-10-11,18.78,87.76,26.22,0.83,5.44,99.47,33.87999999999996,44.28
2021-10-12,5.2,84.24,26.46,0.83,5.79,99.44,37.04999999999996,43.73
2021-10-13,0.82,86.53,26.63,0.83,5.26,99.37,24.79999999999996,43.08
2021-10-14,0.98,87.81,26.88,0.82,5.64,99.31,6.999999999999961,41.11
2021-10-15,2.0,87.48,26.95,0.81,5.84,99.1,3.7999999999999607,41.92
2021-10-16,6.33,86.39,26.92,0.81,6.93,99.15,9.309999999999961,42.49
2021-10-17,3.24,87.8,26.61,0.81,6.84,99.31,11.569999999999961,42.05
2021-10-18,3.01,86.68,26.84,0.81,6.13,99.49,12.579999999999961,39.84
2021-10-19,4.97,83.84,26.63,0.8,3.92,99.64,11.21999999999996,35.54
2021-10-20,14.81,84.94,26.88,0.8,2.82,99.71,22.789999999999964,36.65
2021-10-21,33.26,86.1,26.74,0.83,2.79,99.72,53.039999999999964,43.06
2021-10-22,9.53,85.41,26.55,0.83,2.72,99.79,57.599999999999966,42.85
2021-10-23,9.21,85.24,26.09,0.83,4.3,99.89,51.999999999999964,41.92
2021-10-24,10.47,85.16,25.84,0.83,3.74,99.86,29.209999999999965,38.25
2021-10-25,10.69,86.52,26.3,0.83,2.69,99.64,30.369999999999962,40.29
2021-10-26,21.41,87.21,25.64,0.84,2.37,99.55,42.569999999999965,43.51
2021-10-27,14.6,85.73,25.83,0.85,2.3,99.56,46.69999999999997,43.83
2021-10-28,9.18,87.57,25.77,0.85,3.5,99.5,45.18999999999997,45.52
2021-10-29,26.3,90.49,25.18,0.86,4.15,99.53,50.07999999999996,48.05
2021-10-30,23.0,86.81,26.04,0.88,1.97,99.6,58.47999999999996,46.89
2021-10-31,37.3,90.51,26.45,0.89,5.6,99.38,86.59999999999997,57.11
2021-11-01,33.65,90.76,25.65,0.91,6.11,99.34,93.94999999999996,59.83
2021-11-02,14.7,84.85,26.28,0.91,2.57,99.53,85.64999999999996,52.51
2021-11-03,14.79,87.62,25.86,0.92,3.27,99.6,63.13999999999996,50.36
2021-11-04,17.62,88.88,25.61,0.92,3.36,99.64,47.109999999999964,48.09
2021-11-05,13.13,88.3,25.93,0.92,3.55,99.64,45.53999999999997,47.7
2021-11-06,15.18,87.49,26.16,0.92,4.03,99.52,45.929999999999964,48.69
2021-11-07,26.31,86.79,25.9,0.93,5.18,99.49,54.61999999999996,51.05
2021-11-08,36.77,85.64,25.63,0.93,5.81,99.52,78.25999999999996,54.37
2021-11-09,28.3,89.67,24.84,0.94,5.21,99.48,91.37999999999997,58.57
2021-11-10,13.81,88.56,25.78,0.95,5.68,99.37,78.87999999999997,57.74
2021-11-11,7.23,88.14,25.82,0.95,4.52,99.29,49.339999999999975,52.96
2021-11-12,10.02,85.58,26.41,0.94,6.58,99.41,31.059999999999974,48.69
2021-11-13,9.56,86.11,26.19,0.94,5.42,99.51,26.80999999999997,46.78
2021-11-14,10.43,88.18,26.41,0.94,5.61,99.55,30.00999999999997,47.93
2021-11-15,14.82,89.37,26.42,0.94,5.59,99.39,34.809999999999974,50.52
2021-11-16,12.51,91.51,25.95,0.94,4.29,99.35,37.75999999999997,51.52
2021-11-17,14.58,89.62,25.89,0.94,3.51,99.46,41.90999999999997,50.03
2021-11-18,6.36,87.06,25.8,0.94,3.47,99.32,33.449999999999974,48.77
2021-11-19,12.47,88.33,26.16,0.94,5.0,99.2,33.409999999999975,51.14
2021-11-20,2.11,83.75,25.71,0.94,4.62,99.35,20.939999999999973,45.77
2021-11-21,0.12,78.77,25.81,0.93,3.64,99.53,14.699999999999974,40.22
2021-11-22,0.32,83.06,25.85,0.93,3.38,99.51,2.5499999999999714,40.16
2021-11-23,12.88,86.72,26.02,0.92,4.48,99.38,13.319999999999972,44.66
2021-11-24,41.82,89.95,25.63,0.93,4.81,99.36,55.019999999999975,53.35
2021-11-25,16.29,91.86,25.31,0.94,3.59,99.31,70.98999999999998,56.85
2021-11-26,5.57,89.8,26.16,0.94,1.79,99.36,63.67999999999997,53.43
2021-11-27,17.89,86.1,26.25,0.94,2.82,99.42,39.74999999999997,48.16
2021-11-28,24.35,90.05,25.63,0.95,2.52,99.48,47.809999999999974,50.86
2021-11-29,9.74,87.25,25.71,0.95,2.62,99.64,51.979999999999976,49.04
2021-11-30,12.38,80.9,26.52,0.95,1.11,99.62,46.46999999999997,44.83
2021-12-01,3.82,79.31,27.28,0.95,1.41,99.56,25.939999999999973,41.6
2021-12-02,5.81,84.73,26.59,0.95,1.95,99.57,22.009999999999973,43.49
2021-12-03,3.12,83.68,26.58,0.94,1.96,99.64,12.749999999999972,40.58
2021-12-04,4.99,85.04,26.59,0.94,1.97,99.71,13.91999999999997,40.76
2021-12-05,6.09,82.0,26.65,0.93,1.66,99.69,14.19999999999997,39.09
2021-12-06,6.92,83.0,26.66,0.93,2.06,99.61,17.99999999999997,41.0
2021-12-07,0.59,80.23,26.42,0.93,3.32,99.6,13.599999999999973,39.9
2021-12-08,2.08,83.34,26.32,0.92,3.1,99.57,9.589999999999971,40.3
2021-12-09,12.88,83.17,26.41,0.92,3.47,99.63,15.549999999999972,40.86
2021-12-10,1.65,83.95,26.13,0.92,4.56,99.69,16.60999999999997,41.44
2021-12-11,0.97,84.19,26.46,0.91,5.21,99.61,15.499999999999972,41.97
2021-12-12,5.16,84.5,26.34,0.9,4.76,99.58,7.779999999999972,40.48
2021-12-13,12.05,88.45,25.97,0.9,4.68,99.53,18.17999999999997,44.16
2021-12-14,4.78,87.75,25.68,0.91,4.59,99.51,21.989999999999974,45.0
2021-12-15,3.84,88.39,25.59,0.91,4.11,99.59,20.66999999999997,44.14
2021-12-16,2.61,86.07,25.95,0.9,4.45,99.68,11.229999999999972,40.68
2021-12-17,0.8,83.92,25.89,0.9,4.22,99.77,7.249999999999972,38.26
2021-12-18,7.92,86.06,25.88,0.89,3.86,99.68,11.329999999999972,39.94
2021-12-19,3.24,84.77,26.01,0.89,5.82,99.77,11.959999999999972,39.8
2021-12-20,0.19,85.05,25.85,0.88,5.36,99.8,11.349999999999971,38.9
2021-12-21,0.14,83.93,26.09,0.88,4.46,99.87,3.569999999999972,36.13
2021-12-22,0.87,82.37,26.27,0.87,3.88,99.78,1.1999999999999715,35.11
2021-12-23,0.59,82.34,25.54,0.86,4.13,99.73,1.5999999999999717,35.3
2021-12-24,0.13,78.58,24.59,0.86,4.08,99.76,1.5899999999999714,33.42
2021-12-25,0.0,77.2,24.3,0.85,4.2,99.8,0.7199999999999716,32.01
2021-12-26,0.02,77.83,24.54,0.84,3.69,99.9,0.14999999999997157,30.65
2021-12-27,0.01,80.03,24.89,0.84,4.17,99.88,0.029999999999971577,31.99
2021-12-28,0.01,80.34,24.88,0.83,4.3,99.8,0.03999999999997158,32.44
2021-12-29,0.16,82.43,25.27,0.82,4.52,99.7,0.17999999999997157,33.88
2021-12-30,1.24,81.9,26.24,0.81,2.39,99.73,1.4099999999999715,32.02
2021-12-31,2.27,80.41,26.5,0.81,1.93,99.77,3.6699999999999715,31.16
2022-01-01,4.03,83.19,26.68,0.8,3.18,99.77,7.539999999999972,33.2
2022-01-02,3.49,84.8,26.42,0.8,4.48,99.68,9.789999999999973,35.69
2022-01-03,17.9,87.43,26.01,0.8,6.25,99.66,25.41999999999997,40.39
2022-01-04,4.02,86.17,26.16,0.81,6.11,99.73,25.409999999999968,39.61
2022-01-05,3.68,86.58,26.1,0.8,5.19,99.75,25.59999999999997,38.73
2022-01-06,3.02,86.73,26.2,0.8,5.56,99.67,10.71999999999997,37.33
2022-01-07,2.88,84.16,26.43,0.8,3.87,99.71,9.579999999999972,34.81
2022-01-08,1.57,85.18,25.84,0.79,4.37,99.75,7.469999999999972,34.42
2022-01-09,3.05,84.14,25.96,0.79,4.77,99.64,7.499999999999972,35.12
2022-01-10,1.6,85.01,25.73,0.78,3.68,99.63,6.219999999999972,34.36
2022-01-11,0.44,84.39,26.15,0.78,4.72,99.62,5.089999999999971,34.57
2022-01-12,1.25,84.18,26.54,0.77,3.75,99.6,3.2899999999999716,33.42
2022-01-13,2.46,82.87,26.98,0.77,3.18,99.56,4.149999999999972,33.03
2022-01-14,0.62,83.0,26.88,0.76,1.81,99.6,4.329999999999972,31.61
2022-01-15,0.76,80.43,27.13,0.76,2.15,99.61,3.8399999999999714,30.54
2022-01-16,6.26,83.16,26.57,0.75,4.72,99.66,7.639999999999971,32.84
2022-01-17,3.28,83.14,26.18,0.75,5.09,99.81,10.29999999999997,32.19
2022-01-18,1.31,82.98,25.99,0.74,5.32,99.81,10.849999999999971,31.91
2022-01-19,0.13,80.27,25.57,0.74,6.0,99.68,4.719999999999971,31.26
2022-01-20,0.0,75.72,24.67,0.73,4.79,99.64,1.4399999999999715,28.07
2022-01-21,0.0,72.19,24.36,0.72,3.24,99.71,0.12999999999997158,24.52
2022-01-22,0.0,67.9,25.2,0.72,1.93,99.6,0.0,22.9
2022-01-23,0.0,77.16,25.42,0.71,1.73,99.59,0.0,26.38
2022-01-24,0.11,77.49,25.34,0.71,2.32,99.53,0.10999999999997158,27.36
2022-01-25,0.34,80.61,24.92,0.7,1.99,99.53,0.4499999999999716,28.13
2022-01-26,0.45,80.7,25.06,0.69,1.95,99.54,0.8999999999999716,27.71
2022-01-27,0.17,76.19,24.76,0.69,3.44,99.52,0.9599999999999717,26.78
2022-01-28,0.28,80.07,25.58,0.68,3.75,99.55,0.8999999999999717,27.91
2022-01-29,1.07,83.41,26.79,0.68,2.54,99.59,1.5199999999999716,28.43
2022-01-30,0.75,80.65,26.93,0.67,2.02,99.61,2.099999999999972,26.48
2022-01-31,4.18,82.84,26.75,0.67,4.2,99.53,5.999999999999972,29.87
2022-02-01,0.09,77.85,25.49,0.66,4.52,99.54,5.019999999999971,27.27
2022-02-02,0.0,73.92,25.04,0.66,3.21,99.6,4.269999999999971,24.27
2022-02-03,0.01,76.15,25.49,0.65,1.88,99.67,0.09999999999997157,22.83
2022-02-04,0.0,73.29,25.78,0.65,2.05,99.54,0.009999999999971578,22.79
2022-02-05,0.1,72.52,26.21,0.64,1.95,99.57,0.10999999999997158,21.75
2022-02-06,0.06,73.36,25.63,0.63,4.03,99.72,0.15999999999997158,21.56
2022-02-07,0.68,80.37,25.55,0.63,5.07,99.74,0.8399999999999717,25.03
2022-02-08,0.01,74.72,25.39,0.62,4.82,99.66,0.7499999999999717,22.73
2022-02-09,0.3,75.4,25.05,0.62,5.41,99.6,0.9899999999999716,23.88
2022-02-10,5.41,83.81,25.71,0.62,2.74,99.49,5.719999999999971,27.67
2022-02-11,5.56,80.87,26.24,0.62,2.62,99.49,11.269999999999971,27.23
2022-02-12,21.58,80.88,26.18,0.62,2.34,99.46,32.54999999999997,30.68
2022-02-13,11.71,88.64,25.19,0.64,2.38,99.42,38.849999999999966,36.16
2022-02-14,1.99,82.77,25.8,0.65,4.85,99.43,35.279999999999966,34.78
2022-02-15,0.02,76.66,25.64,0.64,5.31,99.43,13.719999999999972,28.64
2022-02-16,0.0,76.62,25.29,0.64,5.1,99.31,2.0099999999999714,27.67
2022-02-17,0.0,74.21,25.2,0.63,4.08,99.23,0.01999999999997158,26.04
2022-02-18,4.37,77.27,25.85,0.62,2.39,99.39,4.369999999999972,25.34
2022-02-19,15.02,85.52,26.24,0.64,2.56,99.57,19.389999999999972,30.62
2022-02-20,1.16,85.93,26.37,0.64,3.72,99.54,20.549999999999972,31.85
2022-02-21,0.7,79.9,27.3,0.64,2.0,99.5,16.87999999999997,28.13
2022-02-22,2.07,77.35,26.94,0.63,1.82,99.6,3.9299999999999713,23.65
2022-02-23,43.25,79.04,26.18,0.63,1.81,99.75,46.01999999999997,29.71
2022-02-24,34.01,82.86,26.31,0.67,3.86,99.8,79.32999999999996,38.94
2022-02-25,2.09,80.59,26.15,0.68,4.89,99.75,79.34999999999997,39.39
2022-02-26,5.3,81.78,26.67,0.67,4.14,99.69,41.39999999999997,33.61
2022-02-27,0.42,79.86,26.17,0.67,5.44,99.71,7.809999999999971,28.05
2022-02-28,0.04,79.25,25.76,0.66,4.99,99.7,5.759999999999971,26.89
2022-03-01,0.04,78.26,25.99,0.65,5.89,99.67,0.4999999999999716,25.96
2022-03-02,0.55,81.34,25.7,0.65,6.05,99.58,0.6299999999999717,28.13
2022-03-03,0.54,81.44,26.23,0.64,6.25,99.49,1.1299999999999717,28.69
2022-03-04,2.53,85.28,26.06,0.64,4.77,99.55,3.6199999999999717,29.4
2022-03-05,0.31,83.31,26.34,0.64,4.93,99.53,3.3799999999999715,28.79
2022-03-06,0.01,80.79,26.52,0.64,3.49,99.49,2.8499999999999712,27.19
2022-03-07,4.85,82.78,26.78,0.63,2.28,99.53,5.1699999999999715,26.99
2022-03-08,7.88,80.75,27.13,0.63,3.27,99.54,12.739999999999972,27.77
2022-03-09,0.25,76.26,26.59,0.63,3.87,99.48,12.979999999999972,26.73
2022-03-10,0.97,75.84,26.87,0.63,2.4,99.48,9.099999999999971,25.15
2022-03-11,4.92,78.2,26.67,0.62,2.67,99.43,6.139999999999971,25.82
2022-03-12,7.22,81.07,26.75,0.63,3.91,99.34,13.109999999999971,29.98
2022-03-13,1.76,79.89,26.92,0.62,3.81,99.38,13.89999999999997,28.79
2022-03-14,0.57,77.78,27.31,0.62,3.4,99.42,9.549999999999972,26.66
2022-03-15,0.25,77.01,26.72,0.62,2.73,99.41,2.5799999999999716,24.96
2022-03-16,0.49,80.42,26.84,0.61,2.54,99.38,1.3099999999999716,25.93
2022-03-17,8.85,80.51,27.46,0.61,2.43,99.37,9.589999999999971,27.3
2022-03-18,2.93,79.21,27.09,0.62,3.48,99.38,12.269999999999971,28.07
2022-03-19,2.78,84.1,26.92,0.61,4.67,99.38,14.55999999999997,30.72
2022-03-20,1.5,82.56,27.21,0.61,5.2,99.39,7.2099999999999715,29.12
2022-03-21,0.28,81.31,27.24,0.61,4.43,99.43,4.559999999999971,27.42
2022-03-22,0.15,79.94,27.36,0.6,3.78,99.42,1.9299999999999715,25.74
2022-03-23,0.17,81.0,27.43,0.6,3.1,99.39,0.5999999999999717,25.86
2022-03-24,0.28,78.28,27.25,0.59,3.41,99.39,0.5999999999999717,24.45
2022-03-25,0.49,77.08,27.47,0.59,3.06,99.48,0.9399999999999715,23.05
2022-03-26,2.32,77.49,27.72,0.59,2.97,99.63,3.0899999999999714,22.26
2022-03-27,3.63,77.9,27.78,0.59,2.08,99.64,6.439999999999971,22.39
2022-03-28,3.35,80.13,27.91,0.58,2.38,99.62,9.29999999999997,23.69
2022-03-29,5.45,79.85,27.93,0.58,2.94,99.55,12.429999999999971,24.96
2022-03-30,13.55,83.73,27.24,0.59,3.5,99.54,22.349999999999973,28.97
2022-03-31,3.45,80.86,27.45,0.59,2.9,99.55,22.44999999999997,27.36
2022-04-01,3.5,83.8,27.19,0.59,3.52,99.59,20.49999999999997,28.3
2022-04-02,6.56,83.72,26.98,0.59,2.88,99.68,13.509999999999971,26.07
2022-04-03,4.35,81.28,26.88,0.59,2.57,99.58,14.40999999999997,25.84
2022-04-04,14.54,80.92,27.29,0.6,1.84,99.58,25.44999999999997,27.45
2022-04-05,64.04,86.4,26.38,0.62,2.7,99.74,82.92999999999998,38.77
2022-04-06,61.86,84.31,25.95,0.68,1.74,99.82,140.44,48.26
2022-04-07,17.03,77.77,27.63,0.69,1.62,99.66,142.92999999999998,47.58
2022-04-08,25.69,84.2,26.72,0.71,2.03,99.61,104.57999999999997,45.78
2022-04-09,7.75,83.13,26.56,0.72,3.2,99.54,50.46999999999997,38.47
2022-04-10,38.06,85.13,26.35,0.74,4.05,99.47,71.49999999999997,44.51
2022-04-11,23.07,84.45,26.88,0.76,3.4,99.36,68.87999999999997,45.23
2022-04-12,14.18,86.78,26.88,0.76,2.76,99.33,75.30999999999997,47.14
2022-04-13,6.49,89.12,26.24,0.77,3.22,99.36,43.739999999999974,43.59
2022-04-14,3.36,84.98,26.75,0.77,3.59,99.42,24.029999999999973,38.44
2022-04-15,3.06,85.65,26.99,0.77,3.1,99.41,12.909999999999972,36.79
2022-04-16,1.76,85.61,27.28,0.76,3.57,99.31,8.179999999999971,36.71
2022-04-17,3.45,85.84,27.4,0.76,3.29,99.38,8.269999999999971,36.08
2022-04-18,5.77,87.73,27.19,0.76,3.49,99.5,10.979999999999972,36.41
2022-04-19,11.36,88.08,27.18,0.76,4.15,99.61,20.57999999999997,37.49
2022-04-20,5.18,87.5,27.5,0.77,2.23,99.42,22.309999999999974,38.5
2022-04-21,5.83,87.59,27.45,0.77,2.93,99.36,22.369999999999973,39.43
2022-04-22,18.24,88.11,27.1,0.77,3.38,99.49,29.24999999999997,39.88
2022-04-23,8.29,83.76,26.58,0.78,1.63,99.54,32.35999999999997,37.58
2022-04-24,6.63,79.11,27.76,0.78,1.5,99.37,33.159999999999975,37.1
2022-04-25,12.23,86.11,27.47,0.79,2.07,99.34,27.14999999999997,40.1
2022-04-26,7.28,82.18,28.08,0.79,1.58,99.38,26.139999999999972,37.68
2022-04-27,19.18,83.03,28.05,0.79,1.9,99.33,38.68999999999997,40.6
2022-04-28,14.61,86.5,27.43,0.8,2.92,99.46,41.06999999999997,42.33
2022-04-29,8.41,85.34,27.64,0.81,2.65,99.49,42.199999999999974,42.04
2022-04-30,4.75,86.32,27.73,0.81,3.96,99.38,27.76999999999997,41.82
2022-05-01,8.1,86.73,27.6,0.81,5.77,99.33,21.25999999999997,42.37
2022-05-02,8.18,87.73,28.05,0.81,4.98,99.27,21.029999999999973,42.84
2022-05-03,2.82,88.49,28.15,0.81,3.98,99.32,19.09999999999997,41.9
2022-05-04,4.19,86.52,27.97,0.81,4.12,99.4,15.189999999999971,39.85
2022-05-05,8.98,86.61,27.87,0.81,4.72,99.38,15.989999999999972,40.51
2022-05-06,3.07,80.3,27.21,0.81,4.15,99.36,16.23999999999997,37.73
2022-05-07,2.55,85.93,27.6,0.81,4.35,99.24,14.599999999999971,40.98
2022-05-08,2.11,86.51,28.01,0.8,5.07,99.09,7.729999999999971,41.37
2022-05-09,11.06,87.21,27.96,0.8,6.51,99.1,15.719999999999972,43.61
2022-05-10,8.51,87.61,27.37,0.81,5.87,99.15,21.67999999999997,44.38
2022-05-11,2.73,86.55,27.35,0.81,7.02,99.26,22.299999999999972,43.72
2022-05-12,17.65,87.63,27.42,0.81,7.24,99.36,28.889999999999972,44.49
2022-05-13,13.21,87.13,27.28,0.82,7.81,99.35,33.589999999999975,45.84
2022-05-14,25.24,85.14,27.01,0.82,7.38,99.4,56.09999999999997,47.87
2022-05-15,13.02,85.9,26.97,0.83,6.69,99.48,51.46999999999997,46.85
2022-05-16,6.36,89.22,27.06,0.83,6.57,99.38,44.619999999999976,47.95
2022-05-17,11.81,89.47,27.24,0.83,7.71,99.27,31.189999999999976,47.49
2022-05-18,9.51,89.04,27.21,0.83,8.65,99.36,27.67999999999998,46.51
2022-05-19,9.63,88.73,26.93,0.84,7.78,99.52,30.949999999999978,45.5
2022-05-20,3.36,89.26,26.99,0.83,6.05,99.53,22.499999999999975,42.96
2022-05-21,1.93,87.67,27.0,0.83,6.14,99.49,14.919999999999975,41.48
2022-05-22,1.81,87.11,27.12,0.82,6.59,99.37,7.099999999999975,40.84
2022-05-23,5.8,89.1,27.08,0.82,5.84,99.27,9.539999999999974,42.5
2022-05-24,18.78,89.69,26.97,0.82,6.36,99.47,26.389999999999976,44.0
2022-05-25,9.36,88.97,26.72,0.83,4.92,99.54,33.939999999999976,43.94
2022-05-26,11.74,89.0,26.69,0.83,5.93,99.62,39.879999999999974,44.76
2022-05-27,9.1,86.28,26.77,0.84,5.82,99.59,30.199999999999974,42.7
2022-05-28,8.82,87.65,26.76,0.84,6.46,99.51,29.659999999999975,44.21
2022-05-29,12.68,88.56,26.69,0.84,6.34,99.5,30.599999999999973,44.77
2022-05-30,31.34,88.34,26.69,0.85,6.93,99.44,52.839999999999975,49.41
2022-05-31,18.25,86.71,26.08,0.86,7.04,99.41,62.269999999999975,50.93
2022-06-01,10.32,86.64,26.55,0.86,6.36,99.35,59.909999999999975,50.67
2022-06-02,7.89,86.84,26.76,0.86,6.38,99.35,36.45999999999997,47.08
2022-06-03,5.77,89.69,26.79,0.86,5.79,99.31,23.979999999999976,46.35
2022-06-04,2.25,90.09,26.54,0.86,5.34,99.34,15.909999999999975,44.76
2022-06-05,2.57,88.34,26.54,0.86,6.28,99.34,10.589999999999973,43.69
2022-06-06,3.69,87.87,26.61,0.85,5.89,99.38,8.509999999999975,42.19
2022-06-07,2.81,88.84,26.32,0.85,5.67,99.46,9.069999999999975,41.9
2022-06-08,2.66,88.25,26.53,0.85,5.72,99.44,9.159999999999975,41.86
2022-06-09,2.36,89.82,26.55,0.85,6.19,99.39,7.829999999999975,42.99
2022-06-10,2.87,87.62,26.72,0.84,6.69,99.45,7.889999999999975,41.41
2022-06-11,3.33,88.76,26.03,0.84,4.87,99.55,8.559999999999976,40.18
2022-06-12,3.08,87.76,26.1,0.84,4.8,99.5,9.279999999999976,40.25
2022-06-13,2.55,88.84,25.9,0.84,4.69,99.51,8.959999999999976,40.51
2022-06-14,3.03,85.72,27.01,0.83,4.47,99.44,8.659999999999975,39.19
2022-06-15,4.98,87.95,26.25,0.83,5.72,99.4,10.559999999999976,41.44
2022-06-16,15.09,90.53,25.54,0.83,4.15,99.42,23.099999999999977,43.49
2022-06-17,5.77,89.72,25.7,0.84,4.65,99.4,25.839999999999975,44.44
2022-06-18,9.48,88.63,25.83,0.84,4.87,99.43,30.339999999999975,44.55
2022-06-19,2.19,86.55,26.25,0.84,4.59,99.43,17.439999999999976,41.49
2022-06-20,2.64,87.99,26.58,0.84,4.47,99.35,14.309999999999976,42.21
2022-06-21,1.68,88.14,26.45,0.84,5.19,99.28,6.509999999999975,42.03
2022-06-22,1.72,87.86,26.4,0.83,5.54,99.43,6.039999999999976,40.34
2022-06-23,2.47,85.66,26.43,0.83,5.11,99.51,5.869999999999975,38.48
2022-06-24,3.37,86.11,26.98,0.82,5.83,99.46,7.559999999999976,39.32
2022-06-25,3.78,84.51,26.75,0.82,7.06,99.38,9.619999999999974,40.3
2022-06-26,2.6,85.65,26.87,0.82,5.6,99.37,9.749999999999975,40.1
2022-06-27,0.38,86.46,26.92,0.81,5.08,99.45,6.759999999999975,38.6
2022-06-28,0.82,87.24,26.59,0.81,6.09,99.4,3.799999999999975,39.43
2022-06-29,1.43,86.37,26.82,0.8,6.22,99.32,2.629999999999975,39.2
2022-06-30,1.59,87.87,26.54,0.8,6.81,99.3,3.839999999999975,40.51
2022-07-01,0.57,87.63,26.55,0.79,6.13,99.3,3.589999999999975,39.58
2022-07-02,3.42,87.8,26.61,0.79,6.37,99.23,5.579999999999975,40.68
2022-07-03,8.24,88.56,25.93,0.79,8.44,99.28,12.229999999999976,42.75
2022-07-04,2.73,87.98,25.86,0.79,6.02,99.31,14.389999999999976,41.28
2022-07-05,1.88,88.4,25.73,0.78,5.38,99.34,12.849999999999975,40.19
2022-07-06,1.52,86.72,25.88,0.78,5.53,99.46,6.129999999999975,37.5
2022-07-07,2.18,88.98,25.45,0.78,5.04,99.58,5.579999999999975,37.1
2022-07-08,0.52,87.5,25.64,0.77,5.64,99.5,4.219999999999976,36.83
2022-07-09,0.45,86.96,25.83,0.77,6.63,99.37,3.1499999999999755,38.06
2022-07-10,4.03,84.34,25.94,0.76,5.73,99.46,4.999999999999975,35.58
2022-07-11,1.47,82.11,25.76,0.76,6.4,99.69,5.949999999999976,33.21
2022-07-12,0.13,87.51,25.54,0.76,5.85,99.61,5.629999999999976,35.82
2022-07-13,0.36,85.58,26.19,0.75,7.42,99.46,1.959999999999976,36.12
2022-07-14,1.24,84.21,26.44,0.74,7.3,99.35,1.729999999999976,35.93
2022-07-15,1.07,87.45,26.43,0.74,5.49,99.33,2.669999999999976,36.64
2022-07-16,1.65,89.16,26.35,0.73,5.09,99.4,3.959999999999976,36.34
2022-07-17,2.03,89.04,26.46,0.73,4.01,99.41,4.749999999999975,35.75
2022-07-18,1.56,89.47,26.11,0.73,5.46,99.41,5.239999999999975,36.79
2022-07-19,3.57,85.13,26.56,0.72,4.85,99.38,7.159999999999975,34.75
2022-07-20,9.13,90.06,25.81,0.73,5.59,99.36,14.259999999999977,38.95
2022-07-21,6.51,90.08,25.52,0.73,5.25,99.43,19.209999999999972,38.96
2022-07-22,7.23,88.46,25.67,0.73,6.33,99.45,22.869999999999976,39.27
2022-07-23,4.57,87.3,25.66,0.73,6.42,99.44,18.309999999999974,38.19
2022-07-24,1.45,86.6,26.13,0.73,4.84,99.38,13.249999999999975,36.75
2022-07-25,3.62,89.64,25.73,0.72,3.71,99.38,9.639999999999976,36.44
2022-07-26,8.21,88.82,25.95,0.72,2.97,99.38,13.279999999999976,36.26
2022-07-27,7.05,85.17,26.32,0.73,2.75,99.38,18.879999999999978,35.9
2022-07-28,9.09,82.9,26.14,0.73,2.35,99.43,24.349999999999977,35.16
2022-07-29,2.49,79.79,26.99,0.73,2.08,99.38,18.629999999999974,33.22
2022-07-30,5.84,86.0,25.76,0.73,2.66,99.39,17.419999999999973,35.89
2022-07-31,6.83,89.96,25.44,0.73,4.54,99.26,15.159999999999975,39.32
2022-08-01,28.94,89.85,25.62,0.74,8.12,99.24,41.60999999999998,45.95
2022-08-02,19.02,86.83,25.51,0.75,8.61,99.21,54.78999999999998,47.68
2022-08-03,11.65,88.12,25.77,0.76,8.7,99.26,59.60999999999997,49.04
2022-08-04,11.18,87.74,25.57,0.76,8.88,99.39,41.84999999999997,45.09
2022-08-05,8.28,87.22,25.92,0.76,7.64,99.46,31.109999999999975,41.93
2022-08-06,2.27,85.38,25.9,0.76,5.67,99.43,21.729999999999972,38.86
2022-08-07,1.45,90.18,25.52,0.76,6.0,99.39,11.999999999999975,39.88
2022-08-08,1.34,92.16,25.62,0.76,5.96,99.37,5.059999999999976,39.78
2022-08-09,0.57,91.14,25.68,0.76,5.35,99.36,3.359999999999975,38.84
2022-08-10,0.01,87.69,25.98,0.75,4.74,99.34,1.919999999999975,36.56
2022-08-11,0.01,87.37,26.17,0.74,4.61,99.4,0.5899999999999751,35.22
2022-08-12,0.04,87.42,26.28,0.74,4.29,99.45,0.05999999999997513,34.57
2022-08-13,0.06,86.73,26.35,0.73,3.89,99.41,0.10999999999997512,33.98
2022-08-14,0.45,88.43,25.99,0.73,3.76,99.44,0.5499999999999752,34.44
2022-08-15,0.75,88.64,26.02,0.72,3.32,99.5,1.2599999999999751,33.48
2022-08-16,0.58,86.78,26.28,0.72,4.56,99.48,1.779999999999975,33.61
2022-08-17,0.89,85.1,26.2,0.71,4.46,99.57,2.219999999999975,31.74
2022-08-18,1.99,86.72,26.15,0.71,4.8,99.48,3.459999999999975,33.56
2022-08-19,1.5,87.92,26.21,0.7,5.52,99.47,4.379999999999975,34.26
2022-08-20,1.2,87.55,26.14,0.7,5.41,99.48,4.6899999999999755,34.01
2022-08-21,2.5,87.24,26.13,0.69,5.93,99.49,5.199999999999975,33.73
2022-08-22,7.91,87.86,25.93,0.69,7.33,99.49,11.609999999999975,35.76
2022-08-23,3.84,87.14,25.77,0.69,7.02,99.5,14.249999999999975,35.61
2022-08-24,1.46,88.82,25.47,0.69,5.78,99.55,13.209999999999976,35.07
2022-08-25,3.49,88.0,25.47,0.69,5.44,99.38,8.789999999999974,35.27
2022-08-26,10.38,89.31,24.91,0.69,6.76,99.35,15.329999999999977,37.82
2022-08-27,6.79,87.33,24.45,0.7,5.89,99.42,20.659999999999975,37.19
2022-08-28,1.9,84.67,25.4,0.69,5.49,99.35,19.06999999999998,35.76
2022-08-29,1.83,85.71,25.55,0.69,5.21,99.36,10.519999999999975,34.62
2022-08-30,30.14,88.59,25.74,0.69,4.59,99.3,33.869999999999976,39.67
2022-08-31,49.78,89.93,24.7,0.73,6.8,99.34,81.74999999999997,50.31
2022-09-01,10.95,88.72,25.29,0.75,6.49,99.43,90.86999999999998,51.15
2022-09-02,4.19,86.23,25.83,0.75,5.4,99.53,64.91999999999997,44.6
2022-09-03,3.27,89.82,25.64,0.75,4.76,99.51,18.40999999999998,38.64
2022-09-04,7.09,92.27,25.67,0.75,4.86,99.45,14.54999999999998,39.63
2022-09-05,37.98,92.49,25.81,0.77,6.08,99.39,48.339999999999975,47.04
2022-09-06,7.37,90.27,25.57,0.78,6.11,99.47,52.439999999999976,46.51
2022-09-07,2.1,88.41,25.49,0.78,6.31,99.53,47.449999999999974,44.54
2022-09-08,0.42,85.41,25.57,0.77,5.09,99.55,9.88999999999998,36.12
2022-09-09,0.26,89.13,25.82,0.77,5.72,99.51,2.779999999999979,37.26
2022-09-10,1.0,88.66,25.94,0.76,6.08,99.55,1.6799999999999786,36.32
2022-09-11,0.88,88.5,25.99,0.76,5.65,99.52,2.139999999999979,36.34
2022-09-12,0.37,87.82,25.76,0.75,4.76,99.49,2.2499999999999787,35.42
2022-09-13,0.11,86.27,25.89,0.75,4.31,99.61,1.3599999999999788,33.37
2022-09-14,0.13,86.58,25.8,0.74,4.92,99.78,0.6099999999999787,31.87
2022-09-15,0.07,86.5,25.85,0.73,4.23,99.79,0.3099999999999787,30.9
2022-09-16,0.06,86.22,25.9,0.73,4.41,99.6,0.2599999999999787,32.47
2022-09-17,0.03,83.48,26.14,0.72,4.78,99.6,0.1599999999999787,31.07
2022-09-18,0.07,83.79,26.35,0.71,4.9,99.62,0.1599999999999787,30.68
2022-09-19,0.7,83.79,26.48,0.71,5.21,99.6,0.7999999999999786,31.11
2022-09-20,0.25,85.16,26.65,0.7,5.15,99.58,1.0199999999999787,31.44
2022-09-21,0.6,87.11,26.15,0.7,4.64,99.54,1.5499999999999785,32.41
2022-09-22,0.29,83.15,26.57,0.69,5.0,99.58,1.1399999999999786,30.1
2022-09-23,0.22,81.61,26.42,0.69,4.87,99.61,1.1099999999999786,29.12
2022-09-24,0.17,85.61,25.97,0.68,4.0,99.53,0.6799999999999786,30.53
2022-09-25,1.55,84.91,26.46,0.68,3.72,99.38,1.9399999999999786,31.54
2022-09-26,1.64,86.43,26.34,0.68,4.24,99.46,3.3599999999999786,32.01
2022-09-27,0.71,84.04,26.65,0.67,5.48,99.43,3.8999999999999786,31.58
2022-09-28,2.53,84.58,26.4,0.67,6.2,99.4,4.879999999999978,32.61
2022-09-29,3.69,85.36,26.36,0.67,5.77,99.42,6.929999999999978,32.86
2022-09-30,7.85,86.31,26.03,0.67,7.31,99.56,14.069999999999979,34.04
2022-10-01,9.65,85.17,26.23,0.67,6.7,99.56,21.189999999999976,34.35
2022-10-02,7.39,87.56,25.9,0.67,7.07,99.48,24.88999999999998,36.81
2022-10-03,8.24,83.69,25.89,0.67,7.26,99.43,25.279999999999976,35.75
2022-10-04,3.9,85.96,26.19,0.67,6.32,99.36,19.529999999999976,35.89
2022-10-05,2.65,85.55,25.63,0.67,6.03,99.42,14.789999999999974,34.31
2022-10-06,0.79,84.87,26.1,0.67,5.45,99.39,7.339999999999977,32.8
2022-10-07,0.79,84.33,26.26,0.67,5.09,99.43,4.229999999999977,31.55
2022-10-08,1.9,84.31,26.08,0.66,4.02,99.45,3.479999999999977,30.25
2022-10-09,4.7,86.24,25.93,0.66,3.58,99.49,7.3899999999999775,31.11
2022-10-10,2.47,87.22,25.97,0.66,3.08,99.6,9.069999999999977,30.6
2022-10-11,2.56,82.2,26.95,0.66,4.02,99.57,9.729999999999976,29.33
2022-10-12,9.9,85.84,26.44,0.66,4.75,99.54,14.929999999999978,32.34
2022-10-13,28.32,89.96,25.62,0.67,4.82,99.55,40.77999999999998,38.52
2022-10-14,34.64,89.45,25.76,0.7,5.59,99.49,72.85999999999999,45.53
2022-10-15,21.86,88.96,25.46,0.73,3.97,99.46,84.81999999999998,47.85
2022-10-16,19.99,85.53,26.02,0.73,4.6,99.64,76.48999999999998,43.91
2022-10-17,13.58,87.92,25.7,0.74,4.69,99.8,55.42999999999998,40.75
2022-10-18,18.65,86.95,25.64,0.76,5.24,99.78,52.21999999999998,41.15
2022-10-19,13.44,87.62,25.91,0.77,5.3,99.68,45.66999999999997,41.7
2022-10-20,15.41,87.05,25.87,0.77,5.6,99.7,47.49999999999998,41.74
2022-10-21,24.74,89.48,25.27,0.79,4.36,99.78,53.589999999999975,43.23
2022-10-22,21.04,89.44,25.14,0.79,3.21,99.82,61.189999999999976,43.45
2022-10-23,16.73,89.55,25.42,0.81,4.29,99.78,62.50999999999998,45.47
2022-10-24,11.05,89.55,25.48,0.81,4.49,99.69,48.81999999999998,44.18
2022-10-25,5.38,88.51,26.02,0.81,3.62,99.65,33.15999999999998,41.15
2022-10-26,6.15,87.04,26.37,0.81,2.7,99.68,22.57999999999998,38.11
2022-10-27,1.38,78.24,26.41,0.81,3.69,99.63,12.909999999999979,33.82
2022-10-28,0.01,77.81,26.24,0.8,3.52,99.54,7.539999999999979,33.03
2022-10-29,2.85,77.93,26.39,0.79,2.88,99.45,4.239999999999979,32.55
2022-10-30,10.57,82.41,26.56,0.79,3.35,99.45,13.429999999999978,36.15
2022-10-31,12.24,88.23,26.34,0.79,5.98,99.42,25.65999999999998,42.21
2022-11-01,20.92,91.53,25.51,0.8,5.77,99.6,43.729999999999976,45.24
2022-11-02,11.76,87.72,25.31,0.81,2.36,99.65,44.91999999999998,41.98
2022-11-03,11.87,85.86,25.91,0.81,3.02,99.6,44.549999999999976,41.91
2022-11-04,9.33,86.47,25.69,0.82,2.37,99.72,32.95999999999998,39.41
2022-11-05,38.75,89.38,24.75,0.83,3.18,99.83,59.94999999999998,44.82
2022-11-06,19.25,85.39,26.43,0.86,2.7,99.71,67.32999999999998,46.3
2022-11-07,6.27,82.3,26.33,0.86,3.51,99.69,64.26999999999998,45.12
2022-11-08,22.87,88.63,26.01,0.86,5.1,99.58,48.38999999999998,47.09
2022-11-09,3.99,87.59,25.83,0.87,4.3,99.6,33.12999999999998,44.08
2022-11-10,1.78,84.8,25.89,0.86,3.82,99.54,28.63999999999998,42.01
2022-11-11,20.09,86.87,25.38,0.87,3.92,99.54,25.859999999999978,42.93
2022-11-12,3.97,87.86,25.36,0.87,3.22,99.63,25.839999999999975,42.21
2022-11-13,16.66,83.8,25.81,0.87,1.56,99.64,40.71999999999998,41.85
2022-11-14,41.16,86.69,25.58,0.88,3.14,99.7,61.78999999999998,47.15
2022-11-15,20.34,83.32,25.83,0.91,3.18,99.71,78.15999999999998,49.5
2022-11-16,4.6,84.7,25.7,0.9,3.29,99.61,66.09999999999998,48.67
2022-11-17,0.68,81.16,25.04,0.9,4.89,99.59,25.619999999999987,41.85
2022-11-18,0.0,79.93,25.15,0.89,4.98,99.6,5.279999999999985,37.67
2022-11-19,0.1,85.07,25.17,0.89,4.93,99.56,0.7799999999999858,39.45
2022-11-20,0.45,84.72,25.33,0.88,4.8,99.44,0.5499999999999858,39.78
2022-11-21,0.47,80.89,25.23,0.87,2.75,99.54,1.0199999999999858,35.86
2022-11-22,0.35,80.16,26.09,0.87,1.85,99.56,1.2699999999999858,34.94
2022-11-23,0.01,79.75,26.16,0.86,3.21,99.63,0.8299999999999857,34.42
2022-11-24,0.04,80.03,26.31,0.86,2.62,99.64,0.39999999999998576,34.07
2022-11-25,0.05,77.09,25.95,0.85,2.0,99.68,0.0999999999999858,31.68
2022-11-26,2.12,76.37,26.41,0.84,2.05,99.59,2.2099999999999858,32.07
2022-11-27,5.84,74.03,27.04,0.84,1.81,99.45,8.009999999999986,33.03
2022-11-28,6.27,80.98,26.6,0.84,2.33,99.44,14.229999999999986,37.32
2022-11-29,2.75,79.82,26.28,0.83,3.59,99.51,14.859999999999985,36.6
2022-11-30,0.98,80.83,25.84,0.83,3.76,99.55,9.999999999999984,36.02
2022-12-01,1.66,75.04,27.3,0.82,2.17,99.5,5.3899999999999855,31.97
2022-12-02,12.69,75.67,26.62,0.82,0.87,99.5,15.329999999999984,33.1
2022-12-03,17.54,75.99,26.31,0.83,2.37,99.5,31.889999999999983,37.07
2022-12-04,29.44,82.35,26.06,0.84,2.23,99.54,59.66999999999999,44.14
2022-12-05,9.5,80.9,26.43,0.85,2.3,99.61,56.47999999999999,42.9
2022-12-06,1.8,85.33,25.78,0.85,3.17,99.56,40.73999999999999,43.19
2022-12-07,0.35,84.3,24.74,0.85,5.36,99.5,11.649999999999986,39.88
2022-12-08,1.2,84.55,24.72,0.85,6.12,99.45,3.349999999999986,39.51
2022-12-09,6.94,79.22,25.29,0.85,6.23,99.37,8.489999999999986,38.79
2022-12-10,14.43,85.01,25.91,0.85,5.1,99.36,22.569999999999986,42.93
2022-12-11,15.46,84.25,26.06,0.86,4.65,99.56,36.829999999999984,43.35
2022-12-12,2.04,82.11,26.37,0.86,3.89,99.58,31.929999999999986,41.09
2022-12-13,1.24,82.98,25.87,0.85,2.57,99.67,18.739999999999988,37.5
2022-12-14,1.96,78.35,26.28,0.85,1.48,99.65,5.239999999999986,32.99
2022-12-15,2.67,81.04,25.88,0.84,3.27,99.54,5.869999999999986,35.7
2022-12-16,0.99,83.02,25.37,0.84,4.63,99.46,5.619999999999986,37.91
2022-12-17,2.22,85.74,25.07,0.83,5.9,99.47,5.879999999999986,39.28
2022-12-18,7.72,86.29,25.36,0.83,6.2,99.38,10.929999999999986,41.22
2022-12-19,14.8,89.77,24.93,0.83,5.71,99.29,24.739999999999988,45.36
2022-12-20,6.41,89.37,25.47,0.84,4.58,99.25,28.929999999999986,45.99
2022-12-21,10.28,90.81,25.19,0.84,6.53,99.26,31.489999999999988,47.98
2022-12-22,2.85,88.99,25.29,0.84,5.25,99.35,19.539999999999985,43.88
2022-12-23,5.34,88.53,25.87,0.84,5.92,99.39,18.469999999999985,43.54
2022-12-24,13.59,88.74,25.82,0.84,5.53,99.46,21.779999999999987,43.35
2022-12-25,63.44,91.89,25.64,0.85,6.78,99.38,82.36999999999998,55.97
2022-12-26,8.08,91.52,25.26,0.88,5.95,99.57,85.10999999999999,55.47
2022-12-27,1.4,82.35,25.84,0.88,2.23,99.83,72.91999999999999,45.48
2022-12-28,2.74,83.83,26.02,0.88,2.28,99.89,12.219999999999986,36.1
2022-12-29,0.22,84.15,25.05,0.87,4.27,100.0,4.359999999999986,34.73
2022-12-30,0.01,83.36,24.52,0.87,4.78,100.08,2.969999999999986,33.78
2022-12-31,0.0,83.03,24.38,0.86,4.93,100.06,0.2299999999999858,33.04
2023-01-01,0.0,84.02,24.43,0.85,5.19,99.99,0.00999999999998579,33.73
2023-01-02,0.0,82.0,24.39,0.84,4.72,99.93,0.0,32.69
2023-01-03,0.01,80.6,24.44,0.84,5.08,99.95,0.00999999999998579,32.13
2023-01-04,0.1,80.96,24.7,0.83,5.66,99.83,0.10999999999998579,33.2
2023-01-05,0.69,86.07,25.26,0.82,5.32,99.76,0.7999999999999857,35.45
2023-01-06,5.38,89.12,25.35,0.82,5.32,99.84,6.169999999999986,36.91
2023-01-07,11.17,88.98,25.41,0.82,5.71,99.8,17.239999999999988,39.14
2023-01-08,3.37,85.78,25.33,0.82,6.81,99.75,19.919999999999984,39.22
2023-01-09,0.36,83.05,25.08,0.82,6.29,99.89,14.899999999999986,35.82
2023-01-10,0.01,80.38,24.34,0.81,6.53,99.87,3.739999999999986,32.81
2023-01-11,0.0,77.64,23.43,0.8,5.62,99.76,0.3699999999999858,31.12
2023-01-12,0.0,77.63,23.29,0.79,4.88,99.68,0.00999999999998579,30.91
2023-01-13,0.0,78.23,24.05,0.79,4.59,99.69,0.0,30.92
2023-01-14,0.18,80.47,24.62,0.78,4.54,99.7,0.17999999999998578,31.37
2023-01-15,2.5,83.28,25.21,0.77,3.15,99.62,2.679999999999986,32.45
2023-01-16,19.56,86.21,25.64,0.77,3.37,99.61,22.239999999999984,36.96
2023-01-17,6.57,82.87,25.75,0.78,3.0,99.7,28.629999999999985,36.02
2023-01-18,0.24,81.11,24.77,0.78,5.48,99.8,26.369999999999983,35.42
2023-01-19,0.0,79.52,23.65,0.78,5.7,99.8,6.809999999999986,31.79
2023-01-20,0.04,80.31,23.74,0.77,4.94,99.76,0.27999999999998576,30.6
2023-01-21,0.41,82.0,24.21,0.76,6.63,99.68,0.44999999999998574,32.51
2023-01-22,2.78,85.81,24.6,0.76,6.21,99.63,3.2299999999999853,34.75
2023-01-23,3.39,85.35,25.23,0.76,4.07,99.56,6.579999999999986,34.52
2023-01-24,19.24,80.63,25.5,0.76,2.73,99.63,25.409999999999982,34.16
2023-01-25,3.49,81.64,25.31,0.77,4.29,99.61,26.119999999999983,36.13
2023-01-26,2.6,81.8,25.25,0.76,4.31,99.6,25.329999999999988,35.75
2023-01-27,1.53,84.55,25.0,0.76,4.99,99.57,7.6199999999999894,34.75
2023-01-28,0.26,78.99,24.6,0.75,5.57,99.55,4.38999999999999,31.95
2023-01-29,0.05,82.6,24.75,0.74,5.03,99.44,1.8399999999999894,33.29
2023-01-30,3.04,85.95,24.67,0.74,4.37,99.5,3.3499999999999894,34.08
2023-01-31,3.48,86.99,24.42,0.74,6.68,99.46,6.56999999999999,36.61
2023-02-01,3.87,90.62,24.88,0.74,6.16,99.44,10.38999999999999,38.64
2023-02-02,9.86,88.04,25.72,0.74,4.81,99.38,17.20999999999999,38.39
2023-02-03,11.89,87.19,25.77,0.74,4.86,99.42,25.61999999999999,39.04
2023-02-04,6.11,86.93,25.72,0.75,4.53,99.44,27.85999999999999,39.36
2023-02-05,1.04,83.39,25.82,0.74,5.65,99.47,19.039999999999992,36.4
2023-02-06,1.89,86.52,25.16,0.74,5.45,99.5,9.039999999999992,35.8
2023-02-07,1.79,85.88,25.83,0.74,5.05,99.51,4.719999999999991,34.55
2023-02-08,0.33,83.33,25.92,0.73,4.3,99.54,4.009999999999991,32.28
2023-02-09,0.71,81.7,25.86,0.72,4.18,99.63,2.829999999999991,30.16
2023-02-10,1.01,82.62,25.27,0.72,4.52,99.71,2.049999999999991,29.94
2023-02-11,1.18,78.76,24.57,0.71,4.17,99.78,2.899999999999991,27.24
2023-02-12,3.19,77.68,25.06,0.71,4.07,99.77,5.379999999999991,27.2
2023-02-13,0.22,79.09,24.98,0.71,4.43,99.73,4.589999999999991,28.2
2023-02-14,0.39,80.05,24.84,0.7,4.73,99.71,3.799999999999991,28.39
2023-02-15,0.02,76.27,23.95,0.69,5.75,99.59,0.6299999999999911,27.43
2023-02-16,0.0,77.95,23.9,0.68,5.3,99.62,0.40999999999999115,27.18
2023-02-17,0.0,79.66,24.69,0.68,4.6,99.65,0.01999999999999112,27.22
2023-02-18,1.67,82.29,25.98,0.67,4.59,99.68,1.669999999999991,27.91
2023-02-19,16.23,84.72,26.1,0.67,4.01,99.69,17.89999999999999,31.09
2023-02-20,15.78,84.06,26.05,0.68,4.16,99.71,33.67999999999999,33.63
2023-02-21,1.4,82.18,25.71,0.69,4.54,99.76,33.40999999999999,33.0
2023-02-22,0.08,74.67,25.64,0.68,3.48,99.73,17.25999999999999,26.53
2023-02-23,0.16,75.49,25.92,0.67,2.6,99.71,1.6399999999999928,23.7
2023-02-24,5.74,78.1,26.12,0.67,3.01,99.75,5.979999999999993,25.37
2023-02-25,2.88,77.9,26.17,0.67,4.27,99.89,8.779999999999994,25.23
2023-02-26,0.22,75.74,24.74,0.66,5.19,99.97,8.839999999999993,23.73
2023-02-27,1.25,76.96,25.12,0.66,5.18,99.93,4.3499999999999925,23.87
2023-02-28,6.16,83.2,26.49,0.65,5.06,99.82,7.629999999999993,27.47
2023-03-01,1.19,80.95,26.49,0.65,3.94,99.86,8.599999999999993,25.72
2023-03-02,0.18,77.42,26.43,0.65,3.72,99.97,7.529999999999993,23.02
2023-03-03,0.25,76.85,26.31,0.64,4.65,99.99,1.6199999999999928,21.76
2023-03-04,4.48,80.46,26.41,0.64,4.14,99.96,4.909999999999993,23.78
2023-03-05,2.04,80.27,26.7,0.63,3.52,99.9,6.769999999999993,23.74
2023-03-06,4.21,81.17,26.48,0.63,3.45,99.81,10.729999999999993,25.46
2023-03-07,4.79,80.09,26.78,0.63,3.59,99.73,11.039999999999992,25.8
2023-03-08,0.54,78.65,26.61,0.63,4.37,99.7,9.539999999999994,25.62
2023-03-09,0.45,78.35,26.94,0.62,4.32,99.66,5.779999999999993,24.79
2023-03-10,0.3,78.97,26.52,0.62,2.69,99.68,1.289999999999993,23.3
2023-03-11,8.4,80.4,26.91,0.62,3.13,99.65,9.149999999999993,25.63
2023-03-12,5.17,80.86,27.12,0.63,4.12,99.62,13.869999999999994,27.78
2023-03-13,10.66,81.02,26.69,0.63,2.86,99.56,24.229999999999993,29.29
2023-03-14,2.59,76.98,27.33,0.63,1.74,99.5,18.419999999999995,26.57
2023-03-15,4.27,78.77,27.47,0.63,1.47,99.48,17.519999999999992,27.21
2023-03-16,8.45,81.2,27.46,0.63,1.63,99.53,15.309999999999992,27.56
2023-03-17,1.55,76.28,27.07,0.63,1.14,99.53,14.269999999999992,25.04
2023-03-18,9.67,76.75,27.29,0.63,1.8,99.52,19.669999999999995,26.53
2023-03-19,10.36,81.71,27.38,0.64,2.9,99.47,21.57999999999999,30.37
2023-03-20,4.95,83.92,26.77,0.64,2.88,99.49,24.979999999999993,31.66
2023-03-21,2.13,79.21,27.48,0.64,1.82,99.45,17.43999999999999,28.25
2023-03-22,7.0,84.82,26.88,0.64,3.3,99.52,14.079999999999993,30.31
2023-03-23,3.98,80.67,27.08,0.64,2.89,99.54,13.109999999999992,28.01
2023-03-24,28.12,81.52,27.33,0.65,2.72,99.53,39.099999999999994,32.86
2023-03-25,1.74,77.63,27.73,0.66,1.66,99.59,33.839999999999996,29.74
2023-03-26,1.1,76.12,27.62,0.65,1.93,99.57,30.959999999999994,28.53
2023-03-27,1.8,78.19,27.75,0.65,1.76,99.53,4.6399999999999935,25.52
2023-03-28,1.66,79.7,27.65,0.64,1.91,99.55,4.5599999999999925,25.64
2023-03-29,3.01,80.84,27.68,0.64,2.6,99.62,6.469999999999993,26.21
2023-03-30,6.21,81.3,27.41,0.64,1.74,99.57,10.879999999999992,27.05
2023-03-31,2.07,80.19,27.73,0.64,1.71,99.51,11.289999999999992,27.13
2023-04-01,3.46,80.65,27.48,0.63,2.44,99.54,11.739999999999993,27.12
2023-04-02,6.55,82.88,27.46,0.63,2.64,99.49,12.079999999999991,28.64
2023-04-03,5.05,82.94,27.31,0.63,2.76,99.49,15.059999999999992,29.2
2023-04-04,21.27,84.74,26.62,0.64,2.88,99.58,32.86999999999999,32.49
2023-04-05,6.8,82.62,27.01,0.65,2.29,99.54,33.11999999999999,32.07
2023-04-06,5.4,81.68,27.24,0.65,2.03,99.57,33.46999999999999,31.34
2023-04-07,7.24,70.56,28.57,0.65,1.38,99.64,19.439999999999994,23.48
2023-04-08,16.93,75.23,27.85,0.66,2.08,99.81,29.569999999999993,26.43
2023-04-09,3.52,71.46,28.28,0.66,1.83,99.76,27.689999999999994,24.82
2023-04-10,1.15,74.02,28.1,0.65,2.2,99.62,21.599999999999994,25.9
2023-04-11,0.15,72.41,28.0,0.65,1.99,99.64,4.819999999999993,22.3
2023-04-12,0.04,73.3,28.04,0.64,2.05,99.63,1.3399999999999928,21.83
2023-04-13,1.99,76.06,28.39,0.64,1.35,99.6,2.1799999999999926,23.0
2023-04-14,3.77,83.72,27.75,0.64,2.22,99.65,5.799999999999994,26.87
2023-04-15,6.39,81.86,27.99,0.64,2.36,99.59,12.149999999999991,27.65
2023-04-16,5.35,82.88,27.28,0.64,1.84,99.47,15.509999999999991,29.34
2023-04-17,0.31,79.66,27.93,0.64,2.07,99.5,12.049999999999992,27.31
2023-04-18,0.19,77.79,28.41,0.63,1.58,99.57,5.8499999999999925,24.26
2023-04-19,0.23,81.43,28.03,0.63,2.69,99.44,0.7299999999999929,26.69
2023-04-20,1.07,82.08,27.97,0.62,3.65,99.3,1.4899999999999929,28.36
2023-04-21,5.76,80.33,28.37,0.62,3.56,99.25,7.0599999999999925,28.86
2023-04-22,5.11,82.42,27.99,0.62,2.84,99.27,11.939999999999992,29.96
2023-04-23,3.38,83.95,28.31,0.62,2.12,99.26,14.249999999999993,30.66
2023-04-24,6.39,84.57,28.08,0.62,1.88,99.37,14.879999999999994,29.97
2023-04-25,12.51,86.58,27.21,0.63,2.24,99.47,22.279999999999994,31.77
2023-04-26,21.86,75.01,27.73,0.65,1.43,99.47,40.75999999999999,30.17
2023-04-27,9.98,75.58,28.37,0.66,2.14,99.42,44.349999999999994,32.2
2023-04-28,14.49,78.0,28.0,0.66,2.01,99.46,46.33,33.13
2023-04-29,32.27,80.88,27.95,0.68,1.69,99.43,56.74,36.91
2023-04-30,10.99,79.94,28.4,0.7,2.88,99.34,57.75000000000001,38.92
2023-05-01,36.8,85.75,27.39,0.72,3.76,99.37,80.06,45.96
2023-05-02,8.52,83.2,27.8,0.74,3.55,99.5,56.31,40.79
2023-05-03,13.94,85.12,27.29,0.74,4.48,99.57,59.26,41.98
2023-05-04,38.15,85.32,26.5,0.76,4.25,99.53,60.61,43.34
2023-05-05,30.86,85.17,26.13,0.79,4.75,99.45,82.95,48.99
2023-05-06,5.49,83.61,27.02,0.8,4.5,99.42,74.5,47.54
2023-05-07,14.67,81.2,27.24,0.81,4.79,99.38,51.019999999999996,43.75
2023-05-08,5.07,82.46,27.23,0.81,3.68,99.37,25.23,39.72
2023-05-09,13.04,81.73,27.22,0.81,3.51,99.45,32.78,39.83
2023-05-10,10.46,82.82,27.14,0.81,3.88,99.39,28.57,40.34
2023-05-11,3.18,83.83,27.56,0.81,5.52,99.53,26.68,40.18
2023-05-12,7.44,84.32,27.91,0.81,6.71,99.59,21.080000000000002,39.65
2023-05-13,5.19,86.51,27.74,0.81,6.74,99.6,15.810000000000002,39.68
2023-05-14,3.8,86.27,28.08,0.81,6.44,99.51,16.43,40.27
2023-05-15,2.19,88.29,28.11,0.81,5.6,99.5,11.18,39.93
2023-05-16,1.75,87.35,28.19,0.8,3.54,99.57,7.74,36.87
2023-05-17,3.33,85.84,28.19,0.8,3.88,99.6,7.27,36.09
2023-05-18,5.34,83.58,27.9,0.8,4.27,99.71,10.42,34.91
2023-05-19,4.9,88.0,27.17,0.8,4.73,99.68,13.57,37.78
2023-05-20,5.45,88.25,27.35,0.8,4.64,99.61,15.690000000000001,38.76
2023-05-21,4.71,88.36,27.31,0.8,4.84,99.66,15.06,38.39
2023-05-22,1.37,87.11,27.44,0.79,4.68,99.72,11.530000000000001,36.3
2023-05-23,2.06,86.03,27.15,0.79,3.66,99.76,8.14,34.42
2023-05-24,0.57,87.21,26.99,0.78,3.96,99.76,4.0,34.01
2023-05-25,0.25,88.39,27.18,0.78,4.45,99.78,2.88,34.43
2023-05-26,0.69,86.63,27.75,0.77,5.0,99.76,1.5099999999999998,33.51
2023-05-27,1.15,85.05,27.91,0.77,4.88,99.59,2.09,34.29
2023-05-28,0.83,84.27,28.3,0.76,4.54,99.44,2.67,34.71
2023-05-29,1.93,85.59,28.13,0.76,3.59,99.48,3.9099999999999997,34.61
2023-05-30,10.27,88.27,27.57,0.76,3.85,99.56,13.03,36.65
2023-05-31,5.77,83.57,27.51,0.76,4.19,99.6,17.97,35.28
2023-06-01,12.56,84.77,27.53,0.76,5.97,99.57,28.6,38.67
2023-06-02,8.23,87.77,27.64,0.77,5.9,99.55,26.560000000000002,40.18
2023-06-03,2.6,86.2,27.33,0.76,6.14,99.57,23.39,38.55
2023-06-04,2.65,84.4,27.42,0.76,6.47,99.59,13.48,36.24
2023-06-05,6.51,84.99,27.57,0.76,6.6,99.54,11.76,36.71
2023-06-06,4.82,86.18,27.53,0.76,5.87,99.5,13.98,37.51
2023-06-07,6.02,84.11,27.57,0.76,7.62,99.52,17.35,37.94
2023-06-08,5.18,84.12,27.48,0.75,6.79,99.54,16.02,36.69
2023-06-09,4.09,86.49,27.58,0.75,6.31,99.44,15.29,38.16
2023-06-10,4.81,86.42,27.49,0.75,5.86,99.4,14.079999999999998,38.03
2023-06-11,5.14,87.09,27.45,0.75,5.76,99.38,14.04,38.43
2023-06-12,9.1,87.74,27.62,0.75,6.22,99.39,19.049999999999997,39.65
2023-06-13,13.81,90.2,27.24,0.76,6.21,99.45,28.05,42.02
2023-06-14,4.56,84.33,27.24,0.76,5.0,99.58,27.47,37.7
2023-06-15,1.56,90.56,27.26,0.76,4.78,99.49,19.93,39.79
2023-06-16,1.54,85.8,27.71,0.76,6.29,99.5,7.66,36.58
2023-06-17,1.77,87.36,27.09,0.75,6.43,99.55,4.87,36.04
2023-06-18,3.4,85.94,27.09,0.75,6.56,99.53,6.71,35.96
2023-06-19,1.74,88.23,26.98,0.75,5.24,99.41,6.91,37.26
2023-06-20,2.22,86.11,27.21,0.74,5.36,99.37,7.36,36.41
2023-06-21,2.2,85.37,27.35,0.74,5.53,99.44,6.16,35.41
2023-06-22,3.63,86.46,27.48,0.74,4.72,99.43,8.05,35.81
2023-06-23,2.74,87.52,27.37,0.73,5.91,99.45,8.57,36.4
2023-06-24,3.75,87.67,27.15,0.73,5.23,99.45,10.120000000000001,36.34
2023-06-25,6.13,88.52,26.77,0.73,6.74,99.45,12.620000000000001,37.9
2023-06-26,5.81,86.0,26.43,0.73,6.31,99.5,15.69,36.67
2023-06-27,6.48,86.35,26.56,0.74,6.0,99.56,18.42,37.0
2023-06-28,5.64,87.83,26.79,0.74,4.83,99.63,17.93,36.33
2023-06-29,11.26,88.07,26.54,0.74,5.22,99.68,23.380000000000003,37.07
2023-06-30,10.03,89.95,26.75,0.75,5.04,99.64,26.93,39.09
2023-07-01,4.65,89.33,26.82,0.75,4.8,99.64,25.939999999999998,38.54
2023-07-02,11.8,87.8,26.49,0.75,5.44,99.66,26.480000000000004,38.16
2023-07-03,4.01,86.95,25.74,0.75,6.51,99.66,20.46,37.43
2023-07-04,15.66,86.7,26.39,0.75,7.38,99.51,31.470000000000002,40.78
2023-07-05,15.67,87.6,26.18,0.77,6.76,99.46,35.34,42.7
2023-07-06,2.46,87.8,26.24,0.77,5.25,99.54,33.790000000000006,41.06
2023-07-07,5.35,88.36,26.12,0.76,4.37,99.67,23.48,37.68
2023-07-08,2.47,87.22,26.37,0.76,4.52,99.69,10.280000000000001,35.04
2023-07-09,0.51,84.0,27.0,0.76,2.9,99.5,8.330000000000002,34.09
2023-07-10,2.42,89.28,26.41,0.75,4.57,99.48,5.400000000000002,36.52
2023-07-11,1.09,88.38,26.55,0.75,4.02,99.5,4.020000000000002,35.45
2023-07-12,0.89,89.42,26.72,0.75,4.36,99.51,4.400000000000002,36.05
2023-07-13,2.62,87.41,26.81,0.74,5.13,99.59,4.600000000000002,34.55
2023-07-14,0.9,85.1,26.6,0.74,5.3,99.66,4.410000000000003,33.05
2023-07-15,1.48,86.98,26.64,0.73,4.62,99.62,5.000000000000002,33.48
2023-07-16,1.24,88.3,26.81,0.73,5.37,99.54,3.620000000000002,34.9
2023-07-17,0.58,89.05,26.96,0.72,5.5,99.53,3.300000000000002,34.9
2023-07-18,1.95,89.48,26.87,0.72,6.78,99.58,3.7700000000000022,35.43
2023-07-19,3.48,87.73,26.93,0.72,6.83,99.53,6.010000000000002,35.49
2023-07-20,3.3,88.16,26.81,0.72,6.13,99.47,8.730000000000002,36.22
2023-07-21,0.67,87.46,26.86,0.71,5.77,99.57,7.450000000000003,34.27
2023-07-22,0.26,87.03,26.73,0.71,5.61,99.66,4.230000000000002,32.74
2023-07-23,2.38,84.55,26.93,0.71,5.7,99.64,3.3100000000000023,31.76
2023-07-24,5.54,89.54,26.34,0.7,5.25,99.58,8.180000000000003,34.47
2023-07-25,6.19,87.87,26.54,0.71,5.16,99.63,14.110000000000003,34.65
2023-07-26,6.6,87.68,26.61,0.71,4.63,99.73,18.330000000000002,34.11
2023-07-27,0.26,86.16,26.71,0.71,5.0,99.75,13.050000000000002,32.67
2023-07-28,0.09,86.29,26.78,0.7,5.2,99.66,6.950000000000002,32.2
2023-07-29,0.22,87.48,26.78,0.69,5.55,99.62,0.5700000000000027,31.81
2023-07-30,0.35,87.2,26.62,0.69,5.72,99.56,0.6600000000000026,32.3
2023-07-31,0.58,87.6,26.84,0.68,6.0,99.56,1.1500000000000026,32.27
2023-08-01,0.14,90.71,26.39,0.68,5.66,99.57,1.0700000000000027,33.31
2023-08-02,0.1,89.64,26.41,0.67,4.75,99.71,0.8200000000000026,30.73
2023-08-03,0.22,88.91,26.64,0.67,5.18,99.69,0.4600000000000028,30.76
2023-08-04,0.35,88.66,26.65,0.67,4.78,99.78,0.6700000000000028,29.72
2023-08-05,0.36,88.52,26.76,0.66,4.4,99.81,0.9300000000000028,28.82
2023-08-06,1.17,83.31,27.24,0.66,5.68,99.7,1.8800000000000028,28.38
2023-08-07,0.55,86.71,26.96,0.65,5.11,99.55,2.0800000000000027,30.38
2023-08-08,0.83,90.25,26.58,0.65,5.23,99.58,2.550000000000003,31.76
2023-08-09,1.84,87.53,26.52,0.65,4.06,99.71,3.220000000000003,28.99
2023-08-10,2.38,87.92,26.45,0.65,3.76,99.71,5.0500000000000025,29.28
2023-08-11,4.65,86.71,26.84,0.65,5.13,99.64,8.870000000000003,30.7
2023-08-12,1.84,86.02,26.85,0.65,6.16,99.67,8.870000000000003,30.71
2023-08-13,1.37,79.57,27.58,0.64,5.82,99.63,7.860000000000003,27.55
2023-08-14,0.31,79.92,27.46,0.64,5.64,99.64,3.5200000000000027,26.83
2023-08-15,0.33,79.97,26.78,0.63,5.45,99.71,2.010000000000003,25.5
2023-08-16,0.35,81.32,26.77,0.63,5.0,99.72,0.9900000000000027,25.59
2023-08-17,0.74,83.21,26.79,0.62,5.58,99.71,1.4200000000000026,26.43
2023-08-18,1.13,83.25,26.97,0.62,6.06,99.63,2.2200000000000024,27.5
2023-08-19,0.17,82.56,27.11,0.61,5.69,99.56,2.0400000000000027,27.15
2023-08-20,0.06,82.96,26.98,0.61,4.39,99.48,1.3600000000000025,27.18
2023-08-21,0.2,83.15,27.29,0.6,4.35,99.4,0.4300000000000027,27.34
2023-08-22,1.65,83.57,27.39,0.6,4.6,99.44,1.9100000000000026,27.55
2023-08-23,2.11,84.58,27.18,0.6,4.65,99.5,3.9600000000000026,27.82
2023-08-24,1.31,83.19,27.29,0.6,4.98,99.52,5.070000000000002,27.42
2023-08-25,0.43,83.72,27.17,0.59,4.61,99.53,3.8500000000000023,26.74
2023-08-26,0.3,83.9,27.37,0.59,4.43,99.59,2.0400000000000027,25.93
2023-08-27,1.56,83.52,27.41,0.59,5.07,99.65,2.2900000000000027,25.66
2023-08-28,5.35,84.16,27.65,0.59,5.79,99.6,7.210000000000003,27.51
2023-08-29,16.09,84.75,27.34,0.59,6.78,99.53,23.000000000000004,31.36
2023-08-30,14.93,87.97,26.14,0.61,4.61,99.57,36.370000000000005,34.16
2023-08-31,17.49,83.3,26.62,0.62,5.24,99.6,48.510000000000005,34.6
2023-09-01,14.08,85.51,26.71,0.63,5.63,99.62,46.5,35.69
2023-09-02,28.81,86.85,26.74,0.65,6.88,99.61,60.379999999999995,40.04
2023-09-03,27.09,86.27,26.3,0.67,6.95,99.55,69.98,42.69
2023-09-04,19.21,82.56,26.77,0.69,7.03,99.43,75.11,43.82
2023-09-05,14.99,85.74,26.95,0.69,6.78,99.46,61.290000000000006,42.61
2023-09-06,17.8,88.32,26.78,0.71,6.37,99.56,52.0,42.03
2023-09-07,24.47,86.69,26.47,0.72,5.62,99.66,57.260000000000005,41.35
2023-09-08,5.8,86.83,26.48,0.73,5.66,99.72,48.07,39.9
2023-09-09,2.55,84.95,26.85,0.72,5.16,99.62,32.82,36.86
2023-09-10,4.74,86.69,26.75,0.72,5.86,99.58,13.09,35.21
2023-09-11,12.88,83.39,25.99,0.72,5.77,99.66,20.17,34.2
2023-09-12,7.0,84.31,26.67,0.73,5.17,99.64,24.619999999999997,35.56
2023-09-13,6.59,86.5,26.77,0.73,5.8,99.59,26.47,37.54
2023-09-14,12.16,88.4,26.51,0.73,5.82,99.67,25.75,37.57
2023-09-15,5.68,82.34,26.59,0.73,5.65,99.7,24.43,34.45
2023-09-16,1.31,84.6,26.9,0.73,5.09,99.66,19.15,34.61
2023-09-17,17.82,87.74,26.53,0.73,4.65,99.55,24.81,37.52
2023-09-18,7.51,87.89,25.95,0.74,4.93,99.57,26.64,38.28
2023-09-19,26.75,86.07,26.38,0.74,5.09,99.68,52.08,40.66
2023-09-20,9.13,85.78,26.32,0.76,4.2,99.67,43.39,39.62
2023-09-21,3.95,84.06,26.26,0.76,4.43,99.68,39.830000000000005,38.38
2023-09-22,19.23,86.3,26.49,0.76,5.39,99.68,32.31,38.66
2023-09-23,5.86,87.27,26.92,0.77,5.37,99.66,29.040000000000003,39.14
2023-09-24,3.26,88.06,26.51,0.77,4.86,99.68,28.350000000000005,38.93
2023-09-25,7.15,85.83,26.99,0.76,5.04,99.55,16.270000000000003,36.85
2023-09-26,9.02,86.03,27.0,0.76,5.64,99.53,19.430000000000003,37.92
2023-09-27,25.95,87.62,26.27,0.77,5.84,99.61,42.120000000000005,42.02
2023-09-28,20.09,84.43,26.32,0.79,5.63,99.67,55.06,42.93
2023-09-29,37.97,87.67,26.67,0.8,5.75,99.7,84.01,49.08
2023-09-30,9.03,87.22,26.29,0.81,4.98,99.74,67.09,45.91
2023-10-01,23.15,86.35,26.21,0.82,5.23,99.75,70.15,46.49
2023-10-02,24.98,88.28,26.16,0.83,5.53,99.8,57.16,45.44
2023-10-03,16.72,88.95,26.42,0.84,5.03,99.77,64.85,47.33
2023-10-04,27.71,87.47,25.92,0.85,5.28,99.77,69.41,47.98
2023-10-05,14.6,88.83,26.18,0.86,5.51,99.7,59.029999999999994,48.06
2023-10-06,34.15,88.8,26.44,0.87,5.93,99.62,76.46000000000001,52.11
2023-10-07,11.21,88.76,26.53,0.87,4.86,99.58,59.959999999999994,49.26
2023-10-08,13.31,88.94,26.76,0.87,4.11,99.69,58.67,47.8
2023-10-09,10.24,88.26,26.77,0.87,3.34,99.79,34.760000000000005,42.5
2023-10-10,20.93,89.66,26.52,0.88,3.3,99.78,44.480000000000004,45.11
2023-10-11,15.02,88.66,26.4,0.88,4.47,99.75,46.19,45.84
2023-10-12,7.83,86.51,25.73,0.88,4.01,99.82,43.78,43.71
2023-10-13,11.72,84.39,26.41,0.88,3.52,99.88,34.57,40.6
2023-10-14,23.96,85.71,26.13,0.88,2.3,99.88,43.510000000000005,41.9
2023-10-15,16.78,88.81,25.93,0.89,3.38,99.77,52.46000000000001,46.55
2023-10-16,9.79,86.79,26.28,0.89,3.29,99.73,50.53,45.68
2023-10-17,18.95,86.56,26.21,0.89,3.31,99.75,45.519999999999996,44.64
2023-10-18,19.74,91.51,25.54,0.9,4.47,99.79,48.48,47.92
2023-10-19,18.22,87.62,25.27,0.91,2.9,99.88,56.91,46.41
2023-10-20,16.67,84.72,26.07,0.91,2.61,99.81,54.629999999999995,45.25
2023-10-21,9.79,88.4,25.66,0.91,2.22,99.84,44.68,44.79
2023-10-22,19.8,88.32,26.18,0.91,3.17,99.82,46.260000000000005,45.69
2023-10-23,35.25,89.7,25.43,0.93,2.88,99.83,64.84,49.79
2023-10-24,5.12,82.73,26.77,0.92,2.67,99.76,60.17,46.16
2023-10-25,5.92,79.53,26.82,0.92,1.45,99.83,46.290000000000006,41.37
2023-10-26,1.88,76.64,27.42,0.92,1.34,99.79,12.920000000000007,35.19
2023-10-27,4.71,82.18,27.3,0.91,1.96,99.68,12.510000000000007,38.3
2023-10-28,28.75,89.41,26.3,0.91,2.6,99.64,35.34,45.64
2023-10-29,23.52,89.39,25.77,0.93,2.96,99.7,56.980000000000004,49.56
2023-10-30,23.87,88.16,26.0,0.93,2.23,99.65,76.14000000000001,52.07
2023-10-31,43.08,85.42,26.82,0.94,1.35,99.63,90.47000000000001,53.28
2023-11-01,13.53,81.8,26.76,0.95,2.3,99.72,80.48000000000002,50.36
2023-11-02,15.92,86.59,26.34,0.95,2.06,99.63,72.53000000000002,51.76
2023-11-03,29.61,91.13,25.68,0.95,3.2,99.56,59.06000000000002,52.78
2023-11-04,25.44,89.35,26.18,0.96,2.65,99.56,70.97000000000001,54.02
2023-11-05,17.98,85.63,26.38,0.96,1.42,99.71,73.03000000000002,50.84
2023-11-06,22.73,84.66,26.72,0.97,2.55,99.78,66.15,49.8
2023-11-07,15.46,82.15,27.23,0.96,2.4,99.68,56.170000000000016,47.5
2023-11-08,20.07,87.76,26.74,0.96,2.71,99.65,58.26000000000001,50.63
2023-11-09,29.62,84.46,25.78,0.97,2.4,99.8,65.15000000000002,49.31
2023-11-10,21.85,82.3,26.78,0.97,1.99,99.84,71.54000000000002,48.84
2023-11-11,11.59,86.85,26.98,0.97,2.14,99.8,63.06000000000002,49.85
2023-11-12,39.94,85.33,27.29,0.98,2.57,99.73,73.38000000000001,52.07
2023-11-13,10.99,88.17,26.35,0.98,2.97,99.71,62.52000000000002,51.95
2023-11-14,6.77,90.33,26.18,0.97,4.3,99.6,57.70000000000001,53.33
2023-11-15,6.9,88.62,26.49,0.97,3.34,99.68,24.660000000000014,46.23
2023-11-16,1.83,86.74,26.69,0.97,1.55,99.77,15.500000000000014,42.27
2023-11-17,9.87,87.79,26.92,0.97,1.9,99.72,18.600000000000016,43.81
2023-11-18,28.01,88.47,26.95,0.97,2.76,99.7,39.710000000000015,48.05
2023-11-19,23.49,81.64,27.0,0.97,1.71,99.75,61.37000000000002,47.56
2023-11-20,13.01,80.17,27.17,0.97,1.32,99.69,64.51,47.73
2023-11-21,12.33,84.83,27.37,0.96,2.15,99.66,48.83000000000001,47.52
2023-11-22,38.34,88.97,25.97,0.97,2.65,99.68,63.68000000000002,52.13
2023-11-23,9.14,84.68,26.65,0.97,2.01,99.57,59.810000000000024,50.28
2023-11-24,11.72,81.68,27.21,0.97,1.7,99.54,59.20000000000002,49.0
2023-11-25,6.17,80.51,27.29,0.96,1.81,99.59,27.030000000000015,42.67
2023-11-26,1.25,78.89,27.22,0.96,2.08,99.62,19.140000000000015,40.64
2023-11-27,15.29,82.88,27.28,0.95,1.99,99.52,22.710000000000015,43.26
2023-11-28,14.95,81.7,27.19,0.96,2.16,99.45,31.49000000000001,45.24
2023-11-29,22.46,87.84,26.18,0.96,3.6,99.48,52.70000000000001,51.7
2023-11-30,8.08,85.79,25.71,0.96,2.67,99.61,45.49000000000001,48.1
2023-12-01,6.75,88.81,25.82,0.96,3.27,99.51,37.29000000000001,49.26
2023-12-02,8.26,89.84,26.23,0.96,3.82,99.46,23.090000000000014,48.18
2023-12-03,18.42,87.9,26.84,0.96,4.58,99.46,33.430000000000014,49.39
2023-12-04,13.72,90.39,26.49,0.96,5.7,99.47,40.40000000000001,52.06
2023-12-05,14.03,90.14,27.07,0.96,4.88,99.45,46.170000000000016,52.59
2023-12-06,6.4,89.81,26.75,0.96,3.6,99.6,34.15000000000001,48.61
2023-12-07,5.7,86.38,26.76,0.96,2.23,99.62,26.130000000000017,44.99
2023-12-08,23.15,89.2,26.6,0.96,2.91,99.64,35.250000000000014,47.82
2023-12-09,21.96,85.55,26.72,0.96,2.16,99.67,50.81000000000002,48.06
2023-12-10,11.08,83.61,27.23,0.96,1.89,99.59,56.19000000000001,48.6
2023-12-11,9.9,84.84,27.11,0.96,2.39,99.59,42.94000000000001,47.31
2023-12-12,39.13,87.77,26.49,0.96,3.57,99.53,60.11000000000002,52.39
2023-12-13,2.59,88.43,26.14,0.97,5.44,99.52,51.62000000000002,52.86
2023-12-14,11.88,89.65,26.4,0.96,5.63,99.58,53.600000000000016,52.86
2023-12-15,31.22,91.03,25.96,0.96,4.83,99.57,45.69000000000002,51.86
2023-12-16,12.76,86.29,26.54,0.97,1.39,99.54,55.86000000000002,50.26
2023-12-17,8.44,86.4,26.97,0.97,3.39,99.49,52.420000000000016,51.27
2023-12-18,21.09,83.68,26.74,0.97,2.3,99.68,42.29000000000002,46.34
2023-12-19,6.91,85.56,26.63,0.96,4.01,99.67,36.440000000000026,46.8
2023-12-20,5.38,87.96,26.76,0.96,3.76,99.63,33.380000000000024,47.54
2023-12-21,4.72,84.68,27.08,0.96,2.38,99.67,17.01000000000002,42.5
2023-12-22,1.43,86.18,26.41,0.95,5.0,99.72,11.53000000000002,42.85
2023-12-23,0.09,81.67,26.08,0.94,4.31,99.8,6.240000000000021,38.64
2023-12-24,0.75,84.71,26.53,0.94,3.64,99.84,2.2700000000000213,38.6
2023-12-25,1.06,84.87,26.21,0.93,4.29,99.78,1.9000000000000214,39.05
2023-12-26,3.5,86.27,26.13,0.92,6.01,99.75,5.310000000000022,40.93
2023-12-27,9.45,88.57,26.89,0.92,6.43,99.66,14.010000000000021,44.26
2023-12-28,13.93,90.59,26.85,0.92,3.93,99.58,26.88000000000002,46.45
2023-12-29,9.8,89.03,26.53,0.92,2.59,99.69,33.18000000000002,45.13
2023-12-30,9.98,87.47,26.61,0.92,4.59,99.67,33.71000000000002,45.8
2023-12-31,14.96,86.37,26.63,0.92,5.08,99.69,34.74000000000002,45.6
2024-01-01,24.76,90.07,25.92,0.93,5.17,99.75,49.700000000000024,49.48
2024-01-02,6.37,83.62,26.6,0.93,3.15,99.73,46.090000000000025,45.26
2024-01-03,1.25,85.64,26.57,0.93,4.0,99.68,32.380000000000024,44.84
2024-01-04,2.25,82.91,27.0,0.92,2.68,99.69,9.870000000000022,38.93
2024-01-05,5.41,84.53,27.24,0.92,3.36,99.65,8.910000000000021,40.17
2024-01-06,8.43,88.37,26.05,0.91,3.04,99.67,16.09000000000002,42.16
2024-01-07,31.3,80.53,26.59,0.92,1.48,99.67,45.14000000000002,42.98
2024-01-08,18.7,83.35,26.38,0.93,1.76,99.69,58.43000000000002,46.66
2024-01-09,11.97,87.86,25.65,0.93,4.08,99.6,61.97000000000003,51.14
2024-01-10,20.8,89.38,25.97,0.93,4.45,99.6,51.47000000000002,50.34
2024-01-11,2.73,87.26,26.2,0.94,5.2,99.64,35.50000000000002,47.42
2024-01-12,0.14,84.82,25.76,0.93,4.84,99.69,23.67000000000002,43.5
2024-01-13,0.02,84.54,25.2,0.92,5.16,99.77,2.8900000000000214,39.19
2024-01-14,0.01,84.55,25.0,0.91,5.11,99.77,0.17000000000002133,38.32
2024-01-15,0.0,81.0,24.31,0.91,4.74,99.79,0.030000000000021315,36.42
2024-01-16,0.02,77.49,24.84,0.9,3.17,99.72,0.03000000000002132,34.25
2024-01-17,0.08,79.87,26.16,0.89,2.34,99.62,0.10000000000002132,35.24
2024-01-18,6.93,83.72,26.35,0.89,1.92,99.64,7.030000000000021,37.56
2024-01-19,7.25,84.37,26.67,0.89,1.9,99.66,14.260000000000021,38.8
2024-01-20,8.33,84.53,26.5,0.88,2.92,99.72,22.51000000000002,39.78
2024-01-21,1.27,83.21,26.6,0.88,3.59,99.79,16.850000000000023,38.11
2024-01-22,0.01,82.92,26.65,0.87,3.91,99.87,9.61000000000002,35.93
2024-01-23,0.0,80.51,25.42,0.86,4.69,99.87,1.2800000000000213,33.6
2024-01-24,0.0,76.95,24.64,0.86,4.21,99.88,0.010000000000021316,31.55
2024-01-25,0.0,74.99,24.61,0.85,3.98,99.93,0.0,29.75
2024-01-26,0.0,79.68,24.92,0.84,4.93,100.02,0.0,31.07
2024-01-27,0.13,81.81,25.39,0.83,5.5,99.98,0.13000000000002132,32.21
2024-01-28,0.56,85.04,25.86,0.83,6.8,99.89,0.6900000000000214,35.13
2024-01-29,0.92,84.87,26.1,0.82,6.56,99.82,1.6100000000000214,35.24
2024-01-30,5.53,87.37,26.41,0.81,4.71,99.77,7.010000000000021,36.14
2024-01-31,13.21,86.74,26.53,0.81,3.38,99.86,19.66000000000002,36.38
2024-02-01,2.03,89.06,26.6,0.82,4.05,99.86,20.77000000000002,38.33
2024-02-02,5.19,82.64,27.05,0.81,3.16,99.82,20.43000000000002,34.98
2024-02-03,0.27,82.76,27.05,0.81,3.4,99.83,7.49000000000002,33.05
2024-02-04,5.54,85.19,26.63,0.8,4.71,99.94,11.000000000000021,33.99
2024-02-05,1.89,84.53,26.86,0.8,5.06,99.94,7.70000000000002,33.38
2024-02-06,0.01,80.58,25.62,0.79,5.37,99.93,7.440000000000019,31.5
2024-02-07,0.0,80.51,25.02,0.79,4.71,99.93,1.9000000000000203,30.24
2024-02-08,0.0,81.27,25.04,0.78,5.0,99.83,0.010000000000020428,30.84
2024-02-09,0.0,81.32,25.32,0.77,4.58,99.86,0.0,29.95
2024-02-10,0.01,81.03,25.65,0.76,4.84,99.96,0.010000000000020428,28.71
2024-02-11,0.0,80.93,25.42,0.75,5.5,99.99,0.010000000000020428,28.35
2024-02-12,0.19,83.38,26.38,0.75,5.62,99.89,0.20000000000002044,30.32
2024-02-13,0.68,84.31,26.74,0.74,5.68,99.81,0.8700000000000205,31.1
2024-02-14,0.79,84.47,26.75,0.73,5.83,99.74,1.6600000000000206,31.54
2024-02-15,0.21,82.47,26.57,0.73,5.3,99.76,1.6800000000000206,30.24
2024-02-16,1.09,85.87,26.2,0.72,5.27,99.77,2.0900000000000203,31.22
2024-02-17,0.26,83.28,26.83,0.71,5.27,99.68,1.5600000000000205,30.37
2024-02-18,0.03,80.38,26.51,0.71,4.73,99.68,1.3800000000000205,28.83
2024-02-19,0.18,81.11,26.94,0.7,3.75,99.71,0.4700000000000204,27.79
2024-02-20,0.2,79.95,27.59,0.69,2.29,99.76,0.41000000000002046,25.65
2024-02-21,0.42,82.21,27.56,0.69,2.24,99.75,0.8000000000000204,26.73
2024-02-22,0.34,86.52,27.0,0.68,2.87,99.83,0.9600000000000204,27.83
2024-02-23,2.46,80.39,27.76,0.68,1.89,99.75,3.22000000000002,25.73
2024-02-24,3.71,79.65,27.75,0.67,1.44,99.69,6.51000000000002,25.77
2024-02-25,0.38,77.77,27.09,0.67,2.76,99.55,6.55000000000002,26.86
2024-02-26,0.65,80.41,27.81,0.66,4.12,99.5,4.740000000000021,28.43
2024-02-27,0.77,80.57,27.73,0.66,5.79,99.55,1.8000000000000205,28.52
2024-02-28,0.16,80.58,27.11,0.65,5.65,99.57,1.5800000000000203,27.82
2024-02-29,0.14,78.58,27.39,0.64,4.18,99.65,1.0700000000000205,25.01
2024-03-01,0.21,78.73,27.28,0.64,4.89,99.74,0.5100000000000204,24.61
2024-03-02,0.06,75.51,26.72,0.63,3.18,99.76,0.4100000000000204,21.71
2024-03-03,0.37,75.64,27.31,0.62,2.41,99.7,0.6400000000000204,21.47
2024-03-04,0.16,75.07,27.24,0.62,2.64,99.68,0.5900000000000204,21.51
2024-03-05,0.15,73.53,27.36,0.61,2.09,99.69,0.6800000000000205,20.07
2024-03-06,0.95,78.39,27.33,0.61,2.32,99.74,1.2600000000000204,21.92
2024-03-07,0.25,72.24,27.94,0.6,1.8,99.65,1.3500000000000205,19.38
2024-03-08,1.54,75.03,27.45,0.6,1.51,99.75,2.7400000000000206,19.79
2024-03-09,0.6,68.07,27.74,0.6,1.25,99.71,2.3900000000000206,16.98
2024-03-10,0.04,69.89,27.39,0.59,2.34,99.82,2.1800000000000206,16.96
2024-03-11,0.0,73.45,27.23,0.59,3.04,99.94,0.6400000000000204,17.6
2024-03-12,0.04,72.6,27.8,0.58,2.0,99.88,0.08000000000002043,16.67
2024-03-13,0.27,74.74,27.77,0.58,2.01,99.85,0.3100000000000204,17.87
2024-03-14,0.19,73.35,27.84,0.57,2.46,99.83,0.5000000000000204,17.29
2024-03-15,0.31,72.13,27.84,0.57,1.84,99.76,0.7700000000000204,17.07
2024-03-16,0.95,79.1,27.34,0.56,2.27,99.77,1.4500000000000204,19.86
2024-03-17,0.57,67.24,27.73,0.56,1.36,99.75,1.8300000000000205,14.57
2024-03-18,0.0,65.12,27.55,0.55,1.38,99.71,1.5200000000000204,13.54
2024-03-19,0.06,66.87,27.87,0.55,1.77,99.66,0.6300000000000203,14.78
2024-03-20,0.52,69.56,28.42,0.54,1.24,99.65,0.5800000000000204,15.28
2024-03-21,5.2,78.61,28.15,0.54,2.08,99.53,5.780000000000021,21.4
2024-03-22,20.55,80.77,28.33,0.55,2.0,99.43,26.27000000000002,26.75
2024-03-23,2.84,75.1,28.98,0.56,1.45,99.48,28.59000000000002,24.42
2024-03-24,7.91,78.68,28.18,0.56,2.13,99.62,31.300000000000022,25.55
2024-03-25,0.23,73.46,28.46,0.56,3.01,99.6,10.980000000000018,20.79
2024-03-26,0.95,71.84,28.33,0.56,1.95,99.74,9.090000000000018,18.06
2024-03-27,9.72,81.76,27.87,0.56,2.38,99.83,10.900000000000018,22.03
2024-03-28,0.84,72.5,29.08,0.56,2.28,99.7,11.510000000000018,19.23
2024-03-29,2.46,78.66,28.5,0.56,1.87,99.66,13.020000000000017,22.2
2024-03-30,0.41,74.39,28.6,0.56,1.74,99.76,3.7100000000000177,18.01
2024-03-31,1.08,76.58,28.54,0.55,1.73,99.81,3.950000000000018,18.13
2024-04-01,5.16,76.64,28.43,0.55,1.63,99.62,6.650000000000018,20.12
2024-04-02,7.98,78.12,28.82,0.55,1.85,99.45,14.220000000000018,23.48
2024-04-03,4.94,80.19,28.82,0.55,2.26,99.52,18.08000000000002,24.6
2024-04-04,7.41,77.85,29.08,0.55,1.67,99.55,20.33000000000002,23.39
2024-04-05,4.62,82.53,28.3,0.56,2.38,99.53,16.97000000000002,25.82
2024-04-06,0.98,78.39,29.18,0.55,2.16,99.43,13.010000000000018,23.74
2024-04-07,2.79,82.63,28.66,0.55,2.55,99.43,8.390000000000018,25.03
2024-04-08,1.58,77.16,29.18,0.55,2.03,99.5,5.350000000000017,21.36
2024-04-09,0.45,69.1,29.65,0.55,2.02,99.45,4.820000000000017,18.28
2024-04-10,0.92,72.24,29.32,0.54,1.83,99.47,2.950000000000018,18.62
2024-04-11,6.71,78.51,29.19,0.54,1.55,99.47,8.080000000000018,21.93
2024-04-12,23.79,83.04,27.92,0.57,1.97,99.53,31.420000000000016,28.51
2024-04-13,4.51,75.15,28.46,0.57,1.72,99.52,35.01000000000001,25.68
2024-04-14,7.28,75.95,29.1,0.57,2.07,99.5,35.58000000000002,26.46
2024-04-15,5.37,78.83,28.77,0.57,2.29,99.57,17.160000000000018,24.32
2024-04-16,3.99,79.43,28.65,0.57,2.17,99.57,16.64000000000002,24.43
2024-04-17,1.83,81.74,28.7,0.57,2.92,99.55,11.190000000000017,25.13
2024-04-18,0.89,81.93,28.81,0.57,2.78,99.45,6.710000000000018,25.27
2024-04-19,0.64,83.55,28.71,0.56,3.01,99.33,3.360000000000018,26.14
2024-04-20,6.29,82.47,29.02,0.56,3.73,99.3,7.820000000000018,27.02
2024-04-21,8.12,82.13,29.15,0.57,2.32,99.35,15.050000000000018,27.25
2024-04-22,5.74,83.9,28.65,0.57,2.81,99.45,20.150000000000016,28.23
2024-04-23,6.95,79.51,28.9,0.57,2.36,99.37,20.810000000000016,26.9
2024-04-24,5.3,82.8,28.67,0.58,2.23,99.33,17.990000000000016,28.54
2024-04-25,1.42,80.09,28.79,0.58,2.38,99.31,13.670000000000016,26.96
2024-04-26,0.7,75.72,28.73,0.57,1.62,99.3,7.420000000000016,23.38
2024-04-27,9.83,76.96,29.2,0.57,1.42,99.28,11.950000000000017,24.68
2024-04-28,5.16,80.92,29.05,0.57,1.79,99.32,15.690000000000015,26.81
2024-04-29,7.85,83.97,28.86,0.58,1.96,99.41,22.840000000000018,28.98
2024-04-30,15.33,88.06,28.23,0.59,2.85,99.38,28.340000000000018,32.74
2024-05-01,2.86,83.77,28.75,0.6,2.88,99.22,26.040000000000017,32.34
2024-05-02,0.51,82.92,29.2,0.59,3.32,99.27,18.700000000000017,30.22
2024-05-03,0.66,83.97,29.43,0.59,3.55,99.37,4.030000000000016,27.65
2024-05-04,0.46,83.12,29.24,0.58,3.08,99.37,1.630000000000016,26.23
2024-05-05,3.24,85.11,29.02,0.58,4.04,99.33,4.360000000000016,28.36
2024-05-06,4.93,85.0,29.22,0.58,4.43,99.4,8.630000000000017,28.61
2024-05-07,6.57,86.95,28.92,0.59,4.42,99.49,14.740000000000016,30.06
2024-05-08,5.11,83.49,29.06,0.59,2.28,99.44,16.610000000000014,28.15
2024-05-09,11.45,86.19,27.99,0.59,3.56,99.43,23.130000000000017,31.09
2024-05-10,8.49,80.64,27.72,0.6,1.77,99.48,25.050000000000015,28.07
2024-05-11,5.81,77.34,28.66,0.6,1.35,99.53,25.750000000000014,26.14
2024-05-12,11.95,86.72,27.68,0.61,2.21,99.53,26.250000000000014,31.08
2024-05-13,23.82,82.26,28.41,0.62,2.11,99.47,41.58000000000001,32.47
2024-05-14,15.37,82.69,28.03,0.64,1.79,99.44,51.140000000000015,35.08
2024-05-15,14.19,83.07,27.94,0.66,1.66,99.51,53.38000000000001,35.78
2024-05-16,16.31,86.03,27.67,0.66,3.5,99.52,45.87000000000001,36.77
2024-05-17,4.66,83.77,27.86,0.67,3.83,99.44,35.16000000000001,35.4
2024-05-18,36.89,87.33,27.64,0.68,5.24,99.29,57.860000000000014,42.92
2024-05-19,27.78,87.76,27.81,0.71,6.37,99.19,69.33000000000001,47.62
2024-05-20,12.28,84.57,27.78,0.73,7.34,99.21,76.95000000000002,48.67
2024-05-21,3.76,82.48,28.55,0.73,6.19,99.22,43.820000000000014,41.88
2024-05-22,10.91,85.89,27.99,0.73,9.06,99.19,26.950000000000014,42.48
2024-05-23,12.02,86.34,27.9,0.73,10.11,99.14,26.690000000000012,43.61
2024-05-24,14.68,87.05,27.72,0.74,10.02,99.13,37.610000000000014,46.09
2024-05-25,14.4,88.29,27.85,0.75,8.65,99.18,41.10000000000001,46.42
2024-05-26,15.29,87.34,28.08,0.76,7.3,99.26,44.37000000000002,45.56
2024-05-27,10.71,86.8,27.59,0.76,7.75,99.36,40.40000000000002,44.11
2024-05-28,5.46,85.1,27.6,0.76,8.78,99.38,31.460000000000015,42.37
2024-05-29,10.96,87.85,27.51,0.76,8.31,99.28,27.130000000000017,43.44
2024-05-30,5.69,88.9,27.52,0.76,6.75,99.25,22.110000000000017,42.51
2024-05-31,5.13,89.54,27.46,0.76,5.25,99.24,21.780000000000015,42.0
2024-06-01,10.4,90.04,27.68,0.76,5.79,99.34,21.220000000000013,41.58
2024-06-02,40.2,88.83,26.9,0.79,4.59,99.48,55.73000000000002,45.93
2024-06-03,7.87,88.37,26.74,0.8,5.17,99.52,58.47000000000002,46.57
2024-06-04,4.58,87.96,27.26,0.8,6.11,99.56,52.65000000000002,45.65
2024-06-05,0.99,86.27,27.28,0.79,5.76,99.64,13.440000000000014,37.49
2024-06-06,1.92,87.28,27.39,0.78,5.93,99.67,7.490000000000014,36.41
2024-06-07,4.91,87.87,27.13,0.78,6.03,99.6,7.8200000000000145,37.35
2024-06-08,3.46,85.75,27.43,0.78,6.4,99.6,10.290000000000013,37.04
2024-06-09,8.95,88.51,27.24,0.78,6.13,99.56,17.320000000000014,39.5
2024-06-10,3.68,87.11,27.37,0.78,6.14,99.63,16.090000000000014,38.13
2024-06-11,1.01,87.54,27.45,0.78,5.98,99.63,13.640000000000011,37.84
2024-06-12,1.44,86.62,27.33,0.77,5.33,99.69,6.130000000000012,35.0
2024-06-13,0.85,88.68,27.32,0.77,4.56,99.63,3.3000000000000123,35.51
2024-06-14,1.15,87.45,27.64,0.77,4.55,99.51,3.4400000000000124,36.02
2024-06-15,3.12,87.69,27.43,0.76,5.36,99.44,5.1200000000000125,36.98
2024-06-16,1.58,87.33,27.45,0.76,5.15,99.45,5.850000000000012,36.75
2024-06-17,0.54,87.14,27.64,0.76,5.17,99.49,5.240000000000013,36.25
2024-06-18,3.09,88.56,27.42,0.75,5.43,99.5,5.210000000000012,36.48
2024-06-19,4.57,88.26,27.2,0.75,6.37,99.46,8.200000000000014,37.66
2024-06-20,7.5,86.94,27.09,0.75,5.83,99.47,15.160000000000013,37.82
2024-06-21,5.68,85.27,27.16,0.75,6.08,99.47,17.750000000000014,37.65
2024-06-22,9.81,82.81,26.94,0.75,7.76,99.37,22.990000000000013,39.18
2024-06-23,1.71,84.39,27.32,0.75,7.85,99.35,17.200000000000014,39.16
2024-06-24,8.38,86.26,27.3,0.75,6.81,99.37,19.900000000000013,39.65
2024-06-25,1.84,85.94,27.29,0.74,6.04,99.33,11.930000000000012,37.76
2024-06-26,6.16,86.49,26.53,0.74,5.59,99.36,16.380000000000013,38.19
2024-06-27,5.03,89.65,26.91,0.74,4.88,99.45,13.030000000000012,37.87
2024-06-28,2.56,88.0,27.09,0.74,4.27,99.47,13.75000000000001,36.78
2024-06-29,0.58,88.92,26.93,0.74,4.15,99.49,8.17000000000001,36.06
2024-06-30,2.86,88.85,27.11,0.73,4.28,99.56,6.000000000000011,34.75
2024-07-01,3.56,86.47,27.11,0.73,4.69,99.56,7.000000000000011,34.12
2024-07-02,1.17,89.36,26.96,0.73,3.7,99.43,7.5900000000000105,36.0
2024-07-03,2.66,89.81,27.14,0.73,4.12,99.46,7.390000000000011,36.13
2024-07-04,5.07,82.85,27.13,0.73,4.83,99.58,8.900000000000011,32.79
2024-07-05,13.39,85.96,26.99,0.73,5.95,99.51,21.12000000000001,37.22
2024-07-06,4.75,82.67,26.76,0.73,4.92,99.47,23.21000000000001,35.94
2024-07-07,4.5,87.8,26.77,0.73,4.41,99.43,22.64000000000001,38.08
2024-07-08,5.14,84.81,26.47,0.73,5.54,99.37,14.390000000000011,36.63
2024-07-09,1.59,81.85,27.12,0.73,5.02,99.46,11.230000000000011,33.85
2024-07-10,1.88,84.72,27.11,0.72,4.77,99.64,8.61000000000001,32.58
2024-07-11,2.2,85.92,27.25,0.72,4.98,99.55,5.670000000000011,33.5
2024-07-12,5.86,88.16,27.33,0.72,5.33,99.44,9.940000000000012,36.23
2024-07-13,3.99,88.04,26.6,0.72,6.03,99.48,12.050000000000011,36.55
2024-07-14,3.79,84.74,27.03,0.72,5.54,99.36,13.640000000000011,36.15
2024-07-15,7.09,85.93,27.14,0.72,6.32,99.39,14.870000000000012,37.01
2024-07-16,1.37,86.74,26.99,0.71,5.36,99.44,12.25000000000001,35.58
2024-07-17,2.59,87.28,26.87,0.71,5.36,99.5,11.050000000000011,35.12
2024-07-18,2.96,88.52,26.43,0.71,5.57,99.57,6.920000000000011,34.52
2024-07-19,1.83,88.07,26.87,0.71,5.02,99.44,7.3800000000000106,35.2
2024-07-20,0.62,90.68,27.09,0.71,4.13,99.45,5.410000000000011,35.43
2024-07-21,0.67,88.89,27.2,0.7,4.14,99.49,3.1200000000000108,33.56
2024-07-22,2.11,87.53,27.19,0.7,3.59,99.64,3.4000000000000106,31.47
2024-07-23,1.39,87.62,26.92,0.7,3.64,99.68,4.170000000000011,31.32
2024-07-24,0.62,88.12,27.12,0.69,4.02,99.5,4.120000000000011,32.82
2024-07-25,1.25,86.24,26.61,0.69,4.1,99.46,3.2600000000000104,32.26
2024-07-26,0.93,87.8,27.17,0.69,5.58,99.44,2.8000000000000105,33.82
2024-07-27,2.01,88.52,27.13,0.68,5.72,99.49,4.19000000000001,33.58
2024-07-28,6.03,89.29,27.32,0.68,5.92,99.42,8.97000000000001,35.35
2024-07-29,8.6,84.69,27.34,0.69,6.52,99.35,16.64000000000001,35.94
2024-07-30,11.95,83.8,26.48,0.69,5.0,99.54,26.580000000000013,34.71
2024-07-31,2.83,87.43,27.1,0.69,4.76,99.62,23.38000000000001,34.94
2024-08-01,2.81,87.47,26.94,0.69,5.25,99.61,17.59000000000001,34.4
2024-08-02,3.32,86.8,26.7,0.69,5.12,99.61,8.960000000000012,32.69
2024-08-03,2.24,85.65,26.5,0.69,3.78,99.61,8.370000000000012,31.38
2024-08-04,1.47,86.89,26.86,0.68,5.01,99.58,7.03000000000001,32.19
2024-08-05,3.92,85.43,26.56,0.68,5.86,99.65,7.6300000000000106,31.54
2024-08-06,1.54,86.71,26.61,0.68,4.3,99.5,6.93000000000001,32.39
2024-08-07,0.49,84.34,26.85,0.68,4.24,99.5,5.950000000000011,31.2
2024-08-08,1.42,84.32,26.64,0.67,5.62,99.62,3.450000000000011,30.11
2024-08-09,0.43,82.89,26.88,0.67,4.57,99.63,2.3400000000000105,28.68
2024-08-10,1.75,84.42,26.81,0.66,5.48,99.6,3.6000000000000103,29.85
2024-08-11,6.29,84.94,26.72,0.66,4.78,99.4,8.47000000000001,32.13
2024-08-12,12.56,88.61,26.8,0.66,4.56,99.23,20.600000000000012,36.9
2024-08-13,15.2,91.44,26.24,0.68,5.17,99.18,34.05000000000001,41.81
2024-08-14,6.24,88.21,26.33,0.68,3.8,99.25,34.000000000000014,39.1
2024-08-15,2.16,88.01,26.91,0.68,4.67,99.21,23.60000000000001,38.19
2024-08-16,15.03,88.64,27.47,0.68,5.8,99.12,23.43000000000001,39.8
2024-08-17,24.01,87.24,27.01,0.71,6.21,99.31,41.20000000000002,41.89
2024-08-18,8.52,88.49,26.99,0.71,4.83,99.38,47.56000000000001,42.09
2024-08-19,9.0,90.74,26.73,0.72,4.88,99.36,41.530000000000015,42.71
2024-08-20,21.34,87.82,26.56,0.72,5.65,99.43,38.860000000000014,40.88
2024-08-21,8.64,84.6,26.35,0.74,6.37,99.63,38.98000000000001,39.09
2024-08-22,0.48,84.78,26.06,0.73,4.47,99.7,30.46000000000001,35.79
2024-08-23,0.76,84.1,26.64,0.73,4.69,99.72,9.880000000000011,32.23
2024-08-24,0.76,87.37,26.5,0.72,4.48,99.75,2.0000000000000107,31.59
2024-08-25,0.58,85.96,26.67,0.72,5.47,99.8,2.1000000000000107,31.12
2024-08-26,0.09,83.15,27.15,0.71,5.53,99.7,1.4300000000000106,30.27
2024-08-27,0.04,85.08,26.78,0.71,4.88,99.72,0.7100000000000106,30.46
2024-08-28,0.18,86.19,26.86,0.7,4.46,99.71,0.31000000000001066,30.3
2024-08-29,1.57,86.19,27.11,0.7,5.42,99.61,1.7900000000000107,31.89
2024-08-30,10.89,86.1,26.71,0.7,6.63,99.6,12.640000000000011,34.29
2024-08-31,3.84,85.42,26.69,0.7,5.79,99.61,16.30000000000001,34.04
2024-09-01,7.5,84.42,26.88,0.71,5.5,99.54,22.23000000000001,35.4
2024-09-02,10.19,85.48,27.19,0.71,6.3,99.57,21.53000000000001,35.92
2024-09-03,5.6,87.04,26.51,0.71,5.97,99.69,23.29000000000001,35.67
2024-09-04,2.16,85.7,26.99,0.71,5.42,99.64,17.95000000000001,34.39
2024-09-05,2.93,87.9,27.05,0.71,5.5,99.51,10.69000000000001,35.32
2024-09-06,2.45,87.24,27.15,0.71,6.41,99.54,7.540000000000012,34.78
2024-09-07,2.84,88.02,27.18,0.71,5.38,99.63,8.220000000000011,33.91
2024-09-08,3.14,86.92,27.18,0.7,5.82,99.67,8.43000000000001,32.95
2024-09-09,6.07,87.35,27.07,0.7,5.7,99.54,12.050000000000011,34.73
2024-09-10,4.78,86.94,27.07,0.7,5.24,99.52,13.99000000000001,34.78
2024-09-11,7.5,86.09,26.99,0.7,5.38,99.63,18.350000000000012,34.26
2024-09-12,0.59,85.7,26.79,0.7,5.29,99.72,12.870000000000012,32.43
2024-09-13,1.06,87.03,27.11,0.7,4.68,99.59,9.150000000000011,33.17
2024-09-14,1.71,87.72,27.08,0.69,5.28,99.56,3.3600000000000105,32.71
2024-09-15,1.08,87.41,27.13,0.69,5.32,99.55,3.8500000000000107,32.76
2024-09-16,0.98,86.83,27.28,0.69,6.07,99.59,3.7700000000000107,32.57
2024-09-17,0.34,86.7,27.27,0.68,5.95,99.53,2.4000000000000106,32.31
2024-09-18,0.83,87.08,27.17,0.68,5.79,99.44,2.1500000000000106,33.1
2024-09-19,0.44,85.19,27.19,0.67,5.55,99.45,1.6100000000000105,31.58
2024-09-20,0.44,85.23,27.05,0.67,5.37,99.42,1.7100000000000106,31.77
2024-09-21,1.88,85.14,27.21,0.66,5.77,99.46,2.7600000000000104,31.35
2024-09-22,1.54,84.46,27.24,0.66,6.15,99.43,3.860000000000011,31.69
2024-09-23,0.41,83.29,27.27,0.65,6.79,99.41,3.8300000000000107,31.28
2024-09-24,2.63,84.41,27.52,0.65,7.06,99.37,4.580000000000011,32.36
2024-09-25,1.41,86.2,27.46,0.65,5.78,99.38,4.450000000000011,32.32
2024-09-26,2.25,85.56,27.51,0.64,4.63,99.38,6.290000000000011,31.29
2024-09-27,4.08,86.44,26.76,0.64,4.38,99.48,7.740000000000011,30.92
2024-09-28,4.88,82.32,27.5,0.64,2.48,99.45,11.210000000000012,28.94
2024-09-29,12.17,82.28,27.47,0.64,2.06,99.47,21.13000000000001,30.09
2024-09-30,9.05,79.84,27.49,0.65,1.82,99.49,26.100000000000012,29.96
2024-10-01,2.38,82.1,27.66,0.65,4.04,99.43,23.60000000000001,32.23
2024-10-02,3.95,86.69,27.13,0.65,4.84,99.57,15.380000000000011,32.14
2024-10-03,3.16,84.75,27.28,0.65,4.81,99.58,9.49000000000001,30.29
2024-10-04,0.69,85.28,27.18,0.65,4.31,99.59,7.800000000000011,29.9
2024-10-05,4.94,86.51,26.83,0.64,3.71,99.61,8.79000000000001,29.66
2024-10-06,5.13,88.12,25.76,0.65,3.98,99.63,10.76000000000001,31.05
2024-10-07,30.2,88.59,25.87,0.66,4.81,99.69,40.27000000000001,36.25
2024-10-08,15.11,86.76,25.76,0.68,3.46,99.79,50.44000000000001,36.35
2024-10-09,6.39,86.58,26.44,0.69,3.14,99.59,51.70000000000001,38.4
2024-10-10,13.66,87.04,26.28,0.69,5.79,99.47,35.16000000000001,38.44
2024-10-11,19.05,87.16,26.07,0.71,6.31,99.48,39.10000000000001,40.15
2024-10-12,19.69,86.42,25.8,0.72,4.36,99.58,52.40000000000001,40.46
2024-10-13,8.94,84.37,26.15,0.73,4.52,99.57,47.68000000000001,39.44
2024-10-14,16.47,87.49,25.6,0.74,4.95,99.56,45.10000000000001,41.1
2024-10-15,2.46,85.47,26.4,0.74,5.09,99.5,27.870000000000008,38.12
2024-10-16,4.12,87.17,26.86,0.74,4.71,99.5,23.050000000000004,37.88
2024-10-17,0.61,86.48,27.06,0.73,4.12,99.52,7.1900000000000075,34.18
2024-10-18,0.11,85.35,27.1,0.73,3.71,99.56,4.840000000000007,32.78
2024-10-19,0.66,85.9,26.68,0.72,3.38,99.68,1.380000000000007,30.86
2024-10-20,6.06,86.07,26.86,0.72,3.05,99.68,6.830000000000006,31.61
2024-10-21,8.95,87.64,27.01,0.73,3.28,99.68,15.670000000000005,34.21
2024-10-22,6.6,86.58,27.09,0.73,2.31,99.67,21.610000000000007,34.25
2024-10-23,13.86,89.6,26.73,0.74,3.69,99.68,29.410000000000004,37.84
2024-10-24,2.6,86.25,26.73,0.74,4.53,99.69,23.060000000000006,35.8
2024-10-25,2.67,86.11,27.08,0.74,4.16,99.68,19.13000000000001,35.0
2024-10-26,8.9,89.16,26.93,0.74,4.52,99.64,14.170000000000007,36.05
2024-10-27,7.87,89.08,26.7,0.75,4.09,99.53,19.44000000000001,37.96
2024-10-28,1.24,88.64,26.95,0.75,4.35,99.49,18.010000000000005,38.02
2024-10-29,0.46,88.11,27.16,0.74,3.5,99.54,9.570000000000007,35.17
2024-10-30,0.4,88.1,27.11,0.74,3.13,99.53,2.100000000000007,33.88
2024-10-31,0.32,86.28,27.0,0.74,2.47,99.62,1.1800000000000073,31.85
2024-11-01,5.61,85.78,26.99,0.73,2.08,99.7,6.330000000000007,31.14
2024-11-02,34.35,84.43,26.4,0.74,1.6,99.75,40.28000000000001,35.64
2024-11-03,24.39,81.8,26.66,0.77,1.6,99.73,64.35000000000001,39.74
2024-11-04,15.09,84.18,26.59,0.78,2.71,99.61,73.83000000000001,44.27
2024-11-05,14.96,84.19,26.18,0.79,2.59,99.7,54.44000000000001,40.83
2024-11-06,1.41,79.43,26.69,0.79,2.9,99.66,31.460000000000008,35.71
2024-11-07,5.19,83.84,26.7,0.79,3.34,99.62,21.56000000000001,36.6
2024-11-08,23.92,92.09,26.75,0.79,3.51,99.55,30.52000000000001,42.18
2024-11-09,8.36,85.63,26.92,0.81,4.42,99.55,37.47000000000001,41.87
2024-11-10,0.15,84.16,26.68,0.8,5.0,99.53,32.430000000000014,40.52
2024-11-11,0.14,83.12,26.95,0.79,4.33,99.48,8.650000000000006,35.98
2024-11-12,2.33,84.84,26.8,0.79,4.23,99.44,2.620000000000007,36.04
2024-11-13,7.36,86.68,27.01,0.79,2.97,99.32,9.830000000000007,38.28
2024-11-14,25.59,86.62,26.94,0.8,1.91,99.48,35.28000000000001,40.76
2024-11-15,21.83,81.97,27.36,0.81,1.01,99.5,54.78,41.62
2024-11-16,6.79,77.23,27.83,0.82,1.25,99.43,54.21000000000001,40.66
2024-11-17,5.28,79.65,27.76,0.82,1.85,99.43,33.900000000000006,38.82
2024-11-18,4.65,81.74,27.31,0.82,2.07,99.5,16.720000000000006,36.54
2024-11-19,25.37,87.97,26.62,0.82,4.66,99.46,35.300000000000004,43.83
2024-11-20,5.87,86.63,26.79,0.83,4.16,99.5,35.89,43.18
2024-11-21,4.77,85.2,26.67,0.83,2.94,99.55,36.010000000000005,41.51
2024-11-22,19.75,88.63,26.41,0.84,4.91,99.46,30.39,44.32
2024-11-23,11.3,83.55,26.97,0.85,3.12,99.54,35.82,41.81
2024-11-24,13.94,88.23,26.05,0.85,4.51,99.57,44.99,45.73
2024-11-25,11.78,90.04,25.55,0.86,7.7,99.38,37.019999999999996,48.99
2024-11-26,36.8,91.03,25.93,0.88,7.74,99.23,62.519999999999996,55.54
2024-11-27,9.0,90.42,25.95,0.89,9.97,99.12,57.58,57.06
2024-11-28,1.69,83.46,25.96,0.89,6.92,99.28,47.489999999999995,49.53
2024-11-29,3.04,86.49,26.16,0.88,5.01,99.29,13.73,43.98
2024-11-30,6.65,87.21,26.34,0.88,5.92,99.31,11.38,44.24
2024-12-01,0.24,83.1,26.67,0.88,6.1,99.27,9.930000000000001,42.7
2024-12-02,0.09,79.99,26.47,0.87,5.16,99.36,6.98,39.23
2024-12-03,0.06,78.2,26.95,0.86,3.21,99.51,0.39,34.7
2024-12-04,0.37,75.67,27.2,0.86,1.44,99.53,0.52,32.52
2024-12-05,3.98,84.58,26.69,0.85,2.75,99.56,4.41,36.94
2024-12-06,0.81,85.47,25.98,0.85,3.25,99.58,5.16,37.54
2024-12-07,0.22,80.89,26.67,0.85,3.05,99.54,5.010000000000001,35.8
2024-12-08,5.97,83.31,26.41,0.84,2.48,99.57,7.0,36.16
2024-12-09,0.81,81.15,26.16,0.84,3.58,99.53,7.0,36.17
2024-12-10,0.46,82.83,26.19,0.83,4.5,99.5,7.24,37.25
2024-12-11,1.15,86.17,26.4,0.83,4.92,99.43,2.42,38.72
2024-12-12,10.87,86.62,26.25,0.83,3.12,99.37,12.479999999999999,40.03
2024-12-13,20.32,84.39,26.75,0.83,1.34,99.5,32.339999999999996,40.14
2024-12-14,25.82,87.88,26.51,0.85,3.72,99.59,57.01,46.87
2024-12-15,2.16,84.43,26.0,0.85,6.17,99.66,48.3,44.78
2024-12-16,11.98,90.27,25.93,0.85,5.47,99.58,39.96,46.24
2024-12-17,1.02,89.77,25.87,0.85,4.41,99.55,15.16,41.81
2024-12-18,1.95,87.57,26.27,0.85,3.26,99.51,14.950000000000001,40.56
2024-12-19,7.81,86.91,26.56,0.85,2.15,99.52,10.78,38.94
2024-12-20,3.13,88.37,26.83,0.85,3.71,99.53,12.89,40.65
2024-12-21,5.35,89.92,27.02,0.85,3.73,99.52,16.29,41.94
2024-12-22,3.07,87.12,26.8,0.85,2.68,99.59,11.549999999999999,38.85
2024-12-23,0.25,84.3,26.21,0.84,3.27,99.59,8.669999999999998,37.1
2024-12-24,0.0,81.55,25.77,0.84,2.55,99.66,3.32,34.12
2024-12-25,0.0,78.17,26.02,0.83,1.81,99.74,0.25,30.71
2024-12-26,0.2,79.39,26.66,0.82,2.87,99.81,0.2,30.78
2024-12-27,2.06,83.4,26.92,0.82,1.97,99.83,2.2600000000000002,32.15
2024-12-28,1.14,83.67,26.57,0.81,4.64,99.78,3.4000000000000004,33.88
2024-12-29,0.72,85.26,25.96,0.81,4.87,99.77,3.92,34.85
2024-12-30,4.64,83.82,26.86,0.8,2.05,99.69,6.5,33.36
2024-12-31,6.72,84.99,26.56,0.8,3.8,99.65,12.079999999999998,36.02
2025-01-01,14.9,87.38,25.9,0.83,6.01,99.6,26.259999999999998,42.14
2025-01-02,4.42,84.73,25.4,0.82,6.09,99.65,26.04,40.18
2025-01-03,0.52,83.5,25.26,0.81,6.39,99.64,19.84,38.51
2025-01-04,0.11,81.47,25.43,0.8,4.75,99.63,5.050000000000002,34.1
2025-01-05,0.2,79.54,25.58,0.79,4.39,99.71,0.8300000000000018,31.33
2025-01-06,0.02,82.25,25.56,0.79,4.78,99.67,0.3300000000000018,32.95
2025-01-07,0.04,84.18,25.87,0.78,3.85,99.62,0.2600000000000018,33.25
2025-01-08,0.52,84.44,25.86,0.78,4.72,99.6,0.5800000000000018,34.05
2025-01-09,1.88,84.15,26.06,0.77,5.08,99.63,2.4400000000000017,33.74
2025-01-10,3.24,87.11,26.1,0.78,5.63,99.72,5.640000000000002,35.46
2025-01-11,9.82,87.02,26.23,0.78,6.09,99.71,14.940000000000003,37.22
2025-01-12,16.22,87.27,25.95,0.8,4.65,99.62,29.28,40.4
2025-01-13,3.23,87.23,25.97,0.79,4.04,99.53,29.270000000000003,40.38
2025-01-14,12.5,88.34,25.53,0.81,4.2,99.6,31.950000000000003,41.62
2025-01-15,4.49,87.98,25.58,0.8,4.4,99.69,20.220000000000006,38.55
2025-01-16,2.91,87.49,25.14,0.79,5.88,99.68,19.900000000000006,38.76
2025-01-17,0.23,84.06,25.29,0.78,6.25,99.57,7.630000000000004,36.07
2025-01-18,14.18,88.36,25.26,0.8,5.32,99.46,17.320000000000004,40.69
2025-01-19,21.04,90.93,25.33,0.84,6.62,99.4,35.45,47.52
2025-01-20,2.33,86.6,25.58,0.8,4.95,99.49,37.550000000000004,42.66
2025-01-21,2.81,86.8,25.88,0.79,5.79,99.42,26.180000000000003,41.58
2025-01-22,6.19,88.84,25.59,0.8,4.83,99.44,11.330000000000004,39.85
2025-01-23,2.86,84.12,25.65,0.79,5.1,99.45,11.860000000000003,37.57
2025-01-24,5.92,83.17,25.26,0.79,4.66,99.45,14.970000000000002,37.42
2025-01-25,1.99,87.9,24.72,0.79,5.09,99.51,10.770000000000003,38.5
2025-01-26,0.19,85.06,25.1,0.79,5.76,99.48,8.100000000000003,37.49
2025-01-27,0.94,82.2,24.75,0.78,4.93,99.49,3.1200000000000037,34.54
2025-01-28,2.43,82.96,23.6,0.79,4.76,99.6,3.560000000000003,34.34
2025-01-29,9.27,87.53,23.96,0.79,5.48,99.65,12.640000000000002,37.67
2025-01-30,10.67,87.83,26.65,0.81,3.42,99.48,22.370000000000005,40.48
2025-01-31,5.95,87.05,26.85,0.8,2.8,99.45,25.890000000000004,40.2
2025-02-01,3.09,83.58,26.48,0.79,3.74,99.57,19.710000000000004,36.83
2025-02-02,0.37,81.19,26.3,0.77,3.85,99.62,9.410000000000004,33.0
2025-02-03,0.16,79.56,25.98,0.77,3.9,99.67,3.620000000000003,31.0
2025-02-04,0.06,78.64,25.51,0.76,4.04,99.65,0.5900000000000035,29.96
2025-02-05,0.53,82.01,25.8,0.76,3.65,99.57,0.7500000000000036,31.87
2025-02-06,0.08,80.46,25.97,0.75,3.79,99.54,0.6700000000000035,31.11
2025-02-07,0.01,80.44,25.06,0.74,4.84,99.67,0.6200000000000035,30.14
2025-02-08,0.0,78.98,24.94,0.73,5.45,99.65,0.09000000000000355,29.52
2025-02-09,0.0,79.36,24.82,0.73,5.55,99.63,0.010000000000003553,29.89
2025-02-10,0.0,79.59,25.09,0.72,4.62,99.71,0.0,28.39
2025-02-11,0.03,82.32,26.16,0.71,4.64,99.75,0.03000000000000355,28.8
2025-02-12,0.01,81.97,26.29,0.71,4.79,99.71,0.040000000000003554,29.07
2025-02-13,0.0,79.13,25.46,0.7,4.26,99.73,0.040000000000003554,26.99
2025-02-14,0.0,78.4,25.12,0.69,2.81,99.76,0.010000000000003553,25.21
2025-02-15,0.02,74.7,25.46,0.69,3.57,99.67,0.020000000000003553,24.81
2025-02-16,0.05,76.13,26.12,0.68,2.94,99.67,0.07000000000000356,24.66
2025-02-17,0.11,78.87,26.32,0.67,4.0,99.78,0.18000000000000355,25.07
2025-02-18,0.16,77.53,26.28,0.66,4.03,99.77,0.3200000000000036,24.2
2025-02-19,0.07,73.89,26.33,0.65,2.91,99.65,0.3400000000000035,22.64
2025-02-20,0.06,73.21,26.64,0.64,2.55,99.71,0.2900000000000036,21.22
2025-02-21,0.06,74.75,26.77,0.63,2.74,99.78,0.19000000000000358,20.95
2025-02-22,0.04,75.72,26.48,0.62,3.0,99.84,0.16000000000000358,20.57
2025-02-23,0.02,77.33,26.28,0.61,4.09,99.85,0.12000000000000358,21.33
2025-02-24,0.07,77.65,26.45,0.6,5.22,99.79,0.13000000000000358,22.16
2025-02-25,3.85,82.64,26.84,0.61,5.68,99.78,3.9400000000000035,25.63
2025-02-26,10.88,83.36,27.24,0.63,5.26,99.72,14.800000000000004,28.76
2025-02-27,8.41,85.4,27.07,0.67,4.47,99.55,23.140000000000004,33.63
2025-02-28,21.0,87.01,27.4,0.7,2.97,99.51,40.290000000000006,37.8
2025-03-01,27.91,88.35,26.87,0.76,3.45,99.46,57.32000000000001,44.26
2025-03-02,55.06,83.73,26.89,0.84,2.3,99.52,103.97000000000001,51.89
2025-03-03,10.56,84.48,26.67,0.78,3.22,99.57,93.53000000000002,48.1
2025-03-04,0.36,79.11,26.87,0.74,2.79,99.56,65.98,39.66
2025-03-05,0.05,73.89,27.59,0.72,1.89,99.62,10.970000000000008,26.97
2025-03-06,0.19,73.97,27.11,0.71,2.14,99.69,0.6000000000000071,24.5
2025-03-07,0.0,66.36,26.53,0.7,2.14,99.6,0.2400000000000071,21.55
2025-03-08,0.0,72.36,26.4,0.69,2.53,99.52,0.1900000000000071,24.55
2025-03-09,0.06,68.06,26.04,0.68,3.01,99.5,0.0600000000000071,22.71
2025-03-10,5.89,83.51,26.32,0.7,4.39,99.57,5.950000000000006,31.19
2025-03-11,53.54,89.61,26.07,0.81,3.73,99.54,59.49000000000001,46.73
2025-03-12,3.36,77.51,26.92,0.75,2.42,99.62,62.79,38.2
2025-03-13,3.75,80.39,27.52,0.74,1.95,99.56,60.650000000000006,38.91
2025-03-14,5.6,82.38,27.18,0.75,1.72,99.6,12.709999999999999,32.19
2025-03-15,4.11,80.78,27.43,0.74,1.6,99.65,13.46,30.72
2025-03-16,8.25,78.46,27.43,0.75,0.99,99.68,17.96,30.29
2025-03-17,8.79,80.63,27.49,0.76,2.38,99.64,21.15,33.22
2025-03-18,5.22,81.05,27.48,0.75,2.03,99.63,22.26,33.04
2025-03-19,6.69,83.1,27.56,0.76,1.95,99.78,20.700000000000003,32.79
2025-03-20,0.81,77.38,27.92,0.73,2.38,99.83,12.720000000000002,27.65
2025-03-21,7.53,78.8,28.16,0.74,2.0,99.82,15.030000000000001,28.92
2025-03-22,7.12,78.28,28.27,0.75,2.02,99.78,15.46,29.53
2025-03-23,1.82,77.03,27.94,0.73,2.36,99.74,16.470000000000002,28.84
2025-03-24,2.22,78.72,27.83,0.72,3.29,99.65,11.16,29.55
2025-03-25,9.44,80.41,28.0,0.73,3.27,99.47,13.48,32.56
2025-03-26,13.31,71.72,27.39,0.76,2.05,99.49,24.97,31.12
2025-03-27,5.95,80.35,27.22,0.74,2.2,99.48,28.700000000000003,34.68
2025-03-28,1.71,78.32,27.43,0.73,1.72,99.4,20.97,32.6
2025-03-29,5.65,76.97,27.85,0.73,2.36,99.37,13.31,31.42
2025-03-30,0.72,69.11,28.11,0.71,1.39,99.44,8.08,25.31
2025-03-31,1.13,76.22,27.71,0.7,2.3,99.51,7.5,27.71
2025-04-01,10.79,82.48,27.14,0.73,1.92,99.43,12.639999999999999,32.91
2025-04-02,11.45,82.01,27.06,0.76,1.05,99.54,23.369999999999997,34.27
2025-04-03,19.1,80.04,27.62,0.77,2.24,99.63,41.34,36.57
2025-04-04,41.75,72.69,27.85,0.81,1.75,99.68,72.30000000000001,39.32
2025-04-05,11.4,84.42,26.98,0.81,2.63,99.61,72.25,45.35
2025-04-06,15.22,84.99,27.37,0.8,2.86,99.56,68.37,45.1
2025-04-07,12.27,86.92,27.33,0.81,2.97,99.56,38.89000000000001,41.78
2025-04-08,11.22,86.29,27.44,0.81,2.3,99.66,38.71000000000001,40.28
2025-04-09,7.76,87.19,26.79,0.8,4.91,99.66,31.250000000000007,40.48
2025-04-10,8.44,83.24,27.47,0.8,4.3,99.5,27.42000000000001,39.21
2025-04-11,7.05,84.61,27.44,0.8,5.46,99.54,23.250000000000007,39.43
2025-04-12,2.79,85.48,27.42,0.79,4.9,99.53,18.28000000000001,38.38
2025-04-13,3.38,85.84,27.55,0.79,3.77,99.53,13.220000000000006,37.13
2025-04-14,8.37,86.72,27.63,0.8,2.66,99.48,14.540000000000006,37.95
2025-04-15,6.86,83.3,27.71,0.8,1.96,99.48,18.610000000000007,36.76
2025-04-16,3.07,87.26,27.23,0.79,2.7,99.54,18.300000000000008,37.86
2025-04-17,0.65,86.16,27.41,0.79,2.37,99.49,10.580000000000007,36.43
2025-04-18,2.52,85.9,27.58,0.78,3.85,99.49,6.240000000000007,36.01
2025-04-19,2.35,85.09,27.62,0.78,4.31,99.47,5.520000000000007,35.97
2025-04-20,4.07,84.9,27.81,0.78,3.88,99.47,8.940000000000007,36.2
2025-04-21,6.77,87.22,27.6,0.79,3.48,99.56,13.190000000000007,37.3
2025-04-22,8.1,85.88,27.18,0.79,2.42,99.69,18.940000000000005,35.97
2025-04-23,7.77,87.81,26.88,0.79,3.21,99.6,22.640000000000008,38.55
2025-04-24,6.61,87.76,27.28,0.79,3.59,99.48,22.480000000000008,39.72
2025-04-25,6.05,87.1,27.59,0.79,3.43,99.46,20.430000000000007,39.2
2025-04-26,13.62,85.9,27.55,0.81,3.49,99.45,26.28000000000001,40.57
2025-04-27,16.02,87.73,27.37,0.82,2.58,99.5,35.690000000000005,42.33
2025-04-28,19.68,86.26,26.67,0.83,2.97,99.44,49.32000000000001,44.99
2025-04-29,8.24,83.57,27.4,0.81,3.02,99.4,43.940000000000005,42.52
2025-04-30,18.53,88.08,27.05,0.83,4.45,99.52,46.45,45.44
2025-05-01,5.28,83.57,27.41,0.82,3.24,99.54,32.050000000000004,40.02
2025-05-02,4.44,85.52,27.65,0.81,2.89,99.58,28.25,39.3
2025-05-03,4.59,87.93,27.27,0.81,3.38,99.52,14.31,38.9
2025-05-04,4.35,86.45,27.7,0.81,2.7,99.42,13.38,38.6
2025-05-05,12.43,89.08,27.7,0.82,3.13,99.42,21.369999999999997,41.63
2025-05-06,10.05,86.37,27.61,0.83,3.31,99.53,26.83,40.93
2025-05-07,12.26,87.75,26.83,0.83,4.53,99.54,34.739999999999995,43.33
2025-05-08,8.72,81.11,27.43,0.83,2.8,99.51,31.03,39.25
2025-05-09,4.68,85.42,27.84,0.83,3.02,99.48,25.660000000000004,40.61
2025-05-10,2.21,85.15,27.9,0.82,3.79,99.5,15.61,38.74
2025-05-11,1.31,83.43,27.64,0.81,4.13,99.46,8.2,36.94
2025-05-12,2.63,85.31,27.98,0.81,4.84,99.36,6.15,38.64
2025-05-13,3.44,85.26,28.13,0.81,6.02,99.33,7.38,39.7
2025-05-14,3.53,85.82,27.95,0.81,5.2,99.42,9.6,39.09
2025-05-15,5.25,78.05,27.82,0.81,2.72,99.46,12.219999999999999,34.53
2025-05-16,5.55,84.66,27.91,0.81,4.29,99.4,14.329999999999998,39.02
2025-05-17,16.31,86.75,27.41,0.83,3.3,99.42,27.11,42.05
2025-05-18,16.57,87.32,27.64,0.84,3.64,99.29,38.42999999999999,45.77
2025-05-19,10.15,89.03,27.43,0.83,6.3,99.25,43.03,48.57
2025-05-20,7.14,86.58,27.73,0.83,6.1,99.28,33.86,45.73
2025-05-21,3.53,85.93,27.52,0.82,5.53,99.38,20.819999999999997,41.84
2025-05-22,1.82,84.82,27.95,0.81,4.96,99.39,12.489999999999997,39.24
2025-05-23,7.39,87.7,27.76,0.82,5.1,99.27,12.739999999999995,42.01
2025-05-24,16.98,87.6,26.96,0.84,5.39,99.38,26.189999999999998,44.16
2025-05-25,12.46,88.06,27.34,0.84,5.17,99.48,36.83,45.07
2025-05-26,9.08,89.22,27.52,0.84,5.92,99.49,38.519999999999996,46.15
2025-05-27,19.94,89.3,27.28,0.86,6.99,99.44,41.47999999999999,48.49
2025-05-28,15.14,90.15,27.65,0.86,7.43,99.38,44.16,50.01
2025-05-29,15.56,89.0,27.51,0.86,7.39,99.45,50.63999999999999,49.93
2025-05-30,8.57,85.12,27.33,0.86,8.57,99.5,39.26999999999999,46.72
2025-05-31,12.78,87.1,26.86,0.86,6.86,99.62,36.90999999999999,45.26
2025-06-01,3.56,89.21,27.21,0.85,5.73,99.64,24.909999999999986,43.07
2025-06-02,0.96,88.95,27.25,0.85,4.84,99.6,17.29999999999999,41.62
2025-06-03,0.88,89.45,27.2,0.85,4.83,99.6,5.39999999999999,39.95
2025-06-04,3.4,89.36,27.11,0.85,4.73,99.61,5.2399999999999896,39.75
2025-06-05,2.27,88.55,27.34,0.84,4.39,99.58,6.549999999999989,39.26
2025-06-06,0.46,89.66,27.34,0.83,4.68,99.58,6.129999999999989,39.4
2025-06-07,0.08,88.12,27.16,0.82,5.24,99.62,2.8099999999999894,37.77
2025-06-08,0.02,85.02,27.31,0.82,5.39,99.57,0.5599999999999894,36.6
2025-06-09,0.47,86.51,27.19,0.81,6.14,99.48,0.5699999999999893,37.97
2025-06-10,13.24,88.86,27.15,0.83,7.06,99.3,13.72999999999999,43.89
2025-06-11,13.23,86.93,26.48,0.84,8.03,99.27,26.93999999999999,46.34
2025-06-12,3.84,86.04,27.12,0.82,7.08,99.25,30.30999999999999,45.3
2025-06-13,10.19,89.68,27.08,0.83,7.2,99.39,27.25999999999999,45.68
2025-06-14,22.41,86.34,26.44,0.85,6.98,99.56,36.43999999999998,45.01
2025-06-15,8.98,86.38,26.54,0.84,6.55,99.51,41.579999999999984,45.59
2025-06-16,11.59,86.98,26.62,0.84,5.36,99.53,42.97999999999999,45.26
2025-06-17,4.7,87.44,26.72,0.84,3.81,99.62,25.26999999999999,41.08
2025-06-18,1.53,89.62,26.46,0.83,4.19,99.6,17.81999999999999,40.78
2025-06-19,3.47,88.8,26.84,0.83,5.01,99.59,9.699999999999989,39.69
2025-06-20,2.93,90.03,26.66,0.83,4.84,99.63,7.929999999999989,39.5
2025-06-21,2.22,90.56,26.77,0.82,4.94,99.61,8.61999999999999,39.64
2025-06-22,1.52,89.83,26.71,0.82,5.3,99.61,6.669999999999989,39.21
2025-06-23,1.48,83.14,26.84,0.82,4.66,99.61,5.21999999999999,35.8
2025-06-24,0.91,89.63,26.7,0.81,5.08,99.5,3.9099999999999895,39.08
2025-06-25,2.09,90.16,26.92,0.81,5.31,99.46,4.47999999999999,39.85
2025-06-26,7.62,88.92,26.83,0.82,5.56,99.52,10.619999999999989,40.34
2025-06-27,3.06,84.84,26.65,0.81,4.42,99.54,12.769999999999989,37.75
2025-06-28,2.29,89.21,26.62,0.81,4.43,99.54,12.969999999999988,39.63
2025-06-29,0.68,86.7,26.81,0.8,4.62,99.51,6.029999999999989,37.41
2025-06-30,0.16,87.9,26.94,0.8,4.13,99.46,3.1299999999999883,37.62
2025-07-01,0.18,89.22,26.87,0.8,4.81,99.5,1.0199999999999885,37.88
2025-07-02,0.18,88.1,26.86,0.79,5.41,99.49,0.5199999999999885,37.31
2025-07-03,0.49,87.91,26.73,0.79,4.8,99.57,0.8499999999999884,36.28
2025-07-04,0.69,87.09,26.98,0.78,4.46,99.62,1.3599999999999883,34.99
2025-07-05,0.46,88.84,27.02,0.78,4.89,99.6,1.6399999999999886,36.17
2025-07-06,0.91,88.29,26.76,0.78,5.04,99.56,2.059999999999988,36.42
2025-07-07,0.25,88.04,26.87,0.77,5.23,99.53,1.6199999999999883,36.18
2025-07-08,0.24,88.51,27.02,0.77,5.01,99.56,1.3999999999999884,35.97
2025-07-09,0.4,89.71,27.09,0.77,5.06,99.52,0.8899999999999885,36.76
2025-07-10,0.68,90.03,27.02,0.76,5.15,99.41,1.3199999999999885,37.52
2025-07-11,0.45,89.8,27.03,0.76,6.99,99.38,1.5299999999999885,38.7
2025-07-12,0.49,89.02,26.9,0.76,6.71,99.5,1.6199999999999883,37.22
2025-07-13,0.45,88.46,26.32,0.75,6.15,99.54,1.3899999999999886,35.89
2025-07-14,0.35,87.42,26.45,0.75,6.51,99.58,1.2899999999999885,35.29
2025-07-15,1.56,85.96,26.83,0.74,5.98,99.47,2.3599999999999888,35.05
2025-07-16,3.62,87.65,26.06,0.75,6.38,99.42,5.529999999999989,37.33
2025-07-17,5.5,87.31,26.27,0.75,6.51,99.42,10.679999999999989,38.06
2025-07-18,5.37,87.33,26.17,0.76,6.83,99.42,14.489999999999988,39.26
2025-07-19,4.72,88.09,25.95,0.75,8.05,99.32,15.589999999999987,40.83
2025-07-20,4.59,88.48,25.46,0.75,6.29,99.31,14.679999999999989,39.99
2025-07-21,11.31,89.84,25.83,0.77,6.36,99.4,20.61999999999999,41.63
2025-07-22,4.79,91.57,26.07,0.76,5.75,99.47,20.68999999999999,41.03
2025-07-23,9.71,89.47,25.92,0.77,6.32,99.42,25.80999999999999,42.1
2025-07-24,4.96,91.86,25.97,0.77,5.76,99.42,19.45999999999999,41.81
2025-07-25,2.49,89.35,25.89,0.76,4.95,99.47,17.15999999999999,39.1
2025-07-26,6.52,89.7,25.37,0.77,4.71,99.62,13.969999999999988,37.79
2025-07-27,1.53,88.37,25.49,0.75,4.23,99.64,10.539999999999988,35.41
2025-07-28,0.34,87.13,26.12,0.74,4.54,99.57,8.38999999999999,34.88
2025-07-29,0.4,88.64,26.33,0.73,6.45,99.55,2.2699999999999894,35.33
2025-07-30,0.43,89.0,26.38,0.73,5.41,99.53,1.1699999999999893,34.92
2025-07-31,0.1,90.98,26.21,0.73,5.09,99.43,0.9299999999999893,36.39
2025-08-01,8.43,90.59,25.97,0.74,4.74,99.39,8.959999999999988,38.05
2025-08-02,10.63,90.47,25.59,0.76,4.47,99.43,19.15999999999999,39.97
2025-08-03,14.38,89.96,25.24,0.77,5.53,99.52,33.43999999999999,42.24
2025-08-04,1.7,86.44,25.56,0.75,4.83,99.5,26.70999999999999,38.63
2025-08-05,0.67,88.88,25.7,0.73,6.01,99.5,16.74999999999999,37.89
2025-08-06,0.21,88.22,25.8,0.72,5.19,99.45,2.5799999999999894,34.94
2025-08-07,0.47,91.03,25.65,0.73,4.85,99.39,1.3499999999999894,36.68
2025-08-08,0.6,90.4,25.91,0.73,4.66,99.48,1.2799999999999891,35.55
2025-08-09,1.77,89.03,25.91,0.73,4.41,99.67,2.839999999999989,33.48
2025-08-10,1.41,89.91,25.91,0.72,4.79,99.65,3.7799999999999896,33.95
2025-08-11,3.23,89.46,25.82,0.73,4.23,99.66,6.4099999999999895,34.21
2025-08-12,5.75,84.87,25.58,0.73,5.92,99.59,10.38999999999999,34.39
2025-08-13,0.68,87.41,25.97,0.72,5.26,99.48,9.65999999999999,35.49
2025-08-14,1.84,89.45,26.11,0.72,5.15,99.5,8.269999999999989,35.91
2025-08-15,2.9,87.48,26.26,0.72,5.91,99.43,5.419999999999989,35.63
2025-08-16,2.67,88.88,26.11,0.72,6.39,99.31,7.4099999999999895,37.8
2025-08-17,5.4,89.47,26.31,0.73,6.0,99.36,10.96999999999999,38.4
2025-08-18,2.99,91.16,26.28,0.73,4.87,99.57,11.05999999999999,36.76
2025-08-19,0.49,87.98,26.37,0.71,5.13,99.58,8.87999999999999,34.28
2025-08-20,0.1,86.42,26.36,0.7,3.55,99.56,3.5799999999999894,31.68
2025-08-21,0.19,86.35,26.21,0.69,3.21,99.61,0.7799999999999894,30.18
2025-08-22,0.38,88.06,26.25,0.69,3.82,99.57,0.6699999999999894,31.55
2025-08-23,0.62,87.63,26.15,0.69,4.2,99.58,1.1899999999999893,31.58
2025-08-24,0.45,88.65,26.27,0.69,3.83,99.62,1.4499999999999893,31.51
2025-08-25,0.38,85.23,26.92,0.68,4.11,99.53,1.4499999999999893,30.55
2025-08-26,0.51,83.66,26.77,0.67,5.2,99.56,1.3399999999999894,29.78
2025-08-27,5.16,84.21,26.83,0.68,6.23,99.57,6.04999999999999,31.65
2025-08-28,3.89,87.21,26.68,0.69,6.34,99.53,9.55999999999999,34.29
2025-08-29,1.7,87.3,26.71,0.68,5.85,99.63,10.749999999999991,32.99
2025-08-30,1.27,81.94,26.29,0.67,6.15,99.71,6.8599999999999905,29.17
2025-08-31,0.84,85.07,26.44,0.66,5.61,99.63,3.8099999999999903,29.97
2025-09-01,1.53,87.05,26.45,0.66,5.91,99.43,3.6399999999999904,32.63
2025-09-02,1.05,89.48,26.25,0.66,5.53,99.44,3.41999999999999,33.33
2025-09-03,0.92,88.28,26.39,0.65,5.65,99.45,3.4999999999999902,32.4
2025-09-04,0.45,84.15,26.58,0.64,5.82,99.5,2.41999999999999,29.72
2025-09-05,0.13,85.78,26.4,0.63,4.89,99.55,1.4999999999999902,28.92
2025-09-06,0.1,85.89,26.61,0.62,4.98,99.56,0.6799999999999903,28.38
2025-09-07,0.18,84.32,26.91,0.62,5.08,99.48,0.40999999999999026,28.4
2025-09-08,3.7,87.28,26.54,0.63,4.34,99.43,3.9799999999999907,30.66
2025-09-09,10.55,89.01,26.53,0.67,3.57,99.5,14.42999999999999,33.72
2025-09-10,7.1,87.1,26.58,0.67,3.81,99.55,21.34999999999999,33.71
2025-09-11,6.77,86.49,26.54,0.67,4.73,99.54,24.41999999999999,34.51
2025-09-12,1.51,83.08,26.85,0.65,4.58,99.51,15.37999999999999,30.97
2025-09-13,1.15,84.07,26.93,0.64,4.71,99.53,9.42999999999999,29.94
2025-09-14,0.66,84.88,26.73,0.63,4.13,99.6,3.319999999999991,28.0
2025-09-15,1.32,84.2,26.72,0.63,4.51,99.55,3.129999999999991,28.31
2025-09-16,4.51,86.82,26.41,0.65,3.81,99.56,6.489999999999991,30.33
2025-09-17,9.2,86.43,26.81,0.66,4.5,99.54,15.02999999999999,32.47
2025-09-18,28.4,87.53,26.42,0.74,4.34,99.6,42.109999999999985,39.98
2025-09-19,8.96,88.98,26.36,0.73,4.46,99.67,46.55999999999999,40.35
2025-09-20,3.58,87.24,26.52,0.69,4.63,99.6,40.93999999999999,37.72
2025-09-21,2.71,86.19,26.51,0.68,4.97,99.54,15.24999999999999,33.5
2025-09-22,7.24,86.82,26.83,0.69,5.49,99.61,13.52999999999999,33.61
2025-09-23,3.86,84.42,26.95,0.68,5.76,99.69,13.80999999999999,31.69
2025-09-24,8.76,85.6,26.8,0.7,6.3,99.6,19.859999999999992,35.04
2025-09-25,20.55,84.7,26.29,0.74,6.63,99.55,33.16999999999999,39.04
2025-09-26,28.74,87.11,26.03,0.79,6.26,99.57,58.04999999999998,45.71
2025-09-27,9.77,86.34,26.61,0.75,5.22,99.61,59.05999999999999,42.95
2025-09-28,2.98,85.56,26.94,0.73,5.29,99.64,41.48999999999998,38.8
2025-09-29,0.55,88.62,26.53,0.72,5.06,99.58,13.299999999999985,35.63
2025-09-30,1.92,87.7,26.85,0.71,4.6,99.46,5.449999999999986,34.34
2025-10-01,0.3,87.64,26.73,0.71,4.84,99.41,2.769999999999986,34.45
2025-10-02,0.14,85.13,26.9,0.7,3.58,99.53,2.3599999999999857,31.21
2025-10-03,1.62,85.55,26.85,0.7,2.9,99.65,2.059999999999986,29.96
2025-10-04,15.72,87.4,26.56,0.74,2.2,99.74,17.479999999999986,33.73
2025-10-05,15.74,82.81,26.54,0.77,2.77,99.77,33.079999999999984,35.56
2025-10-06,3.56,85.69,26.27,0.74,2.7,99.76,35.01999999999998,35.86
2025-10-07,4.09,87.7,26.54,0.74,3.4,99.7,23.389999999999986,35.77
2025-10-08,1.85,84.99,26.74,0.73,2.84,99.69,9.499999999999986,31.8
2025-10-09,4.14,84.89,26.51,0.72,3.39,99.72,10.079999999999986,31.47
2025-10-10,3.43,85.61,26.44,0.73,4.33,99.63,9.419999999999986,33.35
2025-10-11,5.05,85.73,26.75,0.72,3.91,99.53,12.619999999999987,34.1
2025-10-12,15.14,85.09,26.99,0.76,2.91,99.46,23.619999999999987,37.29
2025-10-13,16.26,86.9,26.87,0.77,2.94,99.42,36.44999999999999,40.85
2025-10-14,59.64,81.58,27.04,0.84,2.0,99.21,91.03999999999999,51.38
2025-10-15,25.3,90.38,26.03,0.84,2.96,99.2,101.19999999999999,57.31
2025-10-16,26.97,87.29,26.54,0.85,3.45,99.24,111.90999999999998,58.04
2025-10-17,17.72,88.15,26.54,0.84,3.19,99.4,69.98999999999998,49.91
2025-10-18,9.8,87.92,26.07,0.83,3.81,99.43,54.48999999999999,47.04
2025-10-19,34.69,88.86,25.79,0.88,3.28,99.34,62.20999999999998,51.24
2025-10-20,120.48,91.97,25.27,0.95,4.89,99.27,164.96999999999997,73.11
2025-10-21,22.23,88.18,25.28,0.92,5.36,99.37,177.39999999999998,71.6
2025-10-22,26.0,86.92,26.14,0.92,5.52,99.48,168.70999999999998,68.86
2025-10-23,26.32,89.53,26.3,0.93,4.31,99.57,74.54999999999998,54.2
2025-10-24,27.47,85.6,26.21,0.93,2.57,99.66,79.78999999999998,51.66
2025-10-25,20.95,89.23,26.13,0.94,3.77,99.61,74.73999999999998,53.9
2025-10-26,6.99,86.82,26.53,0.93,3.63,99.57,55.40999999999999,49.68
2025-10-27,4.71,88.91,26.2,0.93,4.34,99.56,32.649999999999984,47.46
2025-10-28,3.28,86.66,26.87,0.92,5.04,99.56,14.979999999999986,43.69
2025-10-29,1.07,84.92,27.01,0.91,3.96,99.57,9.059999999999986,40.93
2025-10-30,0.1,82.81,26.86,0.91,2.61,99.68,4.449999999999986,37.66
2025-10-31,0.01,82.3,26.95,0.9,2.12,99.74,1.179999999999986,35.74
2025-11-01,0.27,80.98,27.22,0.89,1.82,99.75,0.3799999999999858,34.38
2025-11-02,0.98,84.72,26.77,0.89,3.27,99.82,1.2599999999999858,36.3
2025-11-03,0.14,83.38,26.46,0.88,3.56,99.77,1.389999999999986,35.91
2025-11-04,0.37,85.64,26.47,0.88,4.54,99.71,1.4899999999999858,37.91
2025-11-05,3.74,85.52,26.42,0.87,4.63,99.58,4.249999999999986,39.01
2025-11-06,9.99,85.06,26.57,0.88,5.34,99.59,14.099999999999987,41.09
2025-11-07,7.98,86.02,26.38,0.88,4.28,99.65,21.709999999999987,41.61
2025-11-08,9.05,84.91,26.3,0.88,3.02,99.69,27.01999999999999,40.96
2025-11-09,1.62,81.03,26.14,0.87,2.87,99.65,18.649999999999984,37.83
2025-11-10,6.65,82.51,26.1,0.87,1.96,99.67,17.319999999999986,37.59
2025-11-11,8.7,83.6,26.33,0.87,2.23,99.68,16.969999999999985,38.06
2025-11-12,8.18,84.94,26.7,0.87,3.12,99.64,23.529999999999983,40.47
2025-11-13,8.67,83.93,26.91,0.87,2.96,99.65,25.549999999999983,40.19
2025-11-14,3.41,85.95,26.48,0.87,4.15,99.65,20.259999999999984,40.86
2025-11-15,2.31,87.72,25.9,0.86,5.28,99.68,14.389999999999986,40.63
2025-11-16,2.3,89.68,26.19,0.86,5.5,99.69,8.019999999999985,40.49
2025-11-17,60.17,89.09,26.0,0.91,3.21,99.65,64.77999999999999,50.37
2025-11-18,63.0,85.76,25.72,0.93,2.92,99.62,125.46999999999998,59.43
2025-11-19,3.59,83.36,26.06,0.91,1.88,99.65,126.75999999999999,56.95
2025-11-20,4.25,87.91,26.24,0.91,3.78,99.63,70.83999999999999,51.3
2025-11-21,11.69,85.61,26.91,0.91,3.39,99.68,19.529999999999987,41.63
2025-11-22,32.09,85.91,26.34,0.92,2.22,99.66,48.02999999999999,46.19
2025-11-23,30.26,90.65,25.8,0.93,3.69,99.64,74.03999999999999,53.67
2025-11-24,38.23,92.02,25.64,0.94,3.33,99.55,100.57999999999998,59.41
2025-11-25,14.11,90.55,25.29,0.94,5.43,99.49,82.59999999999998,57.6
2025-11-26,76.73,90.48,25.33,0.96,3.06,99.5,129.07,64.35
2025-11-27,114.82,92.05,25.53,0.97,10.05,99.28,205.65999999999997,83.09
2025-11-28,94.78,89.38,24.37,0.98,10.01,99.43,286.33,93.76
2025-11-29,8.63,84.26,24.42,0.98,6.24,99.52,218.23,78.11
2025-11-30,0.43,84.27,25.21,0.97,3.57,99.56,103.83999999999999,57.95
2025-12-01,0.32,83.43,25.72,0.96,2.73,99.62,9.379999999999987,41.38
2025-12-02,0.02,83.68,25.62,0.95,2.33,99.6,0.7699999999999858,39.66
2025-12-03,0.32,79.93,26.53,0.93,1.5,99.64,0.6599999999999858,36.42
2025-12-04,6.65,80.72,26.64,0.93,2.43,99.71,6.989999999999986,37.67
2025-12-05,18.67,85.46,26.07,0.93,3.31,99.72,25.639999999999986,43.0
2025-12-06,5.35,83.29,26.28,0.93,3.14,99.75,30.669999999999987,42.52
2025-12-07,11.98,86.89,26.16,0.93,3.87,99.74,35.999999999999986,45.36
2025-12-08,2.68,86.23,25.7,0.92,5.37,99.71,20.009999999999987,43.21
2025-12-09,5.11,87.0,25.66,0.92,4.34,99.64,19.76999999999999,43.53
2025-12-10,3.08,85.7,25.56,0.91,3.76,99.67,10.869999999999987,40.6
2025-12-11,8.06,88.27,25.87,0.91,5.29,99.63,16.249999999999986,43.69
2025-12-12,14.17,86.82,25.84,0.91,3.94,99.59,25.309999999999988,44.11
2025-12-13,3.76,85.88,25.3,0.91,5.27,99.65,25.989999999999988,44.03
2025-12-14,1.22,85.42,25.0,0.9,5.82,99.69,19.149999999999984,42.3
2025-12-15,0.56,84.81,25.09,0.89,5.82,99.66,5.539999999999986,39.73
2025-12-16,2.79,85.55,26.28,0.89,2.97,99.55,4.569999999999986,39.28
2025-12-17,10.64,87.3,25.98,0.9,3.5,99.64,13.989999999999988,41.45
2025-12-18,18.3,87.11,25.81,0.9,6.23,99.63,31.72999999999999,45.72
2025-12-19,5.93,84.81,24.82,0.89,6.1,99.61,34.86999999999999,44.91
2025-12-20,4.38,83.55,24.36,0.89,5.12,99.58,28.609999999999985,43.11
2025-12-21,4.78,84.5,24.93,0.89,5.86,99.59,15.089999999999986,41.71
2025-12-22,0.24,84.3,24.99,0.88,5.63,99.58,9.399999999999986,40.27
2025-12-23,0.69,85.39,25.13,0.87,5.43,99.54,5.709999999999986,39.96
2025-12-24,1.42,87.83,24.45,0.87,5.2,99.58,2.3499999999999854,40.0
2025-12-25,1.0,83.11,24.66,0.86,4.95,99.69,3.109999999999985,36.64
2025-12-26,0.08,81.34,24.78,0.86,4.75,99.65,2.499999999999986,36.02
2025-12-27,0.35,83.1,25.02,0.85,4.72,99.66,1.4299999999999857,36.08
2025-12-28,2.91,85.01,25.28,0.85,4.88,99.7,3.3399999999999856,36.94
2025-12-29,1.57,85.66,25.83,0.85,5.0,99.64,4.829999999999986,38.01
2025-12-30,0.29,88.02,25.57,0.84,4.96,99.66,4.769999999999986,38.39
2025-12-31,5.89,89.83,25.43,0.84,4.89,99.54,7.749999999999986,40.6
2026-01-01,5.52,86.37,25.91,0.85,2.85,99.6,11.699999999999985,38.57
2026-01-02,4.84,85.09,25.67,0.85,3.74,99.72,16.249999999999986,38.21
2026-01-03,0.27,84.04,25.22,0.84,5.55,99.74,10.629999999999985,37.27
2026-01-04,0.16,84.89,24.68,0.83,6.23,99.77,5.2699999999999845,36.48
2026-01-05,3.64,86.09,25.48,0.83,5.94,99.76,4.069999999999985,36.73
2026-01-06,3.27,86.59,25.15,0.83,6.6,99.73,7.069999999999985,38.02
2026-01-07,0.22,83.08,24.58,0.82,7.6,99.82,7.129999999999985,35.91
2026-01-08,1.8,86.64,24.57,0.82,6.8,99.82,5.289999999999985,36.69
2026-01-09,1.93,90.2,24.91,0.82,6.93,99.65,3.949999999999985,39.49
2026-01-10,2.44,89.14,25.23,0.81,4.06,99.69,6.169999999999984,37.08
2026-01-11,7.8,81.86,26.26,0.82,1.63,99.82,12.169999999999984,32.95
2026-01-12,7.82,81.9,26.07,0.82,2.49,99.91,18.059999999999985,33.6
2026-01-13,10.96,84.99,25.82,0.83,3.93,99.9,26.579999999999984,37.54
2026-01-14,1.74,84.41,25.17,0.81,4.87,99.83,20.519999999999985,36.59
2026-01-15,0.18,80.83,24.71,0.8,4.01,99.73,12.879999999999985,33.82
2026-01-16,0.66,81.58,24.17,0.8,5.52,99.77,2.579999999999984,33.0
2026-01-17,0.0,80.35,23.89,0.79,5.01,99.66,0.8399999999999841,32.43
2026-01-18,0.0,78.43,23.94,0.79,3.76,99.65,0.6599999999999842,31.0
2026-01-19,0.0,79.57,23.72,0.78,3.83,99.74,0.0,30.24
2026-01-20,0.0,80.75,23.4,0.78,4.7,99.69,0.0,31.63
2026-01-21,0.03,80.62,23.22,0.77,5.25,99.76,0.02999999999998401,30.86
2026-01-22,0.16,79.58,23.77,0.76,4.46,99.84,0.18999999999998402,28.93
2026-01-23,0.0,79.13,23.85,0.76,4.12,99.9,0.18999999999998402,28.05
2026-01-24,0.31,87.42,25.21,0.75,3.86,99.82,0.469999999999984,31.71
2026-01-25,2.37,83.06,26.21,0.75,2.79,99.76,2.679999999999984,30.14
2026-01-26,0.81,81.57,25.98,0.74,3.43,99.89,3.4899999999999842,28.47
2026-01-27,0.15,82.63,25.19,0.73,5.79,99.96,3.329999999999984,29.15
2026-01-28,0.0,78.36,24.01,0.73,5.6,99.92,0.9599999999999841,27.21
2026-01-29,0.16,79.12,24.19,0.72,4.58,99.85,0.309999999999984,27.04
2026-01-30,3.47,82.85,24.52,0.72,4.97,99.9,3.6299999999999844,28.93
2026-01-31,5.21,85.52,24.97,0.73,5.66,99.83,8.839999999999984,32.27
2026-02-01,3.11,86.18,25.85,0.73,2.79,99.8,11.789999999999985,31.71
2026-02-02,6.53,85.38,25.95,0.73,5.75,99.78,14.849999999999984,33.62
2026-02-03,0.62,84.37,25.07,0.73,5.13,99.85,10.259999999999984,31.55
2026-02-04,1.07,83.71,25.55,0.71,5.38,99.81,8.219999999999985,30.57
2026-02-05,7.38,84.25,25.87,0.72,4.73,99.82,9.069999999999984,30.92
2026-02-06,8.38,85.28,25.81,0.73,5.29,99.84,16.829999999999984,33.13
2026-02-07,2.55,84.65,25.67,0.72,6.18,99.8,18.309999999999985,33.49
2026-02-08,0.08,80.56,24.94,0.7,5.83,99.72,11.009999999999984,30.25
2026-02-09,0.18,78.57,24.2,0.69,5.27,99.79,2.8099999999999836,26.8
2026-02-10,0.14,78.08,23.8,0.69,5.28,99.83,0.39999999999998403,25.89
2026-02-11,0.01,78.93,24.19,0.68,5.06,99.85,0.32999999999998403,25.53
2026-02-12,10.74,85.91,24.54,0.71,5.31,99.75,10.889999999999985,32.39
2026-02-13,1.09,86.15,25.12,0.7,5.43,99.66,11.839999999999984,33.04
2026-02-14,5.21,85.33,25.46,0.7,4.99,99.63,17.039999999999985,33.52
2026-02-15,1.06,81.67,25.25,0.68,5.47,99.65,7.3599999999999834,29.69
2026-02-16,0.06,78.94,25.14,0.67,4.48,99.57,6.329999999999984,28.09
2026-02-17,2.1,85.2,24.71,0.68,4.63,99.59,3.219999999999984,30.59
2026-02-18,8.66,86.86,25.26,0.71,4.86,99.57,10.819999999999984,34.05
2026-02-19,1.61,83.89,26.15,0.69,5.15,99.55,12.369999999999983,32.51
2026-02-20,7.16,87.07,26.23,0.7,4.41,99.57,17.429999999999986,34.51
2026-02-21,16.69,87.52,25.8,0.73,2.53,99.5,25.459999999999987,36.8
2026-02-22,6.13,88.97,25.27,0.73,2.81,99.4,29.979999999999986,39.12
2026-02-23,0.24,85.64,26.04,0.69,3.44,99.37,23.059999999999988,35.52
2026-02-24,0.06,80.9,26.15,0.68,3.27,99.47,6.4299999999999855,29.54
2026-02-25,0.05,77.19,25.81,0.67,3.01,99.64,0.34999999999998577,25.02
2026-02-26,0.1,79.38,26.33,0.66,2.78,99.6,0.2099999999999858,25.72
2026-02-27,0.04,76.75,26.02,0.65,1.7,99.45,0.1899999999999858,24.85
2026-02-28,0.08,71.46,26.1,0.64,1.59,99.45,0.21999999999998582,22.13
2026-03-01,0.02,70.3,25.74,0.63,2.26,99.52,0.1399999999999858,20.98
2026-03-02,0.0,67.79,24.95,0.62,3.05,99.63,0.0999999999999858,18.99
2026-03-03,0.0,62.99,25.13,0.61,1.92,99.67,0.019999999999985803,15.57
2026-03-04,0.04,72.77,26.02,0.6,2.1,99.71,0.039999999999985804,19.06
2026-03-05,0.04,78.99,26.58,0.6,2.01,99.64,0.0799999999999858,22.24
2026-03-06,0.07,81.32,26.31,0.59,2.8,99.59,0.1499999999999858,23.66
2026-03-07,0.87,78.65,26.83,0.58,2.48,99.59,0.9799999999999858,22.07
2026-03-08,0.68,75.56,27.4,0.58,1.61,99.57,1.619999999999986,20.55
2026-03-09,0.09,70.35,26.44,0.57,3.13,99.62,1.6399999999999857,18.33
2026-03-10,0.42,66.84,26.51,0.56,1.62,99.73,1.1899999999999857,14.61
2026-03-11,1.46,74.99,27.16,0.56,2.61,99.69,1.9699999999999855,19.05
2026-03-12,4.06,75.02,27.63,0.57,1.82,99.55,5.939999999999985,20.86
2026-03-13,21.82,83.19,26.11,0.68,0.9,99.53,27.339999999999986,32.01
2026-03-14,8.72,79.59,26.13,0.66,1.06,99.7,34.59999999999999,29.44
2026-03-15,1.03,70.14,27.57,0.61,1.65,99.71,31.569999999999986,23.07
2026-03-16,0.35,76.07,27.44,0.59,1.94,99.61,10.099999999999987,22.37
2026-03-17,1.18,78.7,27.39,0.58,1.82,99.58,2.559999999999986,22.06
2026-03-18,2.73,75.76,27.51,0.59,1.42,99.62,4.259999999999986,20.95
2026-03-19,11.38,80.05,26.84,0.64,1.56,99.71,15.289999999999987,25.94
2026-03-20,1.31,74.15,27.74,0.6,1.29,99.57,15.419999999999987,22.8
2026-03-21,0.76,73.19,28.2,0.58,1.51,99.57,13.449999999999987,21.35
2026-03-22,0.61,73.7,28.23,0.57,1.13,99.62,2.679999999999986,18.83
2026-03-23,0.1,69.9,28.33,0.55,1.01,99.57,1.4699999999999858,16.54
2026-03-24,0.04,70.39,28.38,0.54,1.69,99.51,0.7499999999999858,17.08
2026-03-25,0.03,67.38,28.51,0.53,1.39,99.49,0.1699999999999858,15.29
2026-03-26,0.01,66.54,28.37,0.52,1.74,99.54,0.07999999999998579,14.27
2026-03-27,0.11,70.09,28.68,0.52,1.66,99.53,0.14999999999998578,15.83
2026-03-28,0.41,77.94,27.88,0.52,2.94,99.49,0.5299999999999858,20.24
2026-03-29,0.63,77.55,28.06,0.52,2.11,99.42,1.1499999999999857,20.31
2026-03-30,6.23,81.31,27.46,0.56,2.42,99.5,7.269999999999986,24.06
2026-03-31,4.06,72.66,27.96,0.55,1.5,99.5,10.919999999999986,20.04
2026-04-01,1.24,71.95,27.97,0.54,1.5,99.53,11.529999999999985,19.16
2026-04-02,8.18,80.34,27.81,0.55,2.18,99.63,13.479999999999986,22.98
2026-04-03,25.4,83.7,27.19,0.68,2.32,99.65,34.819999999999986,33.16
2026-04-04,6.12,85.06,26.93,0.63,3.1,99.59,39.69999999999998,33.31
2026-04-05,0.98,83.17,27.52,0.6,3.19,99.54,32.499999999999986,30.58
2026-04-06,1.21,81.05,28.0,0.58,4.67,99.66,8.309999999999986,24.83
2026-04-07,1.78,83.02,28.14,0.59,3.93,99.58,3.9699999999999855,25.68
2026-04-08,1.41,81.42,28.32,0.58,3.17,99.5,4.399999999999986,24.91
2026-04-09,2.24,81.97,27.9,0.58,3.44,99.62,5.4299999999999855,24.44
2026-04-10,0.76,80.19,27.88,0.57,2.16,99.69,4.409999999999986,21.82
2026-04-11,2.46,79.63,28.24,0.57,2.0,99.61,5.459999999999987,22.33
2026-04-12,14.92,83.39,28.11,0.63,2.52,99.46,18.139999999999986,30.0
2026-04-13,6.18,82.33,27.86,0.62,2.59,99.54,23.559999999999985,29.34
2026-04-14,9.84,81.97,28.0,0.65,1.66,99.54,30.939999999999987,31.12
2026-04-15,7.67,85.73,27.76,0.64,2.38,99.41,23.689999999999984,32.63
2026-04-16,19.06,84.38,28.19,0.71,2.34,99.37,36.569999999999986,37.36
2026-04-17,2.51,82.93,28.3,0.66,1.64,99.4,29.239999999999988,32.84
2026-04-18,1.02,78.94,28.59,0.64,1.73,99.41,22.589999999999986,29.23
2026-04-19,1.12,77.6,29.07,0.63,2.14,99.43,4.64999999999999,25.47
2026-04-20,41.63,87.82,27.51,0.76,2.11,99.38,43.769999999999996,41.85
2026-04-21,11.37,81.07,28.15,0.73,1.81,99.4,54.11999999999998,39.02
2026-04-22,13.33,84.76,27.9,0.74,1.88,99.39,66.32999999999998,43.04
2026-04-23,31.51,86.74,27.77,0.79,2.63,99.31,56.20999999999999,45.49
2026-04-24,8.68,87.39,27.41,0.77,2.89,99.34,53.51999999999999,44.38
2026-04-25,1.08,78.99,28.7,0.73,1.52,99.4,41.26999999999998,35.96
2026-04-26,4.86,80.65,29.03,0.73,1.31,99.35,14.619999999999987,32.79
2026-04-27,35.51,83.92,28.36,0.81,2.69,99.3,41.44999999999999,42.94
2026-04-28,2.04,84.13,28.07,0.76,2.98,99.35,42.40999999999998,40.8
2026-04-29,13.32,85.81,28.08,0.78,3.59,99.41,50.86999999999998,43.51
2026-04-30,6.28,85.98,27.77,0.78,3.33,99.51,21.639999999999986,38.01
2026-05-01,10.85,87.56,27.61,0.79,3.45,99.51,30.449999999999985,40.55
2026-05-02,6.0,84.38,28.11,0.77,4.57,99.46,23.129999999999985,38.24
2026-05-03,3.79,86.79,27.77,0.77,4.31,99.49,20.639999999999983,38.47
2026-05-04,5.94,86.07,27.62,0.77,5.14,99.49,15.729999999999986,37.85
2026-05-05,13.17,83.97,27.6,0.79,3.11,99.47,22.899999999999984,38.0
2026-05-06,11.78,80.09,28.47,0.79,1.94,99.34,30.889999999999986,38.07
2026-05-07,24.83,85.93,27.94,0.82,2.85,99.26,49.77999999999999,45.94
2026-05-08,7.27,90.34,27.24,0.81,4.29,99.26,43.87999999999998,47.24
2026-05-09,52.19,91.27,27.34,0.88,4.61,99.29,84.28999999999998,56.86
2026-05-10,8.36,88.44,27.13,0.84,3.24,99.28,67.81999999999998,50.73
2026-05-11,78.79,89.7,27.02,0.91,3.54,99.25,139.33999999999997,65.87
2026-05-12,20.91,88.36,27.41,0.89,4.26,99.24,108.05999999999999,60.02
2026-05-13,27.13,84.57,27.66,0.9,5.19,99.21,126.82999999999998,62.53
2026-05-14,17.27,85.58,27.51,0.89,5.58,99.18,65.30999999999999,53.34
2026-05-15,24.94,84.85,27.19,0.9,4.65,99.19,69.33999999999999,53.5
2026-05-16,4.85,85.69,27.65,0.89,5.32,99.19,47.05999999999999,50.3
2026-05-17,9.3,87.34,27.76,0.89,5.8,99.31,39.08999999999999,49.0
2026-05-18,10.6,87.5,28.0,0.89,6.17,99.38,24.749999999999986,46.43
2026-05-19,5.68,87.59,27.99,0.89,7.11,99.46,25.579999999999984,46.43
2026-05-20,7.27,86.86,28.16,0.89,6.59,99.46,23.549999999999986,45.52
2026-05-21,3.81,86.58,28.23,0.88,6.32,99.49,16.759999999999984,43.52
2026-05-22,26.19,87.67,27.72,0.9,7.21,99.62,37.26999999999998,47.44
2026-05-23,2.88,87.8,27.43,0.89,6.16,99.72,32.87999999999999,44.97
2026-05-24,2.17,86.67,27.56,0.88,6.74,99.69,31.239999999999988,44.38
2026-05-25,5.71,87.38,27.61,0.88,6.12,99.67,10.759999999999986,41.3
2026-05-26,5.69,87.64,27.6,0.88,6.35,99.67,13.569999999999986,41.97
2026-05-27,5.08,88.31,27.42,0.88,6.16,99.69,16.479999999999986,42.44
2026-05-28,6.12,88.87,27.38,0.88,5.82,99.72,16.889999999999986,42.31
2026-05-29,4.89,88.47,27.4,0.88,5.72,99.66,16.089999999999986,42.46
2026-05-30,0.75,86.82,27.53,0.87,5.48,99.61,11.759999999999986,40.95
2026-05-31,2.33,87.83,27.62,0.87,5.54,99.59,7.9699999999999855,40.98
2026-06-01,1.33,85.51,27.51,0.86,5.54,99.65,4.409999999999986,38.52
2026-06-02,2.66,85.59,27.48,0.86,6.27,99.66,6.319999999999986,39.16
2026-06-03,3.77,87.47,27.76,0.86,7.51,99.54,7.759999999999986,41.86
2026-06-04,7.86,88.55,27.47,0.86,7.74,99.51,14.289999999999987,43.72
2026-06-05,11.14,87.02,27.51,0.86,7.28,99.51,22.76999999999999,44.15
2026-06-06,8.14,89.52,27.59,0.86,6.18,99.59,27.139999999999986,44.63
2026-06-07,10.11,89.38,27.24,0.87,6.76,99.72,29.389999999999986,44.57
2026-06-08,10.58,87.94,27.13,0.87,7.09,99.78,28.829999999999988,43.55
2026-06-09,8.36,87.76,27.32,0.87,6.59,99.7,29.049999999999983,43.91
2026-06-10,4.59,88.96,27.3,0.86,6.62,99.67,23.529999999999983,43.4
2026-06-11,12.27,89.96,27.27,0.87,7.33,99.62,25.219999999999985,45.31
2026-06-12,26.83,89.89,27.0,0.89,6.08,99.75,43.68999999999998,47.26
2026-06-13,9.01,87.96,26.64,0.88,6.12,99.74,48.10999999999998,46.82
2026-06-14,6.97,88.11,26.76,0.88,5.3,99.62,42.80999999999998,46.61
2026-06-15,1.73,89.49,27.1,0.87,5.24,99.53,17.709999999999987,43.56
2026-06-16,1.78,91.4,27.11,0.87,5.27,99.51,10.479999999999986,43.42
2026-06-17,3.86,89.2,26.74,0.87,5.94,99.57,7.369999999999986,41.86
2026-06-18,5.67,88.08,26.62,0.87,5.12,99.59,11.309999999999986,41.39
2026-06-19,4.0,86.52,26.74,0.86,4.58,99.56,13.529999999999985,40.61
2026-06-20,1.26,86.14,26.71,0.86,4.46,99.65,10.929999999999986,39.22
2026-06-21,8.0,88.58,26.82,0.86,5.15,99.65,13.259999999999986,41.0
2026-06-22,9.65,88.65,26.56,0.86,6.3,99.68,18.909999999999986,42.28
2026-06-23,3.68,86.97,26.71,0.86,5.25,99.61,21.329999999999984,41.97
2026-06-24,2.47,88.09,26.82,0.85,4.68,99.6,15.799999999999986,40.93
2026-06-25,3.71,88.01,26.88,0.85,4.71,99.55,9.859999999999985,40.4
2026-06-26,3.99,87.44,26.96,0.85,5.47,99.55,10.169999999999987,40.62
2026-06-27,3.16,88.48,26.86,0.85,5.4,99.5,10.859999999999985,41.55
2026-06-28,6.23,87.01,26.69,0.85,6.27,99.56,13.379999999999987,41.29
2026-06-29,13.99,86.88,26.79,0.86,6.64,99.58,23.37999999999999,43.26
2026-06-30,5.13,87.7,26.58,0.85,5.72,99.63,25.349999999999987,42.57
2026-07-01,10.49,84.0,26.41,0.85,2.42,99.14,29.609999999999985,44.0
2026-07-02,3.55,84.62,26.56,0.83,2.63,99.13,19.169999999999984,41.98
2026-07-03,10.5,84.65,26.14,0.84,2.82,99.24,24.539999999999985,42.44
2026-07-04,19.08,84.31,26.17,0.85,3.06,99.2,33.12999999999998,44.53
2026-07-05,0.57,83.14,26.84,0.82,2.57,99.16,30.14999999999998,42.37
2026-07-06,0.46,82.38,26.77,0.79,2.54,99.17,20.10999999999998,39.1
2026-07-07,0.86,82.41,26.64,0.77,2.57,99.24,1.8899999999999821,34.83
2026-07-08,3.71,83.91,26.69,0.77,2.56,99.19,5.029999999999982,36.38
2026-07-09,4.34,85.19,26.83,0.77,2.38,99.21,8.909999999999982,37.26
2026-07-10,20.59,87.43,26.16,0.82,2.64,99.32,28.639999999999983,42.64
2026-07-11,8.32,86.46,26.47,0.82,2.43,99.21,33.249999999999986,43.77
2026-07-12,3.22,86.92,26.74,0.79,2.57,99.05,32.12999999999998,43.93
2026-07-13,2.65,85.61,26.56,0.76,2.85,99.1,14.189999999999984,39.02
2026-07-14,2.19,84.29,26.53,0.75,2.87,99.13,8.059999999999983,36.84
2026-07-15,2.25,83.93,26.37,0.73,2.78,99.2,7.089999999999982,35.05
2026-07-16,1.24,81.91,26.32,0.71,2.53,99.25,5.679999999999982,32.57
2026-07-17,3.36,83.11,26.11,0.71,2.55,99.27,6.849999999999982,33.1
2026-07-18,7.54,83.54,25.88,0.76,2.51,99.25,12.139999999999983,36.38
2026-07-19,14.0,84.55,25.99,0.79,2.48,99.23,24.899999999999984,40.23
2026-07-20,15.82,86.7,25.78,0.81,2.35,99.25,37.359999999999985,43.71
2026-07-21,1.05,83.54,26.53,0.76,2.12,99.24,30.869999999999983,39.19
2026-07-22,2.21,83.72,26.6,0.73,2.15,99.24,19.079999999999984,36.17
2026-07-23,1.54,82.64,26.83,0.72,2.06,99.18,4.799999999999984,33.5
2026-07-24,0.92,81.53,26.74,0.7,2.25,99.1,4.669999999999984,32.93
2026-07-25,7.93,83.9,26.72,0.73,2.62,99.11,10.389999999999983,36.22
2026-07-26,5.96,84.29,26.98,0.75,2.65,99.1,14.809999999999985,38.03
2026-07-27,11.73,82.95,26.44,0.77,3.04,99.12,25.619999999999983,40.05
2026-07-28,19.57,83.55,26.41,0.79,3.22,99.07,37.259999999999984,43.49
2026-07-29,10.78,82.75,26.47,0.79,3.03,99.03,42.079999999999984,44.14
2026-07-30,9.29,84.28,26.64,0.79,3.22,98.94,39.639999999999986,45.27
2026-07-31,14.26,87.97,26.8,0.79,2.98,98.89,34.329999999999984,46.29
2026-08-01,118.32,90.78,25.3,0.88,3.5,98.98,141.86999999999998,67.7
2026-08-02,38.65,90.77,25.21,0.88,2.73,99.11,171.23,70.8
2026-08-03,37.66,91.91,25.11,0.89,3.08,99.16,194.62999999999997,75.15
2026-08-04,19.23,90.77,25.22,0.88,2.65,99.18,95.53999999999998,58.28
