Date,Rainfall_mm,Humidity_pct,Temperature_C,Soil_Moisture,Wind_Speed_ms,Atmospheric_Pressure_kPa
1/1/2004,0.34,74.34,26.73,0.55,5.59,99.75
1/2/2004,0.02,72.01,26.62,0.55,5.74,99.77
1/3/2004,0,69.07,26.36,0.54,6.15,99.81
1/4/2004,0.02,71.96,26.73,0.53,4.96,99.8
1/5/2004,0.23,75.46,26.7,0.53,5.17,99.82
1/6/2004,0.16,72.98,26.74,0.53,5.46,99.78
1/7/2004,0.26,73.25,27.14,0.52,6.28,99.75
1/8/2004,0.37,74.68,26.59,0.52,7.61,99.8
1/9/2004,2.36,76.89,26.76,0.51,7.32,99.76
1/10/2004,5.13,78.7,26.75,0.51,7.55,99.75
1/11/2004,1.86,75.23,26.53,0.51,7.31,99.77
1/12/2004,0.02,73,26.81,0.51,5.43,99.78
1/13/2004,0.59,72.86,26.92,0.5,6.43,99.67
1/14/2004,0.15,72.45,27.31,0.5,5.62,99.57
1/15/2004,0.08,72.52,27.55,0.5,4.72,99.62
1/16/2004,0.01,71.38,27.42,0.49,5.26,99.74
1/17/2004,0,68.07,27.19,0.49,4.72,99.68
1/18/2004,0,67.72,26.79,0.48,4.29,99.67
1/19/2004,0,61.64,26.88,0.48,3.55,99.61
1/20/2004,0,62.84,27.12,0.48,3.21,99.57
1/21/2004,0,64.08,27.29,0.47,2.6,99.48
1/22/2004,0.02,66.49,27.57,0.47,2.78,99.47
1/23/2004,0.91,71.36,27.56,0.47,3.1,99.47
1/24/2004,5.25,76.17,27.56,0.47,3.37,99.37
1/25/2004,4.02,77.46,27.57,0.47,3.11,99.49
1/26/2004,1.3,77.33,26.83,0.47,2.51,99.62
1/27/2004,0.66,73.7,27.56,0.47,1.67,99.53
1/28/2004,0.87,68.06,28.02,0.47,2.16,99.45
1/29/2004,0.32,66.26,27.87,0.46,2.71,99.49
1/30/2004,0,64.33,27.87,0.46,3.88,99.53
1/31/2004,0.04,64.46,27.89,0.46,3.12,99.53
2/1/2004,0.04,68.87,27.82,0.45,1.63,99.42
2/2/2004,0.1,69.45,27.5,0.45,2.18,99.48
2/3/2004,0.97,69.1,28.45,0.45,3.65,99.52
2/4/2004,0.53,72.98,27.86,0.45,4.52,99.56
2/5/2004,0.19,70.31,28.34,0.44,4.25,99.6
2/6/2004,0.21,66.8,28.65,0.44,2.88,99.71
2/7/2004,3.09,68.14,28.35,0.44,1.71,99.9
2/8/2004,4.92,70.71,27.69,0.44,2.41,99.92
2/9/2004,0.05,64.55,28.43,0.44,3.57,99.82
2/10/2004,0.23,63.91,28.23,0.44,4.36,99.84
2/11/2004,0.04,65.42,28.25,0.44,4.05,99.86
2/12/2004,0.17,67.41,28.52,0.43,4.33,99.81
2/13/2004,0.96,69.08,28.24,0.43,5.65,99.68
2/14/2004,0.72,68.1,27.91,0.43,6.79,99.61
2/15/2004,0.4,68.23,27.99,0.43,6.42,99.6
2/16/2004,0.02,63.39,28.25,0.42,6.27,99.65
2/17/2004,0,62.83,27.5,0.42,4.4,99.56
2/18/2004,0,63.07,27.19,0.42,4.17,99.55
2/19/2004,0,58.09,27.2,0.42,4.37,99.59
2/20/2004,0,57.8,27.03,0.42,4.84,99.65
2/21/2004,0.05,62.03,27.05,0.41,2.88,99.68
2/22/2004,4.8,67.79,28.02,0.41,3.04,99.59
2/23/2004,8.25,74.83,27.64,0.42,4.48,99.6
2/24/2004,0.16,64.83,27.78,0.42,4.52,99.69
2/25/2004,0,58.65,27.2,0.42,3.37,99.73
2/26/2004,0,61.29,27.26,0.41,2.74,99.67
2/27/2004,0.48,67.2,27.72,0.41,2.5,99.62
2/28/2004,0.03,57.69,28.15,0.41,3.48,99.59
2/29/2004,0,57.9,27.26,0.41,2.93,99.57
3/1/2004,0,61.37,26.42,0.41,2.01,99.6
3/2/2004,0,60.55,27.45,0.4,1.8,99.49
3/3/2004,0.03,65.08,27.69,0.4,2.19,99.55
3/4/2004,0.14,69.47,27.43,0.4,2.63,99.6
3/5/2004,0.27,67.42,28.11,0.4,2.03,99.55
3/6/2004,0.34,65.28,28.9,0.4,2.49,99.55
3/7/2004,0.04,60.09,28.79,0.4,2.66,99.57
3/8/2004,0.92,64.23,29.02,0.4,2.54,99.73
3/9/2004,1.15,69.31,28.24,0.4,5.29,99.68
3/10/2004,0.48,67.02,28.81,0.4,4.84,99.5
3/11/2004,0.09,64.07,29.29,0.39,3.39,99.53
3/12/2004,0.07,65.31,29.04,0.39,3.23,99.62
3/13/2004,0.59,70.4,28.35,0.39,2.74,99.73
3/14/2004,1.26,64.22,29.46,0.39,3.17,99.65
3/15/2004,8.72,74.7,28.03,0.39,2.74,99.61
3/16/2004,2.31,75.93,27.83,0.4,2.43,99.56
3/17/2004,1.5,71.85,28.28,0.4,2.37,99.57
3/18/2004,1.16,70.03,28.76,0.4,2.44,99.54
3/19/2004,0.38,71.9,28.68,0.4,2.88,99.45
3/20/2004,0.08,70.24,28.74,0.4,3.26,99.37
3/21/2004,0.07,70.78,28.85,0.4,3.22,99.4
3/22/2004,0.5,69.55,28.61,0.4,3.29,99.52
3/23/2004,0.55,71.09,28.52,0.39,4.25,99.55
3/24/2004,2.02,74.42,28.39,0.39,4.58,99.5
3/25/2004,1.46,74.71,28.45,0.39,5.39,99.42
3/26/2004,0.48,72.68,28.61,0.39,4.45,99.42
3/27/2004,0.18,69.88,28.98,0.39,3.52,99.6
3/28/2004,0.07,70.14,28.94,0.39,3.2,99.66
3/29/2004,0.61,70.9,28.82,0.39,2.89,99.65
3/30/2004,2.86,81.49,27.53,0.39,3.41,99.65
3/31/2004,2.94,75.34,28.45,0.39,2.09,99.63
4/1/2004,14.49,84.08,26.73,0.4,2.97,99.77
4/2/2004,2.35,70.21,28.61,0.41,1.92,99.73
4/3/2004,6.51,74.48,28.46,0.41,2.37,99.75
4/4/2004,3.71,73.36,28.69,0.42,2.16,99.72
4/5/2004,4.82,79.24,27.37,0.42,2.06,99.67
4/6/2004,3.84,68.06,27.7,0.42,2.14,99.72
4/7/2004,6.23,82.24,26.7,0.42,2.5,99.72
4/8/2004,5.52,83.38,26.82,0.43,3.3,99.66
4/9/2004,2.62,78.04,27.86,0.43,2.68,99.5
4/10/2004,2.95,73.15,28.8,0.43,2.83,99.45
4/11/2004,2.49,73.75,29.12,0.44,2.06,99.53
4/12/2004,1.8,82.8,27.99,0.44,2.83,99.53
4/13/2004,9.78,85.16,27.29,0.44,4.12,99.49
4/14/2004,3.94,84.84,27.55,0.45,3.16,99.45
4/15/2004,0.76,82.78,27.94,0.45,3.96,99.48
4/16/2004,0.73,81.08,28.13,0.45,4.01,99.53
4/17/2004,1.29,81.04,28.12,0.45,3.76,99.45
4/18/2004,1.44,78.59,28.77,0.45,4.24,99.34
4/19/2004,0.08,72.8,28.96,0.44,3.8,99.38
4/20/2004,0.68,73.02,28.9,0.44,3.74,99.6
4/21/2004,1.21,74.95,28.66,0.44,3.34,99.54
4/22/2004,2.7,76.59,28.28,0.44,3.26,99.4
4/23/2004,4.76,76.14,28.46,0.44,2.68,99.37
4/24/2004,9.35,80.39,27.26,0.45,3.68,99.41
4/25/2004,5.12,73.31,28.8,0.45,1.74,99.33
4/26/2004,10.43,81.02,28.06,0.46,1.72,99.42
4/27/2004,6.64,85.08,27.54,0.47,3.31,99.47
4/28/2004,2.58,76.3,28.68,0.47,2.64,99.3
4/29/2004,4.71,77.5,28.85,0.47,3.2,99.16
4/30/2004,6.67,75.69,28.98,0.47,3.43,99.11
5/1/2004,6.78,79.98,28.17,0.48,2.93,99.09
5/2/2004,23.08,80.23,27.67,0.49,4.74,99.05
5/3/2004,18.33,84.4,26.88,0.52,5.81,99.05
5/4/2004,22.76,84.86,27.35,0.54,6.18,99.12
5/5/2004,9.18,81.42,27.71,0.55,6.49,99.19
5/6/2004,1,78.98,28.4,0.54,6.33,99.25
5/7/2004,3.67,79.76,28.19,0.54,5.84,99.33
5/8/2004,0.75,82.32,28.05,0.54,4.09,99.25
5/9/2004,2.13,80.67,28.19,0.54,4.44,99.28
5/10/2004,1.95,81.09,28.17,0.54,5.71,99.4
5/11/2004,1.04,81.21,28.11,0.53,6.12,99.44
5/12/2004,2.67,85.56,27.71,0.53,5.98,99.35
5/13/2004,2.07,87.37,27.76,0.53,6.39,99.28
5/14/2004,1.63,86.85,27.65,0.53,5.67,99.39
5/15/2004,7.67,84.73,27.4,0.53,6.65,99.41
5/16/2004,2.21,78.23,27.73,0.53,7.59,99.49
5/17/2004,0.58,77.88,27.69,0.53,7.03,99.55
5/18/2004,4.76,81.64,27.38,0.53,7.15,99.57
5/19/2004,1.81,80.35,27.55,0.53,7.14,99.51
5/20/2004,13.67,81.38,27.13,0.52,7.01,99.57
5/21/2004,7.7,86.05,26.96,0.53,6.39,99.54
5/22/2004,4.11,86.7,26.96,0.54,6.34,99.49
5/23/2004,1.88,86.37,27.15,0.54,6.9,99.51
5/24/2004,1.41,83.54,27.09,0.53,5.89,99.63
5/25/2004,2.31,83.7,26.97,0.53,5.76,99.6
5/26/2004,11.61,88.06,26.71,0.53,5.98,99.58
5/27/2004,18.84,85.51,26.38,0.55,7.76,99.62
5/28/2004,6.39,85.56,26.38,0.55,6.11,99.57
5/29/2004,7.41,89.89,26.47,0.56,5.63,99.47
5/30/2004,6.61,89.26,26.21,0.56,5.15,99.5
5/31/2004,2.49,87.12,26.51,0.56,5.12,99.56
6/1/2004,2.84,87.93,26.68,0.56,5.21,99.59
6/2/2004,4.34,88.61,26.47,0.56,6.02,99.64
6/3/2004,5.37,87.82,26.37,0.56,6.56,99.62
6/4/2004,3.36,86.13,26.48,0.56,6.39,99.58
6/5/2004,2,83.09,26.59,0.56,7.17,99.57
6/6/2004,2.59,82.38,26.81,0.56,7.61,99.56
6/7/2004,10.44,84.81,26.28,0.56,6.63,99.62
6/8/2004,5.7,87.44,26.17,0.56,5.57,99.59
6/9/2004,7.28,86.34,25.68,0.56,5.78,99.69
6/10/2004,4.46,89.26,26.26,0.57,4.5,99.54
6/11/2004,14.04,87.79,26.55,0.57,4.35,99.4
6/12/2004,12.7,87.68,26.09,0.58,5.53,99.5
6/13/2004,5.45,88.83,26.55,0.59,5.35,99.48
6/14/2004,1.79,85.44,26.99,0.59,5.54,99.49
6/15/2004,0.69,87.66,26.9,0.58,3.96,99.55
6/16/2004,1.4,85.1,27.05,0.58,5.09,99.67
6/17/2004,8.08,86.44,27.04,0.58,6.29,99.62
6/18/2004,7.31,88.08,26.73,0.59,5.87,99.72
6/19/2004,0.87,84.33,26.71,0.59,5.66,99.67
6/20/2004,0.23,84.57,26.72,0.58,5.5,99.7
6/21/2004,0.03,81.61,26.99,0.58,5.43,99.83
6/22/2004,0.02,77.16,27.14,0.57,4.92,99.93
6/23/2004,0.06,77.7,27.02,0.57,5.28,99.73
6/24/2004,0.02,76.14,27.11,0.56,5.91,99.75
6/25/2004,0.25,77.87,27.1,0.55,5.48,99.76
6/26/2004,0.7,80.74,26.92,0.55,5.9,99.7
6/27/2004,1.21,80.58,26.82,0.55,6.03,99.72
6/28/2004,0.8,80.46,26.49,0.54,6.92,99.75
6/29/2004,1.13,79.54,26.89,0.54,7.86,99.72
6/30/2004,3.15,81.88,26.91,0.54,7.73,99.62
7/1/2004,2.87,84.1,26.67,0.54,7.63,99.61
7/2/2004,3.24,84.04,26.68,0.53,6.92,99.43
7/3/2004,2.92,84.73,26.66,0.53,7.19,99.34
7/4/2004,1.75,86.1,26.37,0.53,7.48,99.4
7/5/2004,2.58,81.99,26.19,0.53,6.42,99.41
7/6/2004,2.39,83.89,26.16,0.53,5.16,99.44
7/7/2004,6.6,87.47,25.52,0.53,5.64,99.43
7/8/2004,10.46,86.58,25.66,0.54,5.78,99.45
7/9/2004,5.37,84.95,26.08,0.54,6.07,99.5
7/10/2004,2.17,85.15,26.1,0.54,5.43,99.47
7/11/2004,3.11,88.01,25.62,0.54,5.31,99.51
7/12/2004,0.65,85.43,26,0.54,5.48,99.55
7/13/2004,0.37,83.35,26.26,0.54,5.66,99.57
7/14/2004,0.69,81.74,26.63,0.54,6.18,99.37
7/15/2004,1.13,82.63,26.69,0.53,7.4,99.39
7/16/2004,1.77,81.75,26.35,0.53,7.22,99.45
7/17/2004,1.51,83.5,26.33,0.53,5.64,99.49
7/18/2004,13.64,85.39,26.07,0.53,6.31,99.51
7/19/2004,5.81,85.82,25.59,0.54,6.29,99.48
7/20/2004,0.49,85.32,26.14,0.54,5.48,99.47
7/21/2004,0.24,86.1,26.19,0.54,5.93,99.52
7/22/2004,0.32,86.21,26.02,0.53,6.05,99.56
7/23/2004,0.61,86.07,26.04,0.53,6.52,99.55
7/24/2004,0.67,84.27,26.3,0.53,6.37,99.45
7/25/2004,0.4,83.32,26.34,0.53,6.83,99.43
7/26/2004,0.18,81.55,26.64,0.52,6.44,99.41
7/27/2004,0.52,82.54,26.46,0.52,6.71,99.43
7/28/2004,0.17,83.88,26.3,0.52,5.11,99.4
7/29/2004,0.94,85.67,25.99,0.51,5.74,99.51
7/30/2004,0.17,85.51,25.79,0.51,3.75,99.6
7/31/2004,0.02,81.83,26.64,0.51,4.6,99.62
8/1/2004,0.02,83.21,26.44,0.51,4.68,99.62
8/2/2004,0.09,82.33,26.49,0.5,6.17,99.49
8/3/2004,0.86,81.73,26.75,0.5,7.2,99.41
8/4/2004,3.64,82.58,26.63,0.5,7.4,99.39
8/5/2004,3.74,84.11,26.1,0.5,5.01,99.44
8/6/2004,3.6,86.02,26.22,0.5,5.45,99.52
8/7/2004,1.16,84.82,26.07,0.5,4.86,99.61
8/8/2004,0.94,85.67,26.27,0.5,4.71,99.69
8/9/2004,1.44,82.32,26.55,0.5,4.49,99.69
8/10/2004,0.89,79.88,26.93,0.5,5.4,99.68
8/11/2004,0.07,78.96,26.95,0.5,5.6,99.69
8/12/2004,0.09,76.54,27.11,0.49,5.7,99.71
8/13/2004,5.82,81.04,26.99,0.49,5.24,99.76
8/14/2004,15.48,86.33,26.37,0.5,5.51,99.77
8/15/2004,4.4,84.75,25.6,0.51,5.28,99.71
8/16/2004,2.81,84.09,26.6,0.51,6.45,99.58
8/17/2004,2.8,83.75,26.65,0.51,6.15,99.71
8/18/2004,3.3,85.38,25.99,0.51,5.72,99.82
8/19/2004,1.41,85.04,26.05,0.51,5.82,99.7
8/20/2004,0.56,83.1,26.28,0.51,6.26,99.53
8/21/2004,0.38,82.46,26.24,0.5,7.02,99.54
8/22/2004,0.2,80.96,26.6,0.5,5.91,99.59
8/23/2004,0.19,78.45,27.24,0.5,6.17,99.66
8/24/2004,0.71,80.49,26.98,0.5,6.05,99.68
8/25/2004,0.56,81.4,26.96,0.49,5.86,99.66
8/26/2004,0.11,80.01,26.92,0.49,6.26,99.56
8/27/2004,0.18,78.98,27.28,0.49,7.42,99.5
8/28/2004,0.26,79.76,26.8,0.49,7.25,99.52
8/29/2004,0.31,80.82,26.68,0.48,7.38,99.55
8/30/2004,1.24,81.08,26.67,0.48,7.19,99.55
8/31/2004,0.48,79.64,26.52,0.48,6.76,99.53
9/1/2004,0.05,79.45,26.58,0.48,5.22,99.37
9/2/2004,3.15,80.66,26.65,0.47,4.78,99.46
9/3/2004,2.71,81.36,26.49,0.48,4.68,99.59
9/4/2004,0.94,77.73,26.94,0.47,5.89,99.5
9/5/2004,1.42,77.23,26.97,0.47,7.36,99.43
9/6/2004,18.11,79.13,26.66,0.48,7.14,99.49
9/7/2004,18.31,84.36,25.99,0.5,5.56,99.59
9/8/2004,8.1,83.34,26.09,0.51,4.75,99.65
9/9/2004,0.48,80.99,26.17,0.51,4.49,99.64
9/10/2004,2.68,84.32,26.06,0.51,4.79,99.72
9/11/2004,5.62,86.53,25.97,0.51,5.04,99.66
9/12/2004,4.97,86.85,25.56,0.51,5.42,99.72
9/13/2004,1.29,86.21,25.68,0.51,4.5,99.82
9/14/2004,1.65,86.57,25.92,0.51,4.68,99.8
9/15/2004,3.33,86.63,26.13,0.51,5.38,99.64
9/16/2004,4.21,83.98,26.66,0.52,4.89,99.64
9/17/2004,6.04,86.92,26.42,0.52,6.03,99.64
9/18/2004,7.42,84.75,26.42,0.52,6.02,99.56
9/19/2004,9.06,86.62,26.23,0.53,6.63,99.52
9/20/2004,6.11,88.01,26.22,0.53,5.9,99.57
9/21/2004,8.05,87.66,26.12,0.53,5.88,99.57
9/22/2004,7.8,83.67,26.34,0.54,5,99.52
9/23/2004,14.61,85.02,26.15,0.54,4.6,99.48
9/24/2004,8.5,88.24,25.94,0.55,4.03,99.4
9/25/2004,28.82,90.34,25.69,0.57,5,99.44
9/26/2004,40.11,90.72,25.67,0.6,3.75,99.44
9/27/2004,17.9,90.89,25.22,0.63,6.06,99.43
9/28/2004,4.08,86.68,25.32,0.63,4.6,99.43
9/29/2004,0.62,85.18,26.1,0.63,3.04,99.56
9/30/2004,1.36,85.92,26.09,0.63,2.71,99.74
10/1/2004,10.46,85.42,26.04,0.63,3.48,99.8
10/2/2004,11,83.91,25.72,0.64,5.37,99.69
10/3/2004,4.29,83.35,25.96,0.64,6.76,99.7
10/4/2004,7.56,85.57,25.93,0.64,6.48,99.68
10/5/2004,2.61,86.82,26.29,0.64,5.63,99.62
10/6/2004,1.93,86.89,26.28,0.63,5.34,99.65
10/7/2004,1.27,88.41,26.19,0.63,5.21,99.65
10/8/2004,3.45,87.12,26.3,0.62,4.53,99.69
10/9/2004,4.47,88.15,26.04,0.62,4.35,99.76
10/10/2004,6.03,88.97,26.02,0.62,4.21,99.81
10/11/2004,12.42,90.4,25.98,0.63,4.61,99.79
10/12/2004,10.02,91.13,25.72,0.64,4.11,99.73
10/13/2004,5.17,89.93,25.7,0.64,3.28,99.79
10/14/2004,2.23,90.51,25.9,0.64,4.21,99.85
10/15/2004,1.45,87.07,25.69,0.64,4.46,99.81
10/16/2004,2.3,86.94,25.82,0.64,3.48,99.73
10/17/2004,9.07,88.04,26.16,0.64,2.46,99.66
10/18/2004,11.16,87.47,26.32,0.64,2.88,99.59
10/19/2004,5.87,83.11,26.1,0.65,1.93,99.59
10/20/2004,8.69,80.84,27.16,0.65,1.55,99.43
10/21/2004,16.07,83.9,27.01,0.66,1.56,99.5
10/22/2004,9.82,81.25,26.92,0.67,1.94,99.56
10/23/2004,16.45,84.1,26.66,0.68,1.86,99.52
10/24/2004,8.71,78.96,27.1,0.69,2.17,99.56
10/25/2004,8.25,83.48,26.64,0.69,2.9,99.56
10/26/2004,25.41,85.06,26.3,0.7,2.48,99.55
10/27/2004,15.5,84.63,26.21,0.71,3.41,99.54
10/28/2004,11.24,87.58,26.18,0.72,4.55,99.45
10/29/2004,7.12,86.68,25.65,0.73,4.15,99.55
10/30/2004,6.51,88.11,25.45,0.73,3.49,99.59
10/31/2004,8.48,88.88,25.66,0.74,3.01,99.53
11/1/2004,26.35,88.49,25.99,0.75,4.62,99.57
11/2/2004,5.98,83.76,26.5,0.76,4.09,99.62
11/3/2004,4.63,82.59,26.54,0.76,5.02,99.55
11/4/2004,5.55,86.69,26.02,0.75,5.76,99.49
11/5/2004,18.49,90.74,25.08,0.76,5.07,99.47
11/6/2004,8.85,86.41,25.84,0.77,2.72,99.52
11/7/2004,4.23,87.47,25.86,0.77,1.19,99.46
11/8/2004,10.28,87.62,25.79,0.77,2.89,99.47
11/9/2004,7.56,85.95,26.15,0.78,2.25,99.48
11/10/2004,7.15,87.69,26.23,0.78,1.62,99.51
11/11/2004,14.57,86.38,26.27,0.78,2.03,99.54
11/12/2004,12.5,84.11,26.4,0.79,1.52,99.68
11/13/2004,17.03,83.67,26.55,0.8,2.11,99.74
11/14/2004,5.2,88.93,26.11,0.81,4.49,99.64
11/15/2004,15.57,87.45,26.42,0.81,3.05,99.61
11/16/2004,3.73,85.52,25.82,0.82,4.57,99.64
11/17/2004,0.65,83.87,25.94,0.81,4.61,99.68
11/18/2004,0.1,82.39,25.81,0.8,5.46,99.7
11/19/2004,1.79,86.97,25.9,0.8,5.39,99.59
11/20/2004,6.17,86.26,26.5,0.8,4.6,99.58
11/21/2004,11.41,89.59,26.21,0.8,4.99,99.55
11/22/2004,22.06,88.71,26.2,0.81,2.68,99.52
11/23/2004,8.65,87.74,25.65,0.82,3.31,99.54
11/24/2004,7.59,85.1,26.11,0.82,3.89,99.48
11/25/2004,5.37,84.57,26.32,0.82,4.37,99.53
11/26/2004,5.1,85.27,25.83,0.82,4.5,99.6
11/27/2004,1.16,81.74,26.4,0.82,4.18,99.62
11/28/2004,9.52,85.51,26.3,0.82,5.45,99.71
11/29/2004,1.39,85.31,26.05,0.81,6.81,99.67
11/30/2004,4.95,85.58,26.27,0.81,6.07,99.6
12/1/2004,8.24,84.38,26.34,0.8,3.62,99.6
12/2/2004,4.58,85.88,26.26,0.8,4.2,99.74
12/3/2004,11.07,87.27,26.14,0.8,4.34,99.78
12/4/2004,3.35,84.63,26.31,0.8,3.34,99.71
12/5/2004,5.49,84.4,25.8,0.8,2.88,99.72
12/6/2004,0.64,83.22,24.85,0.8,5.6,99.82
12/7/2004,0.39,82.3,24.79,0.79,5.31,99.87
12/8/2004,3.41,86.94,25.85,0.79,4.48,99.71
12/9/2004,3.2,87.06,25.8,0.79,4.19,99.61
12/10/2004,0.62,83.82,25.43,0.79,6.15,99.64
12/11/2004,6.39,84.71,25.42,0.78,5.93,99.65
12/12/2004,27.97,89.11,25.61,0.79,6.43,99.64
12/13/2004,6.56,90.19,25.73,0.8,5.65,99.55
12/14/2004,7.3,90.45,25.58,0.8,4.29,99.44
12/15/2004,6.48,90.09,25.43,0.81,5.19,99.42
12/16/2004,25.27,87.83,25.11,0.81,6.35,99.54
12/17/2004,4.08,83.88,24.8,0.82,6.58,99.7
12/18/2004,0.01,85.76,24.41,0.81,5.05,99.74
12/19/2004,0,78.93,24.39,0.81,5.14,99.65
12/20/2004,0,74.84,23.69,0.8,4.38,99.59
12/21/2004,0,74.03,23.3,0.79,4.05,99.59
12/22/2004,0,78.42,23.05,0.79,3.73,99.6
12/23/2004,0.07,80.49,24.22,0.78,4.31,99.55
12/24/2004,1.53,81.41,24.61,0.77,3.51,99.61
12/25/2004,0.01,80.59,24.58,0.77,5.37,99.65
12/26/2004,0.6,84.89,25.05,0.76,5.23,99.57
12/27/2004,1.47,86.13,25.72,0.76,3.72,99.49
12/28/2004,2.2,83.93,25.36,0.75,5.91,99.53
12/29/2004,0.01,81.52,24.7,0.75,6,99.63
12/30/2004,2.48,86.39,25.53,0.74,4.7,99.59
12/31/2004,8.96,89.15,25.46,0.74,5.03,99.64
1/1/2005,5.36,87.48,25.02,0.75,4.42,99.75
1/2/2005,0.37,82.06,25.39,0.74,4.44,99.7
1/3/2005,0.01,83.19,24.75,0.74,4.29,99.68
1/4/2005,0.67,86.2,25.16,0.73,5.5,99.74
1/5/2005,1.25,83.49,25.57,0.73,5.95,99.76
1/6/2005,0.02,81.99,25.06,0.72,6.05,99.74
1/7/2005,0.17,82.24,24.88,0.72,5.82,99.69
1/8/2005,0.18,83.43,24.58,0.71,5.18,99.75
1/9/2005,0.28,81.07,24.82,0.71,6.32,99.69
1/10/2005,0.32,82.14,24.61,0.7,6.06,99.58
1/11/2005,0.07,80.43,24.53,0.69,4.65,99.64
1/12/2005,0.24,82.57,25.86,0.69,4.9,99.71
1/13/2005,0,82.33,24.08,0.68,5.16,99.72
1/14/2005,0,79,24.29,0.68,5.58,99.66
1/15/2005,0,79.36,24.7,0.67,5.52,99.64
1/16/2005,0,79.21,25.19,0.66,4.98,99.67
1/17/2005,1.32,83.23,25.7,0.66,4.55,99.66
1/18/2005,4.15,87.11,25.59,0.65,5.25,99.66
1/19/2005,4.48,88.25,26.32,0.66,5.46,99.6
1/20/2005,5.39,89.95,26.24,0.66,3.97,99.62
1/21/2005,4.5,85.44,26.2,0.66,3.54,99.8
1/22/2005,4.58,86.58,26.05,0.66,4.58,99.77
1/23/2005,4.46,85.76,26.39,0.66,3.43,99.65
1/24/2005,5.29,82.89,26.23,0.66,3.4,99.72
1/25/2005,0.22,80.51,25.51,0.65,4.53,99.68
1/26/2005,0,78.26,25.71,0.65,4.8,99.54
1/27/2005,0,75.45,25.38,0.64,2.63,99.54
1/28/2005,0.1,80.83,25.65,0.63,2.1,99.55
1/29/2005,22.13,82.45,25.75,0.64,2.37,99.51
1/30/2005,3.96,81.35,26.1,0.65,2.54,99.54
1/31/2005,15.09,82.91,26.24,0.65,1.36,99.64
2/1/2005,18.43,82.58,26.49,0.66,1.92,99.67
2/2/2005,3.2,86.34,25.93,0.66,3.8,99.68
2/3/2005,3.1,81.32,26.06,0.66,4.18,99.69
2/4/2005,0.03,79.11,25.53,0.66,5.02,99.72
2/5/2005,0,77.23,25.49,0.65,3.72,99.75
2/6/2005,0,76.57,25.11,0.64,4.71,99.78
2/7/2005,0.21,78.76,25.36,0.64,4.67,99.78
2/8/2005,0.49,80.39,25.86,0.63,6.06,99.76
2/9/2005,0.82,79.84,25.36,0.62,6.11,99.84
2/10/2005,0.06,78.61,25.49,0.62,5.64,99.87
2/11/2005,0,75.68,25.08,0.61,5.66,99.96
2/12/2005,0,77.12,24.67,0.6,5.3,99.87
2/13/2005,0.01,79.04,25.39,0.6,5.35,99.73
2/14/2005,0,78.14,25.42,0.59,4.6,99.62
2/15/2005,0,75.54,25.71,0.58,2.83,99.69
2/16/2005,0,77.18,25.84,0.58,2.1,99.68
2/17/2005,0,73.22,26.37,0.57,1.78,99.62
2/18/2005,0.07,70.17,26.35,0.57,1.47,99.65
2/19/2005,0.02,71.51,26.7,0.56,1.66,99.67
2/20/2005,1.86,77.64,26.65,0.56,1.75,99.71
2/21/2005,3.44,83.61,25.97,0.56,1.34,99.73
2/22/2005,1.1,80.33,26.43,0.56,1.81,99.78
2/23/2005,0.64,77.78,27.54,0.56,2.66,99.71
2/24/2005,0.24,76.33,27.4,0.55,4,99.64
2/25/2005,0.02,72.95,27.46,0.54,3.06,99.66
2/26/2005,0,71.73,26.69,0.54,2.61,99.77
2/27/2005,0,68.24,27.25,0.54,2.24,99.66
2/28/2005,0,70.35,27.76,0.53,2.32,99.61
3/1/2005,0,71.64,27.42,0.53,2.68,99.71
3/2/2005,0,71.87,27.91,0.52,1.97,99.88
3/3/2005,0.22,70.91,28.16,0.52,1.8,99.86
3/4/2005,3.1,77.26,27.92,0.51,1.85,99.94
3/5/2005,8.43,74.98,27.95,0.51,1.56,99.96
3/6/2005,8.89,75.35,27.9,0.52,1.18,99.95
3/7/2005,2.12,71.52,28.14,0.52,2.13,99.9
3/8/2005,1.17,69.7,27.92,0.52,2.04,99.96
3/9/2005,10.36,75.68,27.56,0.52,1.13,99.89
3/10/2005,12.1,76.1,27.69,0.53,1.91,99.78
3/11/2005,7.5,78.23,27.56,0.54,1.63,99.67
3/12/2005,1.43,80.54,27.22,0.54,1.73,99.67
3/13/2005,4.9,85.32,26.44,0.54,1.92,99.67
3/14/2005,1.27,73.25,27.58,0.54,1.55,99.61
3/15/2005,0.01,68.27,27.56,0.53,2.22,99.55
3/16/2005,0,66.42,27.22,0.53,2.28,99.59
3/17/2005,0.01,65.7,27.08,0.52,2.2,99.58
3/18/2005,0.48,70.43,27.83,0.52,2.4,99.54
3/19/2005,1.69,74.08,28.59,0.52,2.4,99.47
3/20/2005,3.18,74.3,28.16,0.51,2.07,99.56
3/21/2005,1.66,72.46,28.11,0.51,2.03,99.51
3/22/2005,2.64,77.41,27.72,0.51,2.36,99.46
3/23/2005,1.86,78.27,27.72,0.51,2.69,99.45
3/24/2005,0.93,77.48,28.33,0.51,3.12,99.45
3/25/2005,2.01,81.45,27.69,0.5,3.33,99.54
3/26/2005,0.88,77.96,27.98,0.5,2.88,99.56
3/27/2005,0.94,72.07,28.91,0.5,1.62,99.52
3/28/2005,1.99,81.36,27.23,0.5,2.76,99.63
3/29/2005,1.33,81.33,27.39,0.5,3.6,99.58
3/30/2005,16.22,85,27.2,0.5,4.65,99.49
3/31/2005,13.52,85.78,26.9,0.52,4.43,99.43
4/1/2005,12.14,82.41,27.48,0.53,3.17,99.31
4/2/2005,10.88,80.29,27.44,0.54,1.89,99.33
4/3/2005,11.62,89.14,26.75,0.55,5.38,99.26
4/4/2005,12.57,85.71,26.86,0.56,2.77,99.31
4/5/2005,5.45,88.46,26.34,0.57,5.82,99.4
4/6/2005,1.78,86.66,26.6,0.57,2.87,99.53
4/7/2005,1.11,84.97,26.73,0.56,3.37,99.55
4/8/2005,0.48,81.61,27.26,0.56,4.01,99.62
4/9/2005,2.54,83.22,27.39,0.56,4.1,99.6
4/10/2005,1.82,84.06,27.17,0.55,4.32,99.61
4/11/2005,2.8,83.79,27.21,0.55,3.88,99.62
4/12/2005,1.32,82.7,27.46,0.55,3.19,99.66
4/13/2005,1.14,81.62,27.37,0.55,2.58,99.8
4/14/2005,4.67,82.56,27.15,0.55,2.77,99.85
4/15/2005,1.64,79.44,27.62,0.55,2.07,99.83
4/16/2005,1.76,77.55,28.02,0.54,1.99,99.77
4/17/2005,2.1,78.76,27.77,0.54,2.26,99.74
4/18/2005,5.48,80.05,27.81,0.54,1.68,99.7
4/19/2005,19.29,82.33,27.56,0.55,1.08,99.75
4/20/2005,14.97,77.88,27.49,0.57,2.05,99.77
4/21/2005,4.13,79.58,27.01,0.57,3.18,99.67
4/22/2005,4.51,82.32,27.25,0.57,2.04,99.61
4/23/2005,4.53,82.7,27.55,0.58,1.78,99.6
4/24/2005,4.61,81.82,27.92,0.58,1.75,99.58
4/25/2005,6.34,83.23,28.15,0.58,2.34,99.54
4/26/2005,2.34,85.88,27.61,0.58,2.64,99.54
4/27/2005,4.77,84.65,27.61,0.58,2.39,99.51
4/28/2005,1.9,84.84,27.76,0.58,2.58,99.45
4/29/2005,0.34,81.4,28.49,0.58,2.69,99.29
4/30/2005,2.43,82.18,28.29,0.57,3.09,99.25
5/1/2005,11.04,81.58,28.09,0.57,2.9,99.36
5/2/2005,13.28,83.65,27.01,0.59,2.49,99.45
5/3/2005,5.27,83.51,27.56,0.59,4.02,99.44
5/4/2005,9.03,86.93,26.67,0.6,4.36,99.43
5/5/2005,6.97,85.6,26.86,0.6,3.88,99.35
5/6/2005,4.03,85.52,27.41,0.6,4.14,99.31
5/7/2005,2.34,85.16,27.31,0.6,4.78,99.36
5/8/2005,1.2,85.39,27.36,0.6,4.77,99.44
5/9/2005,2.14,82.87,27.87,0.59,5.07,99.46
5/10/2005,1.93,79.91,28.25,0.59,5.44,99.45
5/11/2005,1.42,80.41,28.18,0.59,4.88,99.46
5/12/2005,2.45,83.41,27.75,0.58,4.96,99.49
5/13/2005,2.54,85.08,27.58,0.58,4.07,99.44
5/14/2005,0.8,85.88,27.63,0.58,4.55,99.47
5/15/2005,0.48,84.52,27.82,0.58,5.59,99.54
5/16/2005,0.4,82.56,28.29,0.57,4.83,99.54
5/17/2005,5.68,79.96,28.27,0.57,4.43,99.54
5/18/2005,11.01,82.57,28.11,0.57,4.81,99.45
5/19/2005,5.86,84.54,27.76,0.58,5.04,99.41
5/20/2005,1.93,82.46,28.05,0.57,5.61,99.37
5/21/2005,3.65,81.52,28.19,0.57,5.56,99.38
5/22/2005,15.98,84.33,27.92,0.57,5.11,99.41
5/23/2005,15.28,87.25,27.54,0.59,5.89,99.48
5/24/2005,5.8,86.02,27.58,0.59,5.73,99.52
5/25/2005,1.42,85.91,27.38,0.59,4.73,99.5
5/26/2005,2.73,85.45,27.6,0.59,5.1,99.47
5/27/2005,9.36,85.8,27.5,0.59,5.27,99.48
5/28/2005,9.26,85.59,27.56,0.6,4.48,99.45
5/29/2005,20.59,87.54,27.19,0.61,6.02,99.41
5/30/2005,12.65,87.31,27.15,0.63,4.93,99.43
5/31/2005,1.41,85.31,27.56,0.63,6.07,99.41
6/1/2005,2.5,85.11,27.5,0.62,6.36,99.38
6/2/2005,4.21,85.9,27.53,0.62,6.71,99.35
6/3/2005,2.97,85.76,27.63,0.62,7.26,99.31
6/4/2005,2.14,88.61,27.05,0.62,6.67,99.29
6/5/2005,7.97,87.71,26.91,0.62,6.31,99.26
6/6/2005,8.07,87.1,26.79,0.63,5.77,99.41
6/7/2005,2,85.81,27.3,0.63,5.86,99.42
6/8/2005,21.16,88.87,27.45,0.63,7.33,99.3
6/9/2005,20.47,88.45,27.03,0.66,7.72,99.33
6/10/2005,2.34,86.24,27.25,0.66,7.05,99.38
6/11/2005,0.76,85.03,27.38,0.65,6.57,99.43
6/12/2005,1.79,87.97,27.08,0.65,6.58,99.39
6/13/2005,1.45,87.29,26.8,0.65,7.19,99.43
6/14/2005,1.6,85.89,26.64,0.64,6.01,99.43
6/15/2005,1.72,84.98,26.72,0.64,6.54,99.4
6/16/2005,5.29,87.56,26.75,0.64,7.45,99.36
6/17/2005,5.02,89.09,26.28,0.64,7.7,99.42
6/18/2005,5.31,87.5,26.01,0.64,6.56,99.42
6/19/2005,7.5,87.78,26.32,0.64,6.24,99.37
6/20/2005,11.92,88.23,26.13,0.65,6.84,99.42
6/21/2005,2.78,87.48,26.31,0.65,5.92,99.51
6/22/2005,0.71,83.37,26.6,0.65,5.36,99.59
6/23/2005,0.45,85.44,26.81,0.64,5.46,99.56
6/24/2005,1.22,85.13,26.96,0.64,6.54,99.5
6/25/2005,1.19,85.33,26.88,0.63,6.67,99.55
6/26/2005,0.21,84.47,26.66,0.63,5.89,99.62
6/27/2005,0.64,86.59,26.54,0.62,5.56,99.55
6/28/2005,0.63,85.36,26.69,0.62,5.1,99.49
6/29/2005,0.19,84.83,26.51,0.61,4.3,99.5
6/30/2005,0.22,84.1,26.71,0.61,4.59,99.52
7/1/2005,1.17,82.51,27.04,0.6,4.85,99.66
7/2/2005,2.46,84.17,26.72,0.6,5.09,99.71
7/3/2005,3.85,87.34,26.46,0.6,4.73,99.66
7/4/2005,10.27,89.12,26.35,0.6,5.28,99.59
7/5/2005,5.21,86.06,26.68,0.61,5.25,99.63
7/6/2005,1.5,86.08,26.83,0.61,5.93,99.66
7/7/2005,0.92,83.8,26.93,0.61,6.37,99.57
7/8/2005,2.58,86.18,26.64,0.6,7.08,99.47
7/9/2005,6.77,88.68,26.28,0.6,6.39,99.5
7/10/2005,9.77,89.22,25.77,0.61,6.75,99.63
7/11/2005,1.59,87.88,25.56,0.61,6.26,99.68
7/12/2005,1.18,85.34,25.68,0.61,6.54,99.64
7/13/2005,1.75,88.58,25.59,0.6,7.55,99.47
7/14/2005,8.54,89.55,25.2,0.6,6.28,99.47
7/15/2005,5.23,89.84,24.98,0.61,5.9,99.46
7/16/2005,0.18,86.85,25.36,0.61,5.44,99.47
7/17/2005,0.44,87.21,25.48,0.6,5.87,99.41
7/18/2005,0.13,87.59,25.72,0.6,5.32,99.45
7/19/2005,0.89,89.65,25.6,0.59,5.56,99.57
7/20/2005,1.27,89.77,25.44,0.59,5.98,99.57
7/21/2005,0.74,89.85,25.59,0.59,5.46,99.61
7/22/2005,0.36,88.16,25.82,0.59,5.46,99.55
7/23/2005,1.94,87.5,25.97,0.58,6.05,99.57
7/24/2005,1.92,89.64,25.79,0.58,5.66,99.62
7/25/2005,1.67,87.75,26.08,0.58,5.83,99.61
7/26/2005,3.1,90.05,25.99,0.58,6.34,99.56
7/27/2005,3.31,89.11,26.08,0.58,5.94,99.5
7/28/2005,12.84,88.04,26.28,0.58,5.14,99.58
7/29/2005,6.07,90.51,26.12,0.59,5.24,99.57
7/30/2005,3.63,88.09,25.81,0.59,5.61,99.52
7/31/2005,6.03,88.76,26.11,0.59,5.96,99.46
8/1/2005,5.65,90.22,25.83,0.59,5.63,99.58
8/2/2005,0.99,89.38,26.08,0.59,5.19,99.59
8/3/2005,0.88,88.39,26.28,0.59,5.27,99.59
8/4/2005,0.26,86.75,26.06,0.58,5.08,99.67
8/5/2005,0.06,84.44,26.16,0.58,4.74,99.69
8/6/2005,0.01,83.37,26.59,0.58,5.03,99.63
8/7/2005,0,82.23,26.63,0.57,5.13,99.55
8/8/2005,0.03,81.88,26.75,0.57,4.84,99.65
8/9/2005,0.12,83.16,26.82,0.56,4.7,99.72
8/10/2005,0.17,85.52,26.45,0.56,5.2,99.65
8/11/2005,1.06,85.58,26.85,0.56,5.71,99.57
8/12/2005,0.98,85.38,26.23,0.55,6.07,99.57
8/13/2005,0.92,87.14,26.11,0.55,5.27,99.5
8/14/2005,0.57,86.41,26.37,0.55,5.6,99.5
8/15/2005,1.14,84.29,26.91,0.55,6.31,99.46
8/16/2005,0.53,83.52,26.84,0.54,5.91,99.51
8/17/2005,0.27,84.51,26.76,0.54,5.01,99.55
8/18/2005,0.08,84.32,26.65,0.54,4.76,99.55
8/19/2005,0.23,81.01,26.75,0.54,5.33,99.62
8/20/2005,0.19,79.59,26.83,0.53,4.57,99.58
8/21/2005,0.18,80.1,26.63,0.53,4.13,99.52
8/22/2005,0.44,79.53,26.91,0.53,4.03,99.56
8/23/2005,0.55,81.01,26.58,0.52,4.4,99.63
8/24/2005,0.61,82.05,26.4,0.52,4.42,99.7
8/25/2005,0.89,80.78,26.8,0.52,4.82,99.66
8/26/2005,0.48,80,27,0.52,4.75,99.58
8/27/2005,1.56,81.03,26.82,0.51,5.05,99.52
8/28/2005,0.91,78.22,27,0.51,4.88,99.46
8/29/2005,5.56,81.54,26.75,0.51,4.95,99.49
8/30/2005,4.54,82.63,26.96,0.51,6.32,99.3
8/31/2005,3.56,82.81,26.76,0.51,6.68,99.22
9/1/2005,3.71,82.97,26.7,0.51,6.94,99.24
9/2/2005,2.9,86.87,26.41,0.51,7.13,99.31
9/3/2005,8.52,87.58,26.43,0.52,7.47,99.25
9/4/2005,25.65,87.64,26.21,0.53,8.88,99.17
9/5/2005,8.42,83.89,25.87,0.55,8.64,99.32
9/6/2005,1.4,81.5,25.74,0.54,7.27,99.39
9/7/2005,1.55,83.23,25.74,0.54,7.23,99.42
9/8/2005,1.56,85.93,25.89,0.54,7.06,99.4
9/9/2005,2,88.42,26.05,0.54,6.46,99.48
9/10/2005,12.85,90.51,25.53,0.54,7.05,99.49
9/11/2005,3.96,87.79,25.46,0.55,6.85,99.45
9/12/2005,0.71,88,25.51,0.55,5.39,99.48
9/13/2005,0.87,87.91,25.58,0.55,4.68,99.54
9/14/2005,0.75,87.7,25.74,0.55,4.26,99.65
9/15/2005,0.32,87.97,25.74,0.54,3.79,99.78
9/16/2005,0.03,85.67,26,0.54,3.98,99.81
9/17/2005,0.02,83.12,26.35,0.54,4.13,99.88
9/18/2005,0.03,83.52,26.51,0.54,5.5,99.92
9/19/2005,0.17,81.55,26.81,0.53,6.61,99.8
9/20/2005,3.05,81.95,26.73,0.53,6.68,99.68
9/21/2005,2.34,83.5,26.61,0.53,5.6,99.67
9/22/2005,1.28,81.9,26.71,0.53,5.28,99.74
9/23/2005,1.19,81.62,26.63,0.52,5,99.8
9/24/2005,2.03,84.36,26.11,0.52,4.35,99.79
9/25/2005,1.27,85.57,26.19,0.52,4.23,99.7
9/26/2005,0.32,82.68,26.64,0.52,4.7,99.61
9/27/2005,0.17,81.31,26.88,0.51,5.08,99.59
9/28/2005,0.06,79.93,26.76,0.51,4.88,99.62
9/29/2005,0.15,78.46,27.03,0.51,5.21,99.57
9/30/2005,0.43,79.96,26.81,0.5,5.61,99.66
10/1/2005,0.12,78.42,26.94,0.5,4.56,99.68
10/2/2005,1.34,82.15,26.52,0.5,4.52,99.65
10/3/2005,1.67,81.17,26.55,0.5,3.94,99.54
10/4/2005,1.76,81.23,26.75,0.5,3.78,99.56
10/5/2005,1.5,80.94,26.6,0.5,2.89,99.63
10/6/2005,8.48,83.14,26.74,0.5,2.79,99.6
10/7/2005,10.2,85.8,26.29,0.51,4.04,99.59
10/8/2005,38.14,89.25,25.71,0.52,4.24,99.57
10/9/2005,19.12,90.68,25.42,0.56,4.06,99.56
10/10/2005,8.21,89.05,25.88,0.57,4.34,99.48
10/11/2005,22.9,88.16,25.98,0.58,5.07,99.48
10/12/2005,36.23,88.5,26.15,0.61,6.76,99.43
10/13/2005,20.55,87.2,26.27,0.63,6.66,99.35
10/14/2005,6.2,89.26,26.29,0.64,4.68,99.37
10/15/2005,3.45,89.33,26.18,0.64,3.73,99.5
10/16/2005,6.19,86.99,26.34,0.64,2.87,99.59
10/17/2005,9.76,86.83,26.15,0.64,3.84,99.72
10/18/2005,10.34,84.84,25.98,0.64,3.55,99.68
10/19/2005,15.53,85.54,26.07,0.66,5.08,99.6
10/20/2005,11.88,89.28,25.97,0.66,5.62,99.51
10/21/2005,7.75,90.8,25.85,0.67,3.84,99.47
10/22/2005,5.4,90.61,25.86,0.67,4.49,99.5
10/23/2005,12.57,89.85,25.77,0.68,4.88,99.6
10/24/2005,7.21,89.19,25.52,0.69,3.76,99.65
10/25/2005,10.51,90.78,25.77,0.69,4.79,99.57
10/26/2005,13.01,90.96,25.4,0.7,4.52,99.52
10/27/2005,6.56,86.35,25.91,0.7,5.82,99.59
10/28/2005,4.03,86.79,25.97,0.7,6.01,99.64
10/29/2005,0.76,84.96,26.18,0.7,5.07,99.6
10/30/2005,0.8,86.03,26.21,0.69,4.88,99.57
10/31/2005,2.95,83.62,26.36,0.69,5.33,99.6
11/1/2005,7.11,89.01,26.1,0.69,5.84,99.58
11/2/2005,7.95,87.58,25.63,0.69,5.31,99.63
11/3/2005,13.76,88.53,25.27,0.7,4.85,99.56
11/4/2005,7.7,89.94,25.3,0.71,3.37,99.49
11/5/2005,30.63,89.32,26.14,0.72,4.47,99.43
11/6/2005,22.16,90.34,25.93,0.74,4.62,99.41
11/7/2005,13.83,91.45,25.57,0.76,6.01,99.35
11/8/2005,6.4,91.96,25.86,0.76,4.34,99.37
11/9/2005,6.2,91.72,25.65,0.76,2.87,99.52
11/10/2005,2.64,90.3,25.84,0.76,2.76,99.58
11/11/2005,3.07,90.12,25.8,0.76,3.81,99.58
11/12/2005,16.47,90.49,25.2,0.77,4.1,99.71
11/13/2005,27.99,92.04,24.12,0.78,4.1,99.82
11/14/2005,13.15,88.66,24.88,0.8,4.35,99.76
11/15/2005,2.43,85.61,25.97,0.8,4.65,99.6
11/16/2005,0.48,81.85,25.48,0.8,5.16,99.59
11/17/2005,0.19,79.93,25.16,0.79,4.91,99.65
11/18/2005,0.07,78.53,25.37,0.78,4.33,99.68
11/19/2005,5.98,86.74,25.19,0.78,5.38,99.63
11/20/2005,5.62,88.85,24.96,0.78,6.52,99.54
11/21/2005,78.08,88.34,25.34,0.8,5.16,99.43
11/22/2005,46.13,90.46,25.59,0.85,4.98,99.45
11/23/2005,11.22,90.33,25.46,0.87,3.17,99.54
11/24/2005,32.05,90.27,25.18,0.87,3.1,99.56
11/25/2005,31.75,90.81,24.82,0.89,1.97,99.57
11/26/2005,44.03,88.2,25.06,0.91,2.56,99.55
11/27/2005,3.79,86.34,25.64,0.92,3.37,99.58
11/28/2005,13.78,86.48,25.79,0.92,5.28,99.57
11/29/2005,0.25,84.98,24.5,0.92,4.71,99.65
11/30/2005,0.11,83.33,24.22,0.91,3.86,99.46
12/1/2005,0.3,82.25,25.17,0.9,2.39,99.42
12/2/2005,1.42,86.41,25.38,0.9,2.66,99.55
12/3/2005,4.75,87.21,25.82,0.89,3.34,99.55
12/4/2005,4.57,89.24,25.62,0.89,2.77,99.43
12/5/2005,8.58,85.55,25.67,0.89,1.62,99.41
12/6/2005,3.23,85.29,25.71,0.89,3.06,99.5
12/7/2005,0.07,82.8,25.46,0.89,5.12,99.53
12/8/2005,0.09,84.46,24.66,0.88,5.08,99.49
12/9/2005,14.64,84.07,24.81,0.88,4.36,99.48
12/10/2005,20.13,90.5,24.93,0.89,4.77,99.51
12/11/2005,2.94,88.44,25.27,0.89,2.62,99.52
12/12/2005,10.62,91.18,25.43,0.89,3.76,99.49
12/13/2005,9.93,83.54,25.72,0.89,3.52,99.5
12/14/2005,2.72,85.37,25.42,0.89,3.41,99.49
12/15/2005,4.52,87.83,25.11,0.89,6.1,99.53
12/16/2005,2.86,87.4,25.14,0.89,7.03,99.52
12/17/2005,5.22,89.84,25.19,0.88,6.42,99.43
12/18/2005,15.91,90.54,25.04,0.88,5.46,99.44
12/19/2005,5.36,88.1,25.51,0.89,4.04,99.36
12/20/2005,0.7,87.77,25.44,0.88,3.91,99.42
12/21/2005,5.27,88.35,25.39,0.88,3.82,99.57
12/22/2005,3.57,88.42,25.44,0.88,4.15,99.61
12/23/2005,0.67,85.16,25.4,0.87,3.37,99.61
12/24/2005,0.9,79.19,25.91,0.86,2.22,99.6
12/25/2005,0.74,76.8,25.18,0.86,3,99.72
12/26/2005,0,78.68,24.27,0.85,4.81,99.86
12/27/2005,0,76.5,23.86,0.84,5.29,99.92
12/28/2005,0,75.78,23.74,0.84,4.07,99.94
12/29/2005,0,77.71,24.27,0.83,3.36,99.92
12/30/2005,0.02,80.09,24.42,0.82,4.37,99.9
12/31/2005,0.91,83.03,24.41,0.82,4.53,99.86
1/1/2006,1.29,86.16,24.69,0.81,5.83,99.8
1/2/2006,1.5,85.43,24.85,0.8,5.63,99.66
1/3/2006,1.89,85.79,25.29,0.8,5.02,99.55
1/4/2006,3.36,87.82,25.43,0.79,4.95,99.49
1/5/2006,13.61,87.94,24.97,0.79,5.48,99.44
1/6/2006,8.25,90.91,24.71,0.8,4.95,99.47
1/7/2006,5.95,87.95,25.19,0.8,4.63,99.47
1/8/2006,8.7,87.05,25.4,0.8,3.24,99.5
1/9/2006,13.94,86.83,25.09,0.81,3.88,99.53
1/10/2006,1.63,86.43,25.32,0.81,5.37,99.48
1/11/2006,14.73,88.42,24.91,0.81,6.52,99.43
1/12/2006,25.82,90.36,25,0.82,6.78,99.39
1/13/2006,32.21,90.22,25.4,0.84,4.1,99.43
1/14/2006,23.72,91.13,24.59,0.87,2.71,99.66
1/15/2006,5.63,86.59,25.76,0.87,1.77,99.62
1/16/2006,10.64,87.74,25.49,0.87,2.38,99.68
1/17/2006,0.75,84.37,25.48,0.87,3.64,99.74
1/18/2006,0,80.81,24.05,0.86,4.79,99.74
1/19/2006,0,80.84,23.52,0.85,4.08,99.75
1/20/2006,0,79.72,23.68,0.85,3.86,99.81
1/21/2006,0,78.16,23.24,0.84,3.57,99.85
1/22/2006,0,79.17,23.49,0.83,3.5,99.82
1/23/2006,0,76.07,23.31,0.83,3.5,99.83
1/24/2006,0,72.1,22.77,0.82,4.06,99.89
1/25/2006,0,74.26,22.59,0.81,4.84,99.92
1/26/2006,0.06,81.23,23.46,0.8,5.67,99.94
1/27/2006,3.28,84.94,24.23,0.79,6.15,99.81
1/28/2006,4.42,86.57,25.18,0.79,6.23,99.61
1/29/2006,0.04,81.05,24.33,0.79,6.26,99.81
1/30/2006,0,81.28,24.39,0.78,4.63,99.89
1/31/2006,0.27,82.16,24.81,0.77,5.47,99.91
2/1/2006,0,80.26,24.36,0.77,5.05,99.9
2/2/2006,0.03,81.63,24.77,0.76,4.68,99.85
2/3/2006,2.33,83.52,25.56,0.75,4.16,99.84
2/4/2006,14.65,85.94,25.75,0.75,4.79,99.88
2/5/2006,1.88,84.35,25.68,0.75,4.94,99.78
2/6/2006,0.04,82.29,25.41,0.74,5.01,99.7
2/7/2006,0,81.3,24.9,0.74,5.39,99.74
2/8/2006,3.63,83.83,25.5,0.73,5.74,99.78
2/9/2006,18.02,86.72,25.56,0.73,4.07,99.91
2/10/2006,1.48,86.41,25.52,0.74,5.28,99.82
2/11/2006,0.02,83.06,25.57,0.73,5.69,99.71
2/12/2006,0.01,80.64,25.68,0.73,5.33,99.67
2/13/2006,0.58,80.87,25.51,0.72,5.61,99.68
2/14/2006,0.16,81.86,25.77,0.71,4.05,99.66
2/15/2006,0.2,83.49,26.01,0.71,4.01,99.61
2/16/2006,0.15,82.51,26.24,0.7,2.59,99.62
2/17/2006,0.59,81.47,26.66,0.7,2.66,99.67
2/18/2006,4.29,79.2,26.3,0.69,3.3,99.64
2/19/2006,0.38,79.23,25.38,0.68,3.94,99.61
2/20/2006,0,76.87,25.07,0.68,4.33,99.58
2/21/2006,0,77.63,25.11,0.67,3.17,99.57
2/22/2006,0,78.64,25.41,0.66,3.8,99.54
2/23/2006,0.2,82.16,25.93,0.66,4.09,99.44
2/24/2006,0.34,81.91,25.85,0.65,3.61,99.43
2/25/2006,0.54,79.63,26.05,0.65,2.79,99.48
2/26/2006,0.46,81.4,26.18,0.64,1.71,99.49
2/27/2006,0.94,86.17,25.84,0.64,1.76,99.52
2/28/2006,0.14,79.1,26.42,0.64,2.33,99.47
3/1/2006,0.13,82.95,27.02,0.64,2.06,99.44
3/2/2006,4.64,85.01,26.98,0.63,2.87,99.46
3/3/2006,19.43,84.8,26.68,0.64,2.16,99.63
3/4/2006,19.53,85.51,26.04,0.66,1.93,99.73
3/5/2006,2.28,84.43,26.85,0.66,2.21,99.6
3/6/2006,7.92,84.58,26.88,0.67,1.78,99.68
3/7/2006,0.9,81.81,27.07,0.67,2.32,99.68
3/8/2006,2.48,80.87,27.02,0.67,1.69,99.68
3/9/2006,1.07,77.2,27.46,0.66,1.64,99.74
3/10/2006,6.14,80.63,27.04,0.66,1.29,99.65
3/11/2006,5.68,91.24,25.82,0.67,0.94,99.57
3/12/2006,3.62,86.77,26.12,0.67,1.39,99.53
3/13/2006,5.07,84.77,26.61,0.67,1.31,99.51
3/14/2006,4.78,80.65,27,0.67,1.66,99.63
3/15/2006,4.16,80.26,26.85,0.67,1.81,99.67
3/16/2006,3.31,81.67,26.93,0.67,1.95,99.54
3/17/2006,2.71,82.42,26.34,0.67,1.87,99.53
3/18/2006,0.16,78.1,26.34,0.67,3.4,99.5
3/19/2006,0.68,79.31,26.23,0.66,4.51,99.5
3/20/2006,0.35,78.18,26.75,0.65,4.09,99.54
3/21/2006,0.09,72.73,26.74,0.65,3.85,99.48
3/22/2006,0.01,75.17,25.95,0.64,2.05,99.43
3/23/2006,0.01,75.62,26.59,0.64,1.78,99.37
3/24/2006,0.05,80.42,27.01,0.63,2.34,99.42
3/25/2006,2.62,80.4,26.93,0.62,2.42,99.59
3/26/2006,5.8,83.23,26.64,0.62,3.41,99.65
3/27/2006,1.59,82.05,26.75,0.62,3.55,99.52
3/28/2006,0.34,76.95,27.02,0.61,2.6,99.48
3/29/2006,3.13,80.76,27.05,0.61,2.93,99.56
3/30/2006,11.1,86.49,26.25,0.61,2.43,99.71
3/31/2006,8.97,87.34,26.39,0.62,3.31,99.66
4/1/2006,1.87,81.54,27.08,0.62,2.04,99.57
4/2/2006,0.93,79.06,27.4,0.62,2.18,99.56
4/3/2006,0.13,77.84,27.46,0.61,2.54,99.55
4/4/2006,0.01,78.5,27.34,0.61,2.68,99.54
4/5/2006,0.01,81.11,27.22,0.6,3.08,99.54
4/6/2006,1.31,81.45,27.18,0.6,3.47,99.57
4/7/2006,0.67,80.76,27.36,0.59,3.64,99.51
4/8/2006,0.47,79.47,27.44,0.59,3.31,99.41
4/9/2006,4.62,82.35,27.05,0.58,2.96,99.44
4/10/2006,2.87,82.47,27.05,0.59,3.65,99.52
4/11/2006,1.04,83.16,27.06,0.58,3.54,99.46
4/12/2006,0.66,80.19,27.48,0.58,3.23,99.33
4/13/2006,2.32,80.61,27.47,0.57,3.65,99.31
4/14/2006,5.79,79.54,27.33,0.57,2.7,99.46
4/15/2006,6.7,80.66,27.4,0.58,2.01,99.52
4/16/2006,9.84,87.76,26,0.58,2.87,99.45
4/17/2006,5.76,87.96,26.04,0.59,4.05,99.55
4/18/2006,4.87,85.64,26.11,0.59,3.9,99.61
4/19/2006,4.42,81.5,26.92,0.59,2.6,99.64
4/20/2006,5.28,85.5,26.74,0.6,2.33,99.63
4/21/2006,2.56,83.97,26.61,0.6,2.5,99.6
4/22/2006,0.75,80.89,26.87,0.6,2.32,99.52
4/23/2006,0.82,83.17,27.22,0.59,2.79,99.44
4/24/2006,0.67,83.62,27.37,0.59,3.05,99.46
4/25/2006,1.05,83.76,27.48,0.59,4.13,99.45
4/26/2006,0.63,81.41,27.8,0.59,5.09,99.44
4/27/2006,0.11,78.58,27.99,0.58,5.32,99.44
4/28/2006,0.11,79.52,28.03,0.58,5.58,99.4
4/29/2006,0.17,79.7,28.11,0.57,5.41,99.41
4/30/2006,0.04,79.17,28.01,0.57,5,99.43
5/1/2006,0.02,78.34,27.82,0.56,5.23,99.46
5/2/2006,0.58,79.46,27.9,0.56,5.2,99.43
5/3/2006,5.71,81.8,27.75,0.55,4.9,99.45
5/4/2006,7.26,83.86,27.48,0.56,3.79,99.58
5/5/2006,5.92,87.4,26.97,0.56,2.49,99.69
5/6/2006,5,86.15,27.05,0.56,4.03,99.58
5/7/2006,2.21,83.75,27.31,0.57,4.09,99.44
5/8/2006,0.45,84.76,27.32,0.56,3.63,99.48
5/9/2006,2.94,84.96,27.33,0.56,3.17,99.5
5/10/2006,1.43,84.64,27.37,0.56,3.07,99.45
5/11/2006,0.53,83.42,27.69,0.56,3.8,99.5
5/12/2006,1.05,80.27,27.83,0.56,4.25,99.59
5/13/2006,1.35,82.34,27.56,0.56,4.54,99.56
5/14/2006,2.67,83.99,27.43,0.56,4.35,99.55
5/15/2006,3.07,85.49,26.82,0.56,4.33,99.55
5/16/2006,2.54,83.08,27,0.56,5.34,99.57
5/17/2006,2.99,83.94,26.94,0.56,5.8,99.59
5/18/2006,10.89,85.23,26.69,0.56,6.93,99.57
5/19/2006,14.24,85.68,26.76,0.58,6.38,99.58
5/20/2006,9.41,84.03,26.6,0.58,6.04,99.64
5/21/2006,3.15,84.33,27.05,0.58,6.73,99.59
5/22/2006,4.89,85.25,26.97,0.58,6.5,99.55
5/23/2006,6.73,85.18,26.46,0.59,7.07,99.56
5/24/2006,3.78,84.42,26.69,0.59,6.36,99.39
5/25/2006,2.82,83.79,26.98,0.59,6.6,99.37
5/26/2006,14.23,85.86,26.66,0.59,6.7,99.54
5/27/2006,18.09,87.26,26.12,0.61,6.14,99.64
5/28/2006,19.29,84.71,26.04,0.62,5.97,99.57
5/29/2006,5.86,86.57,26.84,0.63,6.29,99.4
5/30/2006,11.28,86.78,26.19,0.63,7.86,99.37
5/31/2006,11.96,87.03,25.87,0.64,5.02,99.54
6/1/2006,1.44,84.57,26.08,0.64,3.64,99.61
6/2/2006,0.51,88.68,26.45,0.64,3.06,99.57
6/3/2006,0.55,87.32,26.58,0.63,3.36,99.49
6/4/2006,2.37,82.3,26.81,0.63,3.61,99.56
6/5/2006,2.05,86.8,25.91,0.63,4.66,99.63
6/6/2006,1.22,88,26.27,0.63,4.41,99.58
6/7/2006,1.37,87.53,26.35,0.63,5.11,99.58
6/8/2006,2.02,86.88,26.71,0.63,5.05,99.53
6/9/2006,3.06,83.37,26.5,0.62,6.68,99.54
6/10/2006,3.52,84.51,26.54,0.62,5.67,99.61
6/11/2006,1.38,85.69,26.67,0.62,4.41,99.59
6/12/2006,0.21,86.24,26.85,0.62,4.12,99.49
6/13/2006,0.03,84.26,26.93,0.61,4.61,99.48
6/14/2006,0.25,82.23,27.03,0.61,5.11,99.52
6/15/2006,2.72,81.63,27.05,0.6,4.86,99.54
6/16/2006,4.18,82.92,27.1,0.6,5.74,99.56
6/17/2006,9.41,83.94,26.82,0.6,6.58,99.55
6/18/2006,4.54,85.54,26.67,0.61,5.5,99.38
6/19/2006,1.83,83.9,26.75,0.6,6.59,99.3
6/20/2006,6.1,89.13,26.29,0.6,8.3,99.22
6/21/2006,11.31,87.49,26.43,0.61,7.51,99.22
6/22/2006,21.46,87.68,26.49,0.62,7.07,99.17
6/23/2006,18.06,85.02,26.67,0.64,7.61,99.23
6/24/2006,2.7,85.44,27.07,0.64,5.89,99.36
6/25/2006,0.68,85.15,26.99,0.64,5.58,99.41
6/26/2006,0.14,83.22,26.99,0.63,4.85,99.43
6/27/2006,0.14,85.44,26.84,0.62,4.6,99.44
6/28/2006,0.83,87.75,26.79,0.62,5.14,99.5
6/29/2006,1,85.83,26.27,0.62,5.16,99.61
6/30/2006,0.37,86.1,26.43,0.61,5.14,99.64
7/1/2006,2.75,87.26,26.69,0.61,6.59,99.66
7/2/2006,6.08,84.02,26.47,0.61,6.99,99.59
7/3/2006,26.89,89.91,25.89,0.63,6.78,99.54
7/4/2006,22.45,89.51,25.91,0.65,7,99.56
7/5/2006,8.75,87.04,26.12,0.66,5.59,99.66
7/6/2006,0.95,87.48,25.96,0.66,3.63,99.72
7/7/2006,0.24,88.73,26.19,0.65,5.16,99.63
7/8/2006,0.08,87.61,26.52,0.65,5.32,99.53
7/9/2006,0.38,88.51,26.33,0.64,5.33,99.53
7/10/2006,1.9,88.44,26.46,0.64,6.02,99.61
7/11/2006,3.82,87.18,25.98,0.64,6.47,99.66
7/12/2006,3.98,87,25.49,0.64,6.28,99.65
7/13/2006,3.53,89.02,25.51,0.64,6.04,99.57
7/14/2006,2.73,89.8,25.68,0.64,5.98,99.6
7/15/2006,1.38,89.48,26.13,0.63,5.9,99.58
7/16/2006,0.49,88.49,26.14,0.63,6.64,99.49
7/17/2006,2,89.78,26,0.63,6.54,99.42
7/18/2006,0.87,89.03,25.82,0.63,5.74,99.47
7/19/2006,0.05,86.87,25.83,0.62,4.73,99.56
7/20/2006,0.13,87.12,25.92,0.62,4.54,99.57
7/21/2006,0.39,87.83,25.94,0.61,4.7,99.51
7/22/2006,0.55,86.16,25.89,0.61,4.38,99.59
7/23/2006,0.03,82.79,25.54,0.6,3.82,99.65
7/24/2006,0,85.21,25.69,0.6,3.76,99.61
7/25/2006,0.47,86.19,25.88,0.6,4.46,99.54
7/26/2006,2.4,87.94,25.68,0.59,5.7,99.68
7/27/2006,2.44,88.91,25.7,0.59,6.08,99.7
7/28/2006,1.12,86.66,25.51,0.59,5.42,99.59
7/29/2006,1.45,88.9,24.98,0.59,4.92,99.58
7/30/2006,1.09,87.79,25.89,0.59,4.16,99.63
7/31/2006,0.78,88.26,25.96,0.59,4.81,99.6
8/1/2006,0.64,89.6,25.94,0.58,4.83,99.55
8/2/2006,0.99,89.99,25.83,0.58,4.62,99.51
8/3/2006,0.6,90.02,25.8,0.58,4.89,99.49
8/4/2006,0.19,85.89,26.08,0.58,4.95,99.49
8/5/2006,0.04,86.92,26.21,0.57,3.94,99.59
8/6/2006,0.01,84.01,26.33,0.57,3.89,99.76
8/7/2006,0.01,83.06,26.27,0.57,4.67,99.77
8/8/2006,0.02,80.52,26.4,0.56,4.82,99.75
8/9/2006,1.6,81.74,26.62,0.56,5.83,99.69
8/10/2006,16.36,85.28,26.54,0.56,6.69,99.63
8/11/2006,10.16,87.83,26.31,0.58,6.02,99.61
8/12/2006,12.06,85.03,25.84,0.58,6.33,99.61
8/13/2006,16.98,87.67,25.59,0.6,6.48,99.6
8/14/2006,12.57,88.46,25.83,0.61,6.32,99.55
8/15/2006,19.83,89.43,25.57,0.61,6,99.5
8/16/2006,8.19,88.86,25.49,0.63,6.85,99.45
8/17/2006,5.38,86.84,25.94,0.63,6.14,99.42
8/18/2006,10.23,85.95,25.85,0.63,5.45,99.57
8/19/2006,8.66,86.77,25.52,0.64,4.84,99.62
8/20/2006,12.75,88.61,25.42,0.64,5.23,99.59
8/21/2006,8.06,90.6,25.5,0.65,5.35,99.55
8/22/2006,3.46,88.92,25.77,0.65,5.35,99.57
8/23/2006,11.14,87.82,25.77,0.65,4.85,99.6
8/24/2006,10.45,85.72,25.98,0.65,4.68,99.65
8/25/2006,6.26,85.27,26,0.66,4.53,99.75
8/26/2006,2.48,85.57,26.01,0.65,4.29,99.72
8/27/2006,1.15,87.29,25.93,0.65,4.31,99.63
8/28/2006,0.37,84.58,26.23,0.65,5.53,99.54
8/29/2006,1.69,84.14,26.19,0.65,6.2,99.58
8/30/2006,0.8,82.76,26.43,0.64,4.59,99.61
8/31/2006,1.04,86.51,26.16,0.64,4.68,99.51
9/1/2006,3.32,87.71,26.18,0.64,4.35,99.47
9/2/2006,5.68,86.73,26.14,0.63,5.53,99.52
9/3/2006,6.95,88.7,25.64,0.64,3.96,99.54
9/4/2006,3.41,89.1,25.53,0.64,4.37,99.44
9/5/2006,3.38,88.81,25.66,0.64,4.02,99.37
9/6/2006,9.79,88.18,25.71,0.64,4.46,99.29
9/7/2006,9.59,89.2,25.74,0.65,5.03,99.37
9/8/2006,17.11,87.06,25.83,0.66,6.54,99.49
9/9/2006,19.86,84.91,25.83,0.68,7.08,99.62
9/10/2006,8.21,83.69,25.93,0.68,6.59,99.64
9/11/2006,5.61,84.94,25.93,0.68,6.77,99.57
9/12/2006,11.7,85.9,25.95,0.69,6.01,99.59
9/13/2006,5.81,85.05,25.93,0.69,6.15,99.72
9/14/2006,2.25,84.54,25.97,0.69,5.92,99.69
9/15/2006,2.95,86.78,26,0.69,5.64,99.67
9/16/2006,0.98,84.72,26.24,0.68,5.62,99.73
9/17/2006,0.53,86.99,25.89,0.68,4.3,99.74
9/18/2006,2.35,87.08,25.97,0.68,4.07,99.69
9/19/2006,6.27,88.41,26.05,0.68,4.85,99.61
9/20/2006,4.13,88.09,26.32,0.68,5.03,99.67
9/21/2006,2.94,87.54,26.24,0.68,4.53,99.7
9/22/2006,1.69,85.66,26.19,0.68,4.17,99.66
9/23/2006,1.45,85.67,26.16,0.67,4.34,99.66
9/24/2006,2.21,85.84,26.14,0.67,5.27,99.75
9/25/2006,4.87,86.43,25.7,0.67,5.41,99.83
9/26/2006,3.36,89.6,25.36,0.67,4.53,99.74
9/27/2006,2.76,88.66,26,0.67,5.6,99.54
9/28/2006,1.72,85.33,26.12,0.67,5.92,99.54
9/29/2006,1.44,85.07,26.22,0.67,6.38,99.61
9/30/2006,0.64,83.98,26.13,0.66,5.89,99.7
10/1/2006,0.2,85.44,25.93,0.66,4.94,99.71
10/2/2006,0.19,83.51,26.34,0.65,4.49,99.59
10/3/2006,0.3,83.93,26.39,0.65,4.74,99.63
10/4/2006,1.26,81.22,26.36,0.64,5.59,99.75
10/5/2006,12.47,85.11,26.43,0.64,5.79,99.75
10/6/2006,5.49,84.14,26.41,0.64,6.23,99.74
10/7/2006,5.08,83.16,26.07,0.64,6.09,99.72
10/8/2006,7.1,84.22,26.12,0.64,5.86,99.79
10/9/2006,1.67,84.39,26.23,0.64,4.97,99.82
10/10/2006,2.71,83.77,26.06,0.64,4.75,99.88
10/11/2006,3.78,83.27,26.35,0.64,4.68,99.89
10/12/2006,27.09,85.65,26.35,0.64,4.3,99.83
10/13/2006,13.81,86.85,25.83,0.66,4.36,99.86
10/14/2006,2.51,84.87,25.89,0.66,2.5,99.84
10/15/2006,6.77,80.81,26.85,0.66,1.97,99.68
10/16/2006,13.07,86.87,26.16,0.67,1.89,99.67
10/17/2006,14.64,84.91,26.44,0.68,2.03,99.68
10/18/2006,23.93,91.17,25.56,0.69,2.47,99.65
10/19/2006,20.35,86.79,25.75,0.71,2.09,99.68
10/20/2006,30.09,87.52,25.79,0.73,1.64,99.71
10/21/2006,29.52,87.99,25.71,0.76,2.53,99.74
10/22/2006,23.11,83.32,26.51,0.78,2.13,99.65
10/23/2006,22.07,83.94,26.37,0.79,3.12,99.61
10/24/2006,36.47,88.02,26,0.82,4.15,99.56
10/25/2006,26.92,86.72,25.79,0.84,2.54,99.58
10/26/2006,56.11,91.5,25.41,0.86,2.21,99.59
10/27/2006,42.78,89.89,25.14,0.89,4.87,99.71
10/28/2006,37.83,90.12,25.08,0.92,4.18,99.63
10/29/2006,4.96,84.71,25.86,0.93,2.88,99.62
10/30/2006,3.28,83.11,26.43,0.92,1.86,99.62
10/31/2006,6.93,90.01,25.38,0.92,3.02,99.64
11/1/2006,4.38,88.56,25.63,0.92,2.16,99.57
11/2/2006,4.09,84.84,26.25,0.92,1.97,99.44
11/3/2006,18.41,86.26,26.18,0.92,1.82,99.49
11/4/2006,19.21,86.82,25.9,0.93,2.24,99.61
11/5/2006,4.07,86.27,26.56,0.93,1.87,99.62
11/6/2006,8.48,85.86,26.57,0.93,1.85,99.6
11/7/2006,12.04,91.18,25.44,0.93,3.61,99.57
11/8/2006,13.15,86.46,25.93,0.94,3.08,99.68
11/9/2006,17.72,87.56,25.82,0.94,1.83,99.74
11/10/2006,12.53,87.99,25.87,0.94,2.91,99.76
11/11/2006,19.31,88.48,25.7,0.95,2.89,99.69
11/12/2006,15.29,87.53,25.7,0.95,2.26,99.6
11/13/2006,11.37,83.99,26.03,0.95,2.21,99.55
11/14/2006,7.08,87.14,25.78,0.95,2.02,99.53
11/15/2006,10.19,85.1,26.19,0.95,2,99.5
11/16/2006,18.53,89.73,25.66,0.95,1.68,99.48
11/17/2006,42.19,89.25,25.5,0.96,1.94,99.48
11/18/2006,58.95,87.78,26.01,0.97,2.5,99.5
11/19/2006,24.05,89,26.11,0.98,3.81,99.53
11/20/2006,24.66,85.69,25.88,0.98,3.37,99.51
11/21/2006,7.08,86.57,25.5,0.98,3.24,99.54
11/22/2006,5.19,88.45,25.37,0.97,2.42,99.62
11/23/2006,7.46,86.49,26.17,0.97,3.27,99.54
11/24/2006,5.18,86.27,26.05,0.97,3.95,99.54
11/25/2006,17.23,84.55,26.31,0.97,2.37,99.53
11/26/2006,12.74,84.71,26.15,0.97,2.08,99.46
11/27/2006,10.45,81.87,26.63,0.96,1.77,99.47
11/28/2006,14.08,84.43,26.19,0.96,3.58,99.52
11/29/2006,1.01,85.19,25.86,0.96,5.71,99.6
11/30/2006,0.19,84.55,25.64,0.95,5.35,99.65
12/1/2006,0.09,84.31,25.21,0.94,4.94,99.68
12/2/2006,12.43,85.75,25.39,0.94,6.01,99.6
12/3/2006,8.05,84.51,25.23,0.94,5.84,99.67
12/4/2006,10.02,85.23,25.7,0.94,5.29,99.71
12/5/2006,12.64,85.87,25.78,0.94,5.52,99.73
12/6/2006,4.62,85.44,25.69,0.93,5.35,99.71
12/7/2006,8.13,86.28,25.47,0.93,5.93,99.63
12/8/2006,0.3,82.92,25.33,0.92,5.4,99.72
12/9/2006,1.96,82.49,25.36,0.92,5.59,99.77
12/10/2006,11.29,88.11,25.47,0.91,3.94,99.74
12/11/2006,17.65,85.92,25.85,0.92,2.09,99.64
12/12/2006,5.21,85.13,26.47,0.92,3.05,99.62
12/13/2006,1.11,84.57,26.14,0.92,5.23,99.69
12/14/2006,0.23,83.01,25.87,0.91,6.01,99.69
12/15/2006,5.97,84.72,25.89,0.9,6.71,99.63
12/16/2006,4.9,85.1,25.46,0.9,6.79,99.64
12/17/2006,2.67,84.74,25.34,0.89,5.56,99.63
12/18/2006,6.4,86.29,26.03,0.89,6.2,99.57
12/19/2006,26.64,90.47,25.77,0.89,6.49,99.57
12/20/2006,13.48,88.89,25.75,0.9,5.66,99.62
12/21/2006,1.5,83.84,25.4,0.9,5.22,99.57
12/22/2006,2.31,85.52,25.51,0.9,5.9,99.46
12/23/2006,2.9,86.4,25.64,0.89,5.66,99.5
12/24/2006,2.19,85.64,25.56,0.89,6.02,99.48
12/25/2006,3.95,86.64,24.62,0.88,6.64,99.56
12/26/2006,0.57,84.35,24.83,0.88,5.35,99.61
12/27/2006,0,81.22,24.88,0.87,4.76,99.66
12/28/2006,0.01,80.28,24.55,0.86,5.05,99.75
12/29/2006,0,80.24,23.77,0.85,5.84,99.87
12/30/2006,0,79.24,23.06,0.85,5.21,99.94
12/31/2006,0,75.96,23.09,0.84,4.17,99.93
1/1/2007,0,75.14,23.97,0.83,3.43,99.95
1/2/2007,0,78.27,24.14,0.83,4.76,99.95
1/3/2007,0.02,76.77,23.86,0.82,4.55,99.93
1/4/2007,1.46,76.65,22.95,0.81,4.93,99.86
1/5/2007,0.02,78.03,23.09,0.8,4.34,99.8
1/6/2007,0.58,81.24,23.72,0.8,4.23,99.75
1/7/2007,0.07,83.17,24.11,0.79,4.95,99.73
1/8/2007,3.87,85.08,25.22,0.79,5.13,99.64
1/9/2007,14.99,86.86,25.75,0.79,6.1,99.66
1/10/2007,23.05,87.33,25.52,0.79,5.56,99.72
1/11/2007,25.89,87.15,25.78,0.8,5.96,99.66
1/12/2007,6.01,86.7,25.51,0.81,5.54,99.69
1/13/2007,0.39,85.4,25.62,0.81,5.5,99.72
1/14/2007,1.14,85.26,25.81,0.8,5.08,99.69
1/15/2007,0.02,83.55,25.41,0.79,5.34,99.65
1/16/2007,1.12,83.25,25.19,0.79,5.39,99.69
1/17/2007,0,82.9,25.14,0.78,5.06,99.77
1/18/2007,0.44,83.81,25.23,0.77,5.66,99.77
1/19/2007,0.03,82.6,24.78,0.77,5.73,99.83
1/20/2007,0,81.02,24.49,0.76,5.69,99.82
1/21/2007,0,79.84,23.59,0.76,4.24,99.88
1/22/2007,0,78.99,24.02,0.75,4.9,99.92
1/23/2007,0,78.8,23.73,0.74,4.81,99.96
1/24/2007,0,80.12,23.94,0.74,4.92,99.9
1/25/2007,0.22,82.96,24.74,0.73,5.03,99.81
1/26/2007,1.67,85.38,25.42,0.72,4.8,99.74
1/27/2007,8.22,86.54,26.08,0.72,4.2,99.73
1/28/2007,4.26,84.45,26.09,0.72,3.29,99.75
1/29/2007,3.78,83.64,25.92,0.72,4.25,99.75
1/30/2007,0.2,81.08,25.49,0.71,4.62,99.83
1/31/2007,0.06,80.77,25.35,0.71,5.3,99.9
2/1/2007,0,79.43,24.36,0.7,5.03,99.91
2/2/2007,0.53,80.98,24.79,0.69,3.87,99.87
2/3/2007,0.37,81.55,25.29,0.69,3.79,99.93
2/4/2007,0.02,77.94,25.59,0.68,3.71,99.87
2/5/2007,0,76.22,24.88,0.68,4.24,99.76
2/6/2007,0,74.58,24.13,0.67,3.73,99.78
2/7/2007,0.13,74.9,24.81,0.66,3.18,99.79
2/8/2007,0.78,75.29,25.09,0.66,3.12,99.8
2/9/2007,0.03,76.9,25.09,0.65,3.84,99.71
2/10/2007,0.27,75.51,25.79,0.65,2.43,99.67
2/11/2007,0.56,76.52,26.48,0.64,1.79,99.77
2/12/2007,0.7,79.15,26.47,0.64,1.81,99.78
2/13/2007,0.39,79.36,26.09,0.63,2.14,99.71
2/14/2007,0.01,80.12,25.74,0.62,2.51,99.81
2/15/2007,0,78.33,25.69,0.62,2.45,99.84
2/16/2007,0.09,77.31,25.58,0.61,2.2,99.74
2/17/2007,0.22,77.64,25.69,0.61,2.36,99.72
2/18/2007,0.89,73.59,26.52,0.6,1.26,99.67
2/19/2007,1.72,74.07,26.27,0.6,3.09,99.68
2/20/2007,0,75.02,25.51,0.6,5.71,99.7
2/21/2007,0,74.22,25.31,0.59,5.81,99.73
2/22/2007,0,75.02,25.21,0.58,5.77,99.55
2/23/2007,0.07,76.59,25.85,0.58,3.36,99.45
2/24/2007,3.48,80.28,26.32,0.58,2.95,99.49
2/25/2007,6.44,86.24,25.44,0.58,4.16,99.55
2/26/2007,1.24,79.31,26.84,0.58,2.98,99.47
2/27/2007,1.03,79.18,26.85,0.58,1.73,99.48
2/28/2007,0.52,77.86,26.76,0.57,2.68,99.55
3/1/2007,0.06,75.57,26.84,0.57,1.92,99.59
3/2/2007,0.61,81.29,26.41,0.56,2.8,99.64
3/3/2007,0.54,76.36,26.89,0.56,1.72,99.6
3/4/2007,0.05,69.69,26.8,0.56,1.55,99.61
3/5/2007,0,67.62,26.64,0.55,2.03,99.71
3/6/2007,0,66.8,26.73,0.55,2.27,99.59
3/7/2007,0.08,72.07,26.43,0.54,1.96,99.48
3/8/2007,0.02,73.08,26.92,0.54,1.75,99.53
3/9/2007,0,66.81,26.42,0.53,1.99,99.53
3/10/2007,0.02,67.86,26.41,0.53,2.44,99.63
3/11/2007,0.07,68.74,26.31,0.52,1.87,99.64
3/12/2007,2.08,73.81,26.82,0.52,1.8,99.7
3/13/2007,2.04,76.21,27.46,0.52,1.26,99.62
3/14/2007,4.51,72.29,27.96,0.52,2.33,99.55
3/15/2007,0.46,70.54,27.94,0.52,1.92,99.51
3/16/2007,2.62,78.53,27.28,0.51,1.89,99.57
3/17/2007,1.39,75.32,28.04,0.51,1.55,99.56
3/18/2007,0.04,67.97,27.66,0.51,2.48,99.51
3/19/2007,0,68.36,27.55,0.51,1.73,99.63
3/20/2007,0.02,66.26,27.62,0.5,1.93,99.71
3/21/2007,0.08,74.23,27.11,0.5,2.55,99.76
3/22/2007,0.03,72.95,27.08,0.49,2.17,99.78
3/23/2007,0.12,69.46,27.26,0.49,1.9,99.79
3/24/2007,0.03,73.78,27.16,0.49,2.64,99.75
3/25/2007,0.5,68.04,28.15,0.48,1.78,99.56
3/26/2007,0.66,71.83,27.98,0.48,2.42,99.51
3/27/2007,0.04,63.69,28.25,0.48,0.91,99.59
3/28/2007,0.17,63.66,28.04,0.48,1.03,99.64
3/29/2007,0.4,66.65,27.67,0.47,1.75,99.56
3/30/2007,0.5,73.07,27.75,0.47,2.16,99.56
3/31/2007,14.13,76.86,27.49,0.47,2.43,99.65
4/1/2007,15.15,78.27,27.64,0.49,1.49,99.66
4/2/2007,0.73,79.72,27.6,0.49,2.74,99.54
4/3/2007,5.4,78.03,28.02,0.49,2.27,99.43
4/4/2007,14.53,78.09,28.08,0.49,1.79,99.42
4/5/2007,19.23,79.73,27.64,0.51,1.68,99.44
4/6/2007,14.66,82.57,27.25,0.53,2.79,99.56
4/7/2007,27.91,78.02,27.3,0.55,1.85,99.56
4/8/2007,30.29,82.85,26.75,0.57,1.39,99.54
4/9/2007,13.26,82.88,26.82,0.59,2.15,99.52
4/10/2007,34,87.79,26.44,0.61,3.47,99.55
4/11/2007,18.49,90.17,26.36,0.64,3.33,99.47
4/12/2007,16.33,87.61,26.59,0.65,3.15,99.39
4/13/2007,6.12,85.24,27.11,0.66,2.07,99.41
4/14/2007,3.19,78.9,27.57,0.66,1.89,99.43
4/15/2007,3.28,78.3,27.65,0.66,1.95,99.47
4/16/2007,1.83,78.78,27.4,0.66,1.9,99.48
4/17/2007,0.21,78.43,27.47,0.65,2.21,99.52
4/18/2007,0.5,79.28,27.66,0.65,2.45,99.57
4/19/2007,0.5,80.54,27.76,0.64,2.08,99.55
4/20/2007,3.43,81.25,27.79,0.64,2.6,99.58
4/21/2007,2.15,83.38,27.29,0.64,2.85,99.6
4/22/2007,5.12,85.59,26.65,0.63,3.28,99.66
4/23/2007,3.67,86.52,26.78,0.63,3.1,99.57
4/24/2007,2.76,81.39,26.89,0.63,3.84,99.52
4/25/2007,7.54,83.67,27.32,0.63,2.23,99.4
4/26/2007,15.85,88.41,26.98,0.64,3.33,99.49
4/27/2007,7.34,82.71,26.96,0.65,1.92,99.62
4/28/2007,3.29,86.15,26.9,0.65,2.56,99.51
4/29/2007,8.49,87.57,26.88,0.65,3.32,99.5
4/30/2007,7.34,87.45,27.14,0.66,2.85,99.51
5/1/2007,2.14,85.44,27.52,0.66,3.1,99.57
5/2/2007,4.01,86.58,27.59,0.65,3.99,99.42
5/3/2007,4.61,84.31,27.9,0.65,5.8,99.28
5/4/2007,3.04,84.5,28.03,0.65,5.63,99.27
5/5/2007,2.49,87.09,27.86,0.65,4.85,99.35
5/6/2007,1.6,87.79,27.44,0.65,4.33,99.36
5/7/2007,1.97,86.96,27.54,0.65,4.55,99.38
5/8/2007,11.68,87.72,27.56,0.65,4.77,99.47
5/9/2007,12.85,87.95,27.28,0.67,5.38,99.63
5/10/2007,4.47,86.38,27.15,0.67,5.5,99.61
5/11/2007,3.89,88.21,27.65,0.67,6.42,99.4
5/12/2007,3.43,85.97,27.78,0.67,7.08,99.45
5/13/2007,0.92,82.32,27.22,0.66,5.49,99.48
5/14/2007,0.2,82.49,27.29,0.66,6.14,99.43
5/15/2007,0.01,79.04,27.47,0.65,5.46,99.44
5/16/2007,0.01,80.08,27.24,0.64,5.32,99.51
5/17/2007,0.21,81.72,27.04,0.64,5.44,99.53
5/18/2007,0.7,85.3,27.17,0.63,5.18,99.54
5/19/2007,1.35,86.4,27.4,0.63,5.29,99.55
5/20/2007,1.58,85.76,27.47,0.63,4.87,99.5
5/21/2007,2.86,86.23,27.46,0.62,5.22,99.42
5/22/2007,2.2,86.59,27.28,0.62,4.98,99.38
5/23/2007,4.77,86.9,27.2,0.62,4.26,99.44
5/24/2007,2.94,87.84,26.92,0.62,3.72,99.46
5/25/2007,4.03,89.05,27.01,0.62,3.31,99.47
5/26/2007,3.63,87.08,26.93,0.62,4.07,99.56
5/27/2007,6.15,84.95,27.15,0.62,4.8,99.61
5/28/2007,7.31,87.1,26.33,0.63,5.96,99.7
5/29/2007,2.23,81.06,26.88,0.62,4.86,99.64
5/30/2007,5.1,83.23,26.89,0.62,4.81,99.56
5/31/2007,1.5,82.27,27.01,0.62,3.84,99.55
6/1/2007,0.46,85.62,26.9,0.62,3.76,99.43
6/2/2007,0.63,83.37,27.54,0.61,4.14,99.36
6/3/2007,0.22,83.62,27.56,0.61,3.99,99.36
6/4/2007,0.54,84.15,27.47,0.61,3.89,99.4
6/5/2007,0.55,87.17,27.21,0.6,3.66,99.36
6/6/2007,1.61,89.19,27.12,0.6,4.07,99.34
6/7/2007,6.51,87.7,26.95,0.6,4.83,99.38
6/8/2007,4.96,86.92,26.61,0.61,5.67,99.44
6/9/2007,2.32,85.05,26.98,0.6,5.55,99.49
6/10/2007,3.21,85.37,27.18,0.6,6.08,99.4
6/11/2007,5.13,84.19,27.23,0.6,6.95,99.27
6/12/2007,9.97,84.47,27.13,0.61,5.94,99.18
6/13/2007,6.03,87.86,26.93,0.61,6.11,99.11
6/14/2007,9.18,86.89,26.6,0.62,6.45,99.13
6/15/2007,12.99,84.81,26.29,0.62,5.37,99.18
6/16/2007,6.21,84.29,26.66,0.63,6.68,99.21
6/17/2007,5.73,87.25,26.39,0.63,6.21,99.27
6/18/2007,7.31,87.56,26.02,0.63,6.28,99.34
6/19/2007,4.7,87.32,25.87,0.63,6.02,99.29
6/20/2007,8.16,87.94,25.38,0.63,7.39,99.21
6/21/2007,19.38,88.22,25.46,0.64,7.32,99.07
6/22/2007,16.44,88.9,25.86,0.66,7.65,99.1
6/23/2007,10.32,90.68,26.06,0.67,3.73,99.38
6/24/2007,2.02,84.71,26.26,0.67,1.97,99.58
6/25/2007,0.3,87.7,26.14,0.67,3.02,99.57
6/26/2007,0.46,86.06,26.24,0.66,3.71,99.47
6/27/2007,0.36,88.88,26.41,0.66,4.85,99.47
6/28/2007,1.86,90.19,26.43,0.66,5.37,99.53
6/29/2007,1.81,89.64,26.4,0.66,4.69,99.57
6/30/2007,1.88,83.95,25.68,0.65,6.09,99.61
7/1/2007,1.74,87.62,26.54,0.65,4.75,99.46
7/2/2007,2.24,87.72,26.84,0.65,4.74,99.5
7/3/2007,7.61,87.63,26.64,0.65,4.8,99.6
7/4/2007,3.95,89.09,26.21,0.65,4.91,99.69
7/5/2007,1.35,87.57,26.58,0.65,5.41,99.61
7/6/2007,2.77,83.44,26.43,0.65,6.6,99.65
7/7/2007,1.52,82.58,26.6,0.65,6.28,99.61
7/8/2007,0.72,86.92,26.6,0.64,5.45,99.58
7/9/2007,0.32,86.64,26.29,0.64,4.13,99.5
7/10/2007,1.99,87.6,26.26,0.63,5.4,99.48
7/11/2007,4.44,87.63,26.38,0.63,5.63,99.53
7/12/2007,6.83,87.57,26.66,0.63,6.05,99.54
7/13/2007,2.76,87.79,26.55,0.63,6.23,99.51
7/14/2007,0.97,87.12,26.58,0.63,6.38,99.42
7/15/2007,0.88,87.57,26.55,0.63,5.87,99.45
7/16/2007,6.73,87.61,26.13,0.63,5.71,99.48
7/17/2007,6.01,86.94,25.89,0.63,6.68,99.46
7/18/2007,3.18,87.34,25.75,0.63,5.57,99.4
7/19/2007,17.57,90.24,25.39,0.63,5.94,99.41
7/20/2007,10.61,89.52,25.17,0.65,5.9,99.53
7/21/2007,3.87,89.41,25.09,0.65,4.72,99.46
7/22/2007,1.6,88.18,25,0.65,6.12,99.33
7/23/2007,1.32,88.13,24.57,0.65,4.47,99.38
7/24/2007,3.99,90.31,24.78,0.65,4.78,99.45
7/25/2007,1.98,89.3,24.75,0.65,4.21,99.43
7/26/2007,0.09,87.56,25.3,0.64,5.17,99.46
7/27/2007,0.3,87.91,25.63,0.64,4.91,99.42
7/28/2007,0.86,85.56,25.71,0.63,5.08,99.43
7/29/2007,1.49,88.4,25.56,0.63,5.04,99.47
7/30/2007,0.79,87.62,25.43,0.63,4.75,99.5
7/31/2007,1.08,86.24,25.66,0.62,5.25,99.51
8/1/2007,1.32,84.89,25.75,0.62,5.54,99.57
8/2/2007,6.13,87.24,25.71,0.62,5.36,99.64
8/3/2007,3.8,86.6,25.83,0.62,4.6,99.69
8/4/2007,3.61,87.87,25.98,0.62,5.17,99.55
8/5/2007,0.88,86.85,26.25,0.62,5.3,99.48
8/6/2007,0.35,85.76,26.24,0.62,5.14,99.51
8/7/2007,0.23,87.19,26.36,0.61,4.58,99.52
8/8/2007,0.62,84.83,26.56,0.61,5.2,99.47
8/9/2007,1.76,86.5,26.53,0.61,5.12,99.42
8/10/2007,4.09,85.55,26.08,0.61,6.19,99.47
8/11/2007,2.43,85.9,25.69,0.6,6.17,99.58
8/12/2007,1.76,86.25,25.74,0.6,4.9,99.66
8/13/2007,1.06,86.07,25.79,0.6,5.07,99.63
8/14/2007,0.09,86.54,26.03,0.6,4.76,99.57
8/15/2007,0.14,88.19,25.95,0.6,4.39,99.5
8/16/2007,0.25,86.79,26.11,0.59,4.47,99.44
8/17/2007,0.53,85.81,26.2,0.59,4.82,99.53
8/18/2007,1.22,85.58,26.44,0.59,5.64,99.58
8/19/2007,1.96,86.63,26.3,0.58,5.68,99.57
8/20/2007,3.21,84.9,26.39,0.58,5.39,99.6
8/21/2007,4.06,85.84,26.23,0.58,6.31,99.54
8/22/2007,1.62,86.74,25.85,0.58,5.43,99.49
8/23/2007,0.92,87.28,25.77,0.58,4.67,99.44
8/24/2007,3.92,85.46,26.18,0.58,4.94,99.44
8/25/2007,6.97,86.49,26.03,0.58,5.08,99.47
8/26/2007,7.33,86.5,25.94,0.59,5.23,99.46
8/27/2007,1.13,87.35,25.89,0.59,4.72,99.44
8/28/2007,6.76,87.67,25.99,0.59,4.93,99.45
8/29/2007,12.71,88.96,26.04,0.59,5.36,99.46
8/30/2007,32.29,88.44,25.67,0.61,6.37,99.49
8/31/2007,26.04,87.79,25.63,0.64,6.96,99.51
9/1/2007,5.6,85.12,25.88,0.64,5.73,99.5
9/2/2007,4.76,85.33,25.71,0.64,6.18,99.55
9/3/2007,1.71,83.69,26.12,0.64,5.3,99.61
9/4/2007,2.23,84.91,26.23,0.64,4.29,99.5
9/5/2007,7.48,87.3,26.11,0.64,6.79,99.46
9/6/2007,5.19,85.39,26.3,0.64,6.07,99.49
9/7/2007,7.19,88.08,25.99,0.64,4.15,99.41
9/8/2007,10.05,87.76,26.35,0.65,3.67,99.34
9/9/2007,17.83,90.44,25.38,0.66,4.04,99.37
9/10/2007,5.57,86.27,25.45,0.67,3.54,99.47
9/11/2007,3.73,86.42,25.9,0.66,4.35,99.39
9/12/2007,5.72,89.09,25.95,0.66,4.9,99.38
9/13/2007,11.45,87.69,26.05,0.67,5.68,99.48
9/14/2007,6.88,84.17,25.74,0.68,6.04,99.53
9/15/2007,4.12,84.93,26.19,0.67,6.28,99.4
9/16/2007,10.96,86.57,26.34,0.68,7.37,99.32
9/17/2007,18.58,85.75,26.52,0.68,7.59,99.41
9/18/2007,10.09,84.84,26.51,0.69,7.1,99.44
9/19/2007,2.65,86.15,26.51,0.69,6.39,99.4
9/20/2007,1.22,87.4,26.19,0.69,6.29,99.42
9/21/2007,4.86,87.65,26.49,0.69,7.06,99.45
9/22/2007,2.52,86.34,26.06,0.69,6.76,99.46
9/23/2007,3.79,87.52,25.99,0.69,5.71,99.41
9/24/2007,3.55,87.56,26.09,0.68,4.48,99.4
9/25/2007,1.44,86.52,26.46,0.68,4.72,99.56
9/26/2007,0.38,86.82,26.47,0.68,3.84,99.59
9/27/2007,1.26,88.49,26.3,0.67,4.09,99.62
9/28/2007,4.26,87.64,26.13,0.67,4.87,99.68
9/29/2007,0.93,83.18,26.29,0.67,5.63,99.78
9/30/2007,0.26,86.19,26.43,0.67,5.46,99.75
10/1/2007,2.31,83.62,26.16,0.66,6.34,99.63
10/2/2007,9.56,85.22,26.36,0.67,6.59,99.51
10/3/2007,4.62,84.77,26.35,0.67,6.44,99.47
10/4/2007,8.11,86.02,26.28,0.67,5.9,99.46
10/5/2007,6.28,85.06,26.08,0.67,6.84,99.45
10/6/2007,11.57,85.8,25.93,0.67,7.04,99.45
10/7/2007,15.4,87.82,25.71,0.68,5.91,99.49
10/8/2007,9.48,88.38,25.71,0.69,5.47,99.49
10/9/2007,0.39,85.36,26.15,0.69,3.74,99.42
10/10/2007,3.46,84.97,26.05,0.68,3.29,99.43
10/11/2007,11.69,88.43,25.43,0.69,4.43,99.58
10/12/2007,2.31,86.83,25.65,0.69,3.95,99.72
10/13/2007,1.36,86.72,26.01,0.68,3.82,99.68
10/14/2007,9.91,88.3,25.54,0.68,3.74,99.62
10/15/2007,16.1,90.15,25.31,0.7,3.31,99.63
10/16/2007,9.39,89.5,25.2,0.7,3.15,99.67
10/17/2007,21.04,88.96,25.24,0.71,3.47,99.62
10/18/2007,12.59,89.64,24.84,0.73,3.89,99.69
10/19/2007,15.5,86.02,25.41,0.74,3.07,99.78
10/20/2007,16.01,87.65,25.16,0.75,5.65,99.75
10/21/2007,12.47,84.59,25.32,0.76,4.7,99.63
10/22/2007,28.11,87.58,25.34,0.77,5,99.5
10/23/2007,10.16,89.71,25.24,0.78,4.05,99.39
10/24/2007,5.86,89.57,25.48,0.79,3.75,99.42
10/25/2007,12.54,89.85,25.45,0.79,3.2,99.41
10/26/2007,27.59,90.85,25.14,0.81,3.89,99.4
10/27/2007,11.49,85.43,25.4,0.82,3.27,99.45
10/28/2007,9.85,88.41,25.74,0.82,4.29,99.35
10/29/2007,5.92,83.11,26.06,0.82,5.69,99.29
10/30/2007,4.16,83.33,26.44,0.82,4.83,99.31
10/31/2007,1.42,83.6,26.31,0.82,3.54,99.47
11/1/2007,5.68,84.74,26.19,0.81,3.34,99.51
11/2/2007,13.98,85.99,25.71,0.82,3.29,99.32
11/3/2007,15.9,88.61,25.31,0.82,3.21,99.29
11/4/2007,15.92,89.49,25.44,0.83,2.86,99.55
11/5/2007,5.54,89.11,25.51,0.84,2.61,99.63
11/6/2007,22.91,90.62,25.52,0.84,4.2,99.54
11/7/2007,16.59,89.68,25.36,0.86,4.08,99.55
11/8/2007,6.06,86.23,25.64,0.86,2.56,99.5
11/9/2007,6.49,84.81,25.68,0.86,2.63,99.52
11/10/2007,1.74,83.9,25.54,0.86,2.7,99.5
11/11/2007,3.3,84.43,25.83,0.86,3.26,99.48
11/12/2007,3.24,84.02,25.93,0.85,4.36,99.47
11/13/2007,0.78,84.21,26,0.85,5.14,99.44
11/14/2007,0.05,77.2,25.74,0.84,5.41,99.41
11/15/2007,0,73.74,25.2,0.83,4.02,99.56
11/16/2007,0.01,76.32,25.18,0.82,4.48,99.69
11/17/2007,0,74.03,24.33,0.82,4.84,99.56
11/18/2007,0.33,79.31,25.31,0.81,4.06,99.55
11/19/2007,3.47,85.22,25.66,0.8,2.66,99.71
11/20/2007,7.71,83.21,26.2,0.8,3.14,99.7
11/21/2007,6.78,83.77,26.4,0.8,2.93,99.63
11/22/2007,19.64,83.44,26.4,0.81,2.45,99.63
11/23/2007,3.48,86.33,26.19,0.81,3.3,99.63
11/24/2007,0.92,85.32,25.96,0.81,5,99.63
11/25/2007,0.01,80.24,25.41,0.8,5.64,99.69
11/26/2007,0,77.51,25.39,0.8,4.15,99.78
11/27/2007,0.39,81.26,25.54,0.79,3,99.73
11/28/2007,0.05,80.6,25.68,0.78,3.48,99.61
11/29/2007,4.45,80.56,25.87,0.78,3.73,99.59
11/30/2007,0.03,78.22,25.58,0.77,4.63,99.73
12/1/2007,0.03,79.42,25.44,0.77,4.71,99.74
12/2/2007,2.67,83.06,25.48,0.76,3.83,99.65
12/3/2007,0.14,81.93,25.56,0.76,5.18,99.65
12/4/2007,0.68,81.68,25.84,0.75,5.87,99.59
12/5/2007,0.93,81.2,25.8,0.74,5.79,99.6
12/6/2007,0.13,78.23,25.18,0.74,5.57,99.62
12/7/2007,1.57,83.6,25.57,0.73,5.46,99.56
12/8/2007,3.91,82.84,26,0.73,4.68,99.5
12/9/2007,7.48,84.14,25.84,0.73,5.82,99.49
12/10/2007,0.58,83.21,25.72,0.72,5.84,99.47
12/11/2007,0.11,81.81,25.54,0.72,5.79,99.47
12/12/2007,8.22,88.85,24.64,0.72,5.91,99.37
12/13/2007,23.45,89.33,25.6,0.73,6.48,99.08
12/14/2007,10.7,88.85,25.74,0.74,3.7,99.08
12/15/2007,6.17,88.13,25.4,0.75,4.07,99.16
12/16/2007,3.82,86.49,25.34,0.75,5.74,99.33
12/17/2007,6.83,89.51,25.15,0.75,6.24,99.35
12/18/2007,34.58,89.36,25.29,0.76,3.76,99.28
12/19/2007,7.54,86.03,25.57,0.78,3.24,99.39
12/20/2007,4.23,81.44,25.98,0.78,1.83,99.53
12/21/2007,12.49,83.62,25.76,0.78,2.24,99.68
12/22/2007,20.56,90.85,25.06,0.8,4.41,99.65
12/23/2007,11.69,89.13,24.64,0.81,2.39,99.69
12/24/2007,0.35,85.02,25.74,0.81,2.75,99.61
12/25/2007,0.02,84.48,24.32,0.8,3.3,99.65
12/26/2007,0,77.88,23.65,0.8,4.06,99.71
12/27/2007,0,79.24,24.09,0.79,3.51,99.75
12/28/2007,0,83.85,24.16,0.79,4.43,99.66
12/29/2007,0.07,78.75,24.34,0.78,3.65,99.56
12/30/2007,0.04,77.93,24.17,0.77,4.03,99.62
12/31/2007,0.01,79.94,23.95,0.77,4.79,99.63
1/1/2008,0.01,82.31,23.96,0.76,5.08,99.66
1/2/2008,0.71,83.63,24.23,0.75,5.72,99.66
1/3/2008,1.79,88.95,24.87,0.75,6.03,99.64
1/4/2008,0.61,80.46,25.49,0.74,2.17,99.72
1/5/2008,0.6,82.62,25.78,0.74,3.27,99.71
1/6/2008,6.65,85.24,25.45,0.74,5.58,99.76
1/7/2008,5.72,85.69,25,0.73,6.69,99.72
1/8/2008,5.73,86.69,25.37,0.73,4.79,99.69
1/9/2008,2.12,87.84,25.31,0.73,5.46,99.67
1/10/2008,4.92,85.13,25.75,0.73,4.34,99.66
1/11/2008,6.3,87.62,25.11,0.73,5.01,99.63
1/12/2008,6.6,87.32,25.14,0.73,4.53,99.62
1/13/2008,7.54,85.74,25.48,0.73,4.58,99.65
1/14/2008,0.19,79.72,24.52,0.73,4.89,99.71
1/15/2008,0.08,78.75,23.84,0.72,5.55,99.76
1/16/2008,0.01,80.89,24.23,0.71,4.84,99.85
1/17/2008,0,80.96,24,0.71,5.35,99.83
1/18/2008,0,78.62,24.12,0.7,4.17,99.64
1/19/2008,0,76.81,23.97,0.7,3.73,99.54
1/20/2008,0.39,80.44,24.56,0.69,4.43,99.53
1/21/2008,2.53,84.55,26.24,0.68,4.14,99.38
1/22/2008,2.35,84.21,25.72,0.68,4.49,99.35
1/23/2008,0.02,79.69,24.94,0.67,4.49,99.43
1/24/2008,0,75.95,25.18,0.67,2.75,99.47
1/25/2008,0.01,80.9,25.63,0.66,3.07,99.45
1/26/2008,0.02,82.03,25.53,0.66,2.12,99.46
1/27/2008,0.42,82.87,25.59,0.65,2.43,99.51
1/28/2008,0.37,83.41,25.61,0.65,2.85,99.63
1/29/2008,0.13,81.11,25.73,0.64,3.77,99.6
1/30/2008,0.09,78.69,25.72,0.64,2.74,99.51
1/31/2008,0.23,76.86,26.01,0.63,1.99,99.52
2/1/2008,0.49,79.78,25.95,0.63,2.29,99.54
2/2/2008,0.1,77.96,26.13,0.62,1.99,99.59
2/3/2008,0.21,73.22,26.51,0.62,2.64,99.48
2/4/2008,2.19,75.48,26.82,0.61,2.33,99.5
2/5/2008,0.61,76.09,26.81,0.61,3,99.45
2/6/2008,7.53,83.18,26.07,0.61,1.93,99.49
2/7/2008,5.75,89.35,25.14,0.62,1.49,99.47
2/8/2008,5.49,84.03,25.52,0.62,2.22,99.5
2/9/2008,3.76,84.29,26.15,0.62,2.6,99.54
2/10/2008,2.57,84.62,26.33,0.62,2.3,99.57
2/11/2008,4.11,80.48,26.75,0.62,1.83,99.54
2/12/2008,7.3,79.4,26.96,0.62,1.44,99.58
2/13/2008,2.96,79.62,26.73,0.62,1.97,99.63
2/14/2008,1.55,77.76,26.75,0.62,3.13,99.72
2/15/2008,7.22,80.51,26.4,0.62,4.29,99.74
2/16/2008,8.82,79.67,26.3,0.62,4.63,99.76
2/17/2008,0.14,78.14,25.73,0.62,5.26,99.74
2/18/2008,0,71.11,25.75,0.61,3.89,99.76
2/19/2008,0,71.96,25.96,0.6,2.62,99.82
2/20/2008,0.44,70.03,26.75,0.6,1.34,99.8
2/21/2008,3.57,76.12,26.99,0.59,3.21,99.78
2/22/2008,0.16,75.06,26.18,0.59,4.62,99.81
2/23/2008,0,70.01,25.16,0.59,4.19,99.75
2/24/2008,0,65.37,24.48,0.58,3.93,99.71
2/25/2008,0,66.74,24.54,0.58,3.89,99.62
2/26/2008,2.37,74.39,24.92,0.57,2.27,99.55
2/27/2008,8.49,83.3,26.04,0.57,1.89,99.58
2/28/2008,9.49,81.81,26.37,0.58,2.99,99.6
2/29/2008,17.29,86.72,25.73,0.59,3.47,99.51
3/1/2008,6.38,80.04,26.35,0.6,3.47,99.53
3/2/2008,4.79,76.25,26.93,0.6,1.46,99.61
3/3/2008,2.08,79.28,26.52,0.6,2.64,99.6
3/4/2008,2.7,81.21,26.02,0.59,2.86,99.53
3/5/2008,10.28,83.06,26.38,0.6,4.39,99.52
3/6/2008,17.6,81.76,26.07,0.6,3.68,99.61
3/7/2008,0.63,81.23,25.56,0.61,4.91,99.64
3/8/2008,0.19,73.98,25.72,0.6,4.28,99.56
3/9/2008,18.57,83.66,25.69,0.6,3.23,99.5
3/10/2008,8.97,85.61,25.67,0.62,3.23,99.51
3/11/2008,4.91,89.15,24.87,0.62,3.08,99.46
3/12/2008,28.18,85.52,25.67,0.63,2.46,99.43
3/13/2008,25.96,86.88,25.76,0.66,2.25,99.45
3/14/2008,19.15,88.61,25.73,0.68,2.46,99.51
3/15/2008,31.93,86.2,25.94,0.7,2.03,99.4
3/16/2008,14.76,89.41,25.21,0.72,3.54,99.32
3/17/2008,12.84,88.8,25.74,0.73,4.39,99.13
3/18/2008,6.71,90.44,25.64,0.74,2.79,99.21
3/19/2008,6.77,88.05,25.82,0.74,4.89,99.27
3/20/2008,5.71,86.24,26.44,0.74,5.09,99.25
3/21/2008,5,85.54,26.44,0.75,5.44,99.32
3/22/2008,7.41,84.64,26.53,0.75,4.18,99.42
3/23/2008,8.01,86.1,26.57,0.75,3.75,99.49
3/24/2008,11.35,86.08,26.16,0.76,3.04,99.57
3/25/2008,1.66,82.72,26.65,0.76,2.61,99.58
3/26/2008,1.17,82.09,26.4,0.75,2.59,99.58
3/27/2008,1.15,81.01,26.85,0.75,1.96,99.42
3/28/2008,5.86,81.06,26.97,0.74,1.69,99.41
3/29/2008,13.24,88.35,26.15,0.75,3.11,99.51
3/30/2008,6.89,86.14,26.4,0.75,3.17,99.57
3/31/2008,6.53,86.29,26.31,0.75,3.83,99.53
4/1/2008,4.04,86.16,26.49,0.75,3.48,99.5
4/2/2008,8.82,85.12,26.63,0.75,3.23,99.6
4/3/2008,5.98,83.27,26.84,0.75,2.42,99.59
4/4/2008,5.3,87.34,26.16,0.75,3.37,99.44
4/5/2008,5.03,81.12,26.91,0.75,1.89,99.57
4/6/2008,23.13,80.28,26.66,0.75,2.03,99.69
4/7/2008,25.36,82.58,26.27,0.77,2.14,99.6
4/8/2008,13.86,83.53,26.46,0.78,2.07,99.5
4/9/2008,12.22,79.53,26.53,0.79,1.68,99.46
4/10/2008,28.32,85.77,26.53,0.8,2.2,99.44
4/11/2008,23.33,88.07,25.98,0.82,3.01,99.36
4/12/2008,13.82,87.55,25.49,0.83,2.76,99.4
4/13/2008,5.05,85.17,26.16,0.84,2.37,99.36
4/14/2008,3.11,85.2,26.86,0.84,2.1,99.32
4/15/2008,5.8,84.04,26.85,0.83,2.23,99.44
4/16/2008,5.74,82.11,26.55,0.83,2.19,99.49
4/17/2008,3.49,82.23,26.99,0.83,1.72,99.42
4/18/2008,23.1,88.42,26.51,0.83,3.59,99.37
4/19/2008,13.61,85.65,27.03,0.85,3.61,99.4
4/20/2008,4.45,87.14,26.79,0.85,3.93,99.39
4/21/2008,2.61,83.61,27.48,0.85,3.23,99.34
4/22/2008,3.5,84.51,27.46,0.84,3.67,99.39
4/23/2008,3.03,84.81,27.31,0.84,4.05,99.49
4/24/2008,20.15,84.11,26.65,0.84,4.2,99.52
4/25/2008,14.51,86.29,26.18,0.86,3.07,99.46
4/26/2008,10.52,86.3,26.33,0.86,2.77,99.41
4/27/2008,30.19,90.87,26.1,0.87,4.97,99.29
4/28/2008,35.48,89.45,26.32,0.89,6.06,99.2
4/29/2008,7.25,87.54,26.76,0.9,5.77,99.28
4/30/2008,5.33,89.35,26.77,0.89,5.23,99.42
5/1/2008,3.54,89.21,26.84,0.89,5.83,99.5
5/2/2008,0.64,88.18,26.9,0.89,6.23,99.42
5/3/2008,1.15,87.68,27.12,0.88,6.24,99.39
5/4/2008,1.3,90.01,27.07,0.88,5.82,99.45
5/5/2008,1.88,90.48,26.71,0.87,5.93,99.54
5/6/2008,3.71,87.91,26.4,0.87,5.47,99.49
5/7/2008,2.32,84.97,26.33,0.87,4.09,99.44
5/8/2008,4.28,85.38,26.3,0.87,5.62,99.54
5/9/2008,2.69,86.06,26.1,0.86,4.97,99.6
5/10/2008,1.69,84.74,26.58,0.86,5.17,99.55
5/11/2008,1.71,86.3,26.8,0.85,6.2,99.51
5/12/2008,5.09,87.64,26.88,0.85,6.27,99.6
5/13/2008,3.12,85.72,26.87,0.85,6.19,99.7
5/14/2008,3.29,85.89,26.84,0.85,6.6,99.69
5/15/2008,1.35,88.3,26.78,0.84,5.88,99.68
5/16/2008,0.67,87.2,26.94,0.84,5.32,99.65
5/17/2008,0.23,85.76,27.12,0.84,5.95,99.56
5/18/2008,0.26,86.05,27.21,0.83,5.8,99.45
5/19/2008,0.4,85.07,26.85,0.83,5.51,99.54
5/20/2008,0.23,85.78,27.04,0.82,5.29,99.55
5/21/2008,0.43,85.6,26.86,0.82,4.67,99.52
5/22/2008,3.41,84.4,26.88,0.81,4.4,99.48
5/23/2008,12.33,86.01,26.69,0.81,4.97,99.45
5/24/2008,4.15,86.34,26.5,0.81,3.77,99.4
5/25/2008,1.31,85.51,26.89,0.81,4.03,99.37
5/26/2008,3.78,86.1,26.68,0.81,4.31,99.46
5/27/2008,8.33,88.05,26.63,0.81,4.77,99.49
5/28/2008,4.49,87.9,26.67,0.81,5.4,99.41
5/29/2008,5.73,87.1,26.61,0.81,6.26,99.42
5/30/2008,5.5,86.41,26.58,0.81,6.09,99.48
5/31/2008,12.36,84.58,26.71,0.81,6.17,99.47
6/1/2008,27.03,86.79,26.58,0.82,5.85,99.42
6/2/2008,16.31,87.58,26.23,0.83,5.94,99.42
6/3/2008,12.08,90.21,25.84,0.84,5.25,99.5
6/4/2008,4.83,89.98,26.14,0.84,4.65,99.61
6/5/2008,4.39,86.26,26.19,0.84,5.27,99.55
6/6/2008,8.55,86.3,26.62,0.84,4.87,99.37
6/7/2008,7.27,87.2,26.34,0.85,5.19,99.37
6/8/2008,9.4,86.58,26.35,0.85,5.23,99.39
6/9/2008,6.58,87.63,25.75,0.85,5.19,99.57
6/10/2008,0.95,86.3,26.04,0.85,3.99,99.57
6/11/2008,3.2,88.53,26.43,0.84,5.3,99.55
6/12/2008,1.69,88.94,25.93,0.84,4.41,99.54
6/13/2008,1.77,88.77,26.26,0.84,4.77,99.57
6/14/2008,2.01,84.69,26.12,0.84,5.28,99.55
6/15/2008,1.79,89.91,26.04,0.83,4.21,99.45
6/16/2008,0.78,87.83,26.26,0.83,5.16,99.42
6/17/2008,3.2,87.18,26.31,0.82,5.01,99.47
6/18/2008,7.06,87.67,26.35,0.82,4.97,99.47
6/19/2008,4.67,86.3,26.24,0.82,4.71,99.5
6/20/2008,3.86,86.73,26.52,0.82,4.55,99.54
6/21/2008,7.05,88.75,26.52,0.82,5.07,99.58
6/22/2008,8.47,88,26.31,0.82,5.55,99.59
6/23/2008,5.8,86.27,25.79,0.82,6.4,99.57
6/24/2008,1.48,86.36,26.39,0.82,5.67,99.48
6/25/2008,2.72,86.93,25.63,0.82,6.27,99.63
6/26/2008,2.33,85.88,26.25,0.82,4.65,99.58
6/27/2008,0.39,86.47,26.42,0.81,5.33,99.5
6/28/2008,2.34,84.87,26.35,0.8,5.32,99.54
6/29/2008,3.53,85.71,26.35,0.8,5.14,99.55
6/30/2008,5.69,87.01,26.28,0.8,4.4,99.57
7/1/2008,8.19,86.79,25.7,0.8,5.8,99.71
7/2/2008,0.23,82.31,26.07,0.8,3.52,99.69
7/3/2008,0.74,88.99,26.42,0.79,4.23,99.61
7/4/2008,1.34,88.51,26.33,0.79,4.76,99.6
7/5/2008,0.62,88.26,26.37,0.79,4.7,99.52
7/6/2008,2.34,87.54,26.4,0.78,5.44,99.54
7/7/2008,4.18,88.09,26.44,0.78,5.89,99.49
7/8/2008,2.99,85.97,26.33,0.78,5.78,99.43
7/9/2008,0.91,88.01,26.4,0.78,5.4,99.48
7/10/2008,0.87,87.68,26.49,0.77,5.4,99.58
7/11/2008,8.56,84.96,26.09,0.77,5.61,99.56
7/12/2008,3.75,82.74,26.16,0.77,5.12,99.37
7/13/2008,1.44,86.47,26.15,0.77,4.3,99.39
7/14/2008,4.37,88.1,26.27,0.76,4.63,99.51
7/15/2008,15.96,87.53,25.84,0.77,7.16,99.49
7/16/2008,6.44,86.27,25.47,0.78,6.05,99.38
7/17/2008,4.37,86.64,26.07,0.78,6.41,99.25
7/18/2008,34.52,88.65,25.9,0.78,6.98,99.28
7/19/2008,17.22,87.36,25.64,0.8,6.59,99.3
7/20/2008,1.88,89.19,25.69,0.8,5.52,99.3
7/21/2008,1.14,89.24,25.42,0.8,5.74,99.32
7/22/2008,15.19,88.85,25.43,0.8,5.83,99.23
7/23/2008,13.48,89.33,25.5,0.81,7.16,99.28
7/24/2008,1.67,89.2,25.46,0.81,6.3,99.4
7/25/2008,1.09,89.99,25.22,0.8,6.18,99.45
7/26/2008,2.23,89.85,25.29,0.8,6,99.47
7/27/2008,7.23,88.68,25.35,0.8,6.39,99.54
7/28/2008,9.62,89.41,25.35,0.8,5.9,99.49
7/29/2008,5.56,90.14,25.61,0.8,5.11,99.43
7/30/2008,3.97,89.85,25.48,0.8,4.94,99.43
7/31/2008,1.25,89.66,25.57,0.8,5.24,99.43
8/1/2008,1.72,89.46,25.68,0.79,4.75,99.43
8/2/2008,0.65,90.12,25.49,0.79,3.98,99.44
8/3/2008,0.18,91.08,25.61,0.79,4.04,99.36
8/4/2008,0.06,89.42,25.63,0.78,4.36,99.35
8/5/2008,0.05,87.76,25.73,0.78,5.2,99.49
8/6/2008,0.04,84.81,25.84,0.77,5.21,99.53
8/7/2008,0.05,86.96,25.76,0.77,6.09,99.5
8/8/2008,0.76,91.67,25.4,0.76,5.19,99.5
8/9/2008,2.01,84.69,25.85,0.76,6.22,99.54
8/10/2008,1.86,87.5,25.7,0.76,6.38,99.49
8/11/2008,1.82,88.26,25.93,0.75,5.36,99.43
8/12/2008,6.05,89.23,26.16,0.75,4.78,99.48
8/13/2008,4.99,87.32,26.01,0.75,4.05,99.57
8/14/2008,3.02,89.33,25.24,0.75,4.65,99.6
8/15/2008,1.01,87.73,25.4,0.75,3.77,99.46
8/16/2008,0.35,87.69,25.44,0.75,4.15,99.42
8/17/2008,0.52,87.93,25.56,0.74,4.29,99.54
8/18/2008,0.65,87.76,25.59,0.74,4.3,99.56
8/19/2008,1.21,87.85,25.95,0.73,4.14,99.57
8/20/2008,1.54,88.86,25.96,0.73,4.26,99.65
8/21/2008,4.72,88.13,25.89,0.73,5.25,99.65
8/22/2008,2.84,85.91,25.98,0.73,5.04,99.59
8/23/2008,3.11,85.89,26.06,0.73,5.56,99.48
8/24/2008,3.53,85.74,25.89,0.72,5.03,99.42
8/25/2008,8.3,87.52,25.38,0.72,4.29,99.44
8/26/2008,6.88,85.6,25.43,0.73,4.17,99.44
8/27/2008,3.81,86.68,25.59,0.73,3.78,99.38
8/28/2008,2.13,88.13,25.6,0.73,4.26,99.36
8/29/2008,8.58,88.52,25.2,0.73,5.01,99.35
8/30/2008,17.77,88.8,25.31,0.73,5.93,99.43
8/31/2008,13.4,86.97,25.91,0.74,6.25,99.47
9/1/2008,3.63,87.94,25.93,0.75,4.58,99.45
9/2/2008,0.39,84.79,26.18,0.74,3.82,99.46
9/3/2008,5.37,86.08,26.04,0.74,4.19,99.45
9/4/2008,12.25,88.13,25.68,0.74,4.5,99.53
9/5/2008,4.48,88.26,25.43,0.74,3.52,99.55
9/6/2008,2.47,89.19,25.6,0.74,4.97,99.55
9/7/2008,3.98,89.12,25.78,0.74,4.59,99.54
9/8/2008,8.91,86.98,25.65,0.74,5.19,99.6
9/9/2008,3.44,86.61,25.96,0.75,5.1,99.53
9/10/2008,1.14,88.94,26.45,0.74,5.33,99.44
9/11/2008,10.71,85.39,26.28,0.74,6.55,99.41
9/12/2008,4.41,87.46,26.02,0.74,5.05,99.46
9/13/2008,1.1,88.66,26.26,0.74,4.14,99.56
9/14/2008,0.22,87.51,26.15,0.74,4.48,99.68
9/15/2008,0.7,87.13,26.12,0.73,4.65,99.71
9/16/2008,0.32,86.33,26.19,0.73,4.68,99.63
9/17/2008,0.36,85.17,26.36,0.72,4.25,99.59
9/18/2008,0.1,84.19,26.51,0.72,3.64,99.55
9/19/2008,0.42,83.23,26.14,0.71,4.29,99.57
9/20/2008,1.09,82.99,26.01,0.71,4.72,99.68
9/21/2008,0.77,84.65,26.23,0.7,4.28,99.65
9/22/2008,0.17,85.76,25.92,0.7,4,99.61
9/23/2008,0.07,83.02,26.42,0.69,3.95,99.56
9/24/2008,0.02,81.46,26.63,0.69,5.01,99.64
9/25/2008,0.64,84.58,26.4,0.68,4.25,99.74
9/26/2008,0.39,87.24,26.17,0.68,3.64,99.68
9/27/2008,1.07,86.42,26.4,0.67,4.35,99.65
9/28/2008,0.93,83.09,26.49,0.67,4.18,99.69
9/29/2008,0,81.47,26.31,0.66,4.28,99.68
9/30/2008,0.3,81.89,26.2,0.66,3.85,99.57
10/1/2008,0.24,80.57,26.39,0.65,3.77,99.51
10/2/2008,0.11,79.8,26.56,0.65,3.69,99.48
10/3/2008,0.52,81.61,26.34,0.64,3.08,99.54
10/4/2008,4.83,79.7,26.65,0.64,2.54,99.54
10/5/2008,2.44,79.4,26.69,0.64,2.41,99.66
10/6/2008,2.35,81.63,26.84,0.64,2.64,99.64
10/7/2008,4.64,82.53,26.43,0.63,3.68,99.68
10/8/2008,7.6,84.18,26.12,0.64,3,99.6
10/9/2008,3.64,83.43,26.3,0.64,2.55,99.63
10/10/2008,6.56,79.7,27.01,0.64,1.41,99.67
10/11/2008,13.34,81.82,26.6,0.64,1.51,99.65
10/12/2008,11.82,83.37,26.27,0.66,2.09,99.51
10/13/2008,5.7,83.95,26.54,0.66,2.59,99.35
10/14/2008,19.13,84.15,27.02,0.67,3.03,99.41
10/15/2008,15.94,85.46,26.72,0.68,2.87,99.47
10/16/2008,13.82,86.52,26.5,0.69,2.52,99.41
10/17/2008,13.51,85.45,26.62,0.71,1.87,99.33
10/18/2008,13.91,88.22,26.42,0.72,1.76,99.33
10/19/2008,29.69,85.59,26.51,0.73,2.76,99.36
10/20/2008,21.03,87.86,26.04,0.75,4.48,99.28
10/21/2008,25.53,87.06,26.19,0.78,5.69,99.34
10/22/2008,22.64,86.53,26.41,0.8,6.89,99.41
10/23/2008,19.49,86.34,26.81,0.81,7.23,99.53
10/24/2008,17.6,86.22,26.64,0.82,7.06,99.64
10/25/2008,3.97,84.09,26.75,0.82,5.94,99.64
10/26/2008,12.49,87.18,26.55,0.82,6.16,99.58
10/27/2008,1.14,86.67,26.36,0.82,4.74,99.64
10/28/2008,0.43,81.35,26.39,0.82,2.96,99.63
10/29/2008,0.04,76.89,26.44,0.81,1.99,99.66
10/30/2008,0,72.57,26.13,0.8,2.97,99.71
10/31/2008,0,69.36,25.61,0.8,3.7,99.77
11/1/2008,0,69.45,25.51,0.79,2.62,99.73
11/2/2008,0,73.05,25.38,0.78,2.78,99.65
11/3/2008,0,76.36,25.57,0.77,2.67,99.68
11/4/2008,0,71.16,26.06,0.77,3,99.59
11/5/2008,0,73.35,25.73,0.76,3.57,99.53
11/6/2008,0,74.51,26.07,0.75,2.96,99.47
11/7/2008,0.98,77.91,26.74,0.75,2.23,99.54
11/8/2008,13.19,80.46,27.07,0.74,3.06,99.52
11/9/2008,10.48,81.82,26.84,0.75,4.03,99.49
11/10/2008,6.39,86.39,26.36,0.75,4.11,99.47
11/11/2008,2.11,84.04,26.22,0.75,3.4,99.45
11/12/2008,6.27,87.79,25.43,0.75,5.4,99.39
11/13/2008,2.75,85.48,25.7,0.75,4.17,99.37
11/14/2008,4,81.52,25.93,0.75,2.84,99.35
11/15/2008,0.7,83.86,25.87,0.75,2.82,99.26
11/16/2008,0.01,81.53,26.04,0.74,3.23,99.28
11/17/2008,1.2,78.98,26.55,0.74,2.19,99.24
11/18/2008,5.55,79.31,27.09,0.74,2.12,99.3
11/19/2008,6.95,85.59,26.48,0.74,3.37,99.41
11/20/2008,19.66,83.53,26.67,0.74,2.39,99.54
11/21/2008,4.52,83.91,25.84,0.75,3.03,99.57
11/22/2008,9.04,85.37,25.59,0.76,3.39,99.48
11/23/2008,21.82,91.85,25.76,0.77,4.96,99.4
11/24/2008,16.02,88.99,25.58,0.78,5.97,99.49
11/25/2008,21.65,89.53,25.63,0.8,5.8,99.43
11/26/2008,14.5,87.21,25.99,0.81,6.84,99.4
11/27/2008,12.83,86.73,26.36,0.81,5.54,99.43
11/28/2008,9.74,88.04,26.13,0.81,3.37,99.6
11/29/2008,6.25,92.83,25.47,0.82,4.16,99.69
11/30/2008,1.85,86.66,26.41,0.82,2.04,99.77
12/1/2008,3.66,87.17,25.88,0.82,1.49,99.69
12/2/2008,0.32,77.95,25.98,0.82,2.83,99.62
12/3/2008,1.99,81.42,25.31,0.81,3.32,99.56
12/4/2008,3.25,85.29,25.52,0.81,3.73,99.59
12/5/2008,1.66,85.93,25.52,0.8,4.72,99.71
12/6/2008,4.71,85.94,25.52,0.8,5.58,99.7
12/7/2008,10.05,92.07,25.19,0.8,7.63,99.39
12/8/2008,10.96,90.4,26.66,0.81,3.26,99.43
12/9/2008,9.1,88.79,25.71,0.82,2.25,99.62
12/10/2008,5.06,86.1,25.89,0.82,2.1,99.68
12/11/2008,8.75,85.54,26.06,0.82,5.49,99.6
12/12/2008,0.3,83.37,25.16,0.82,4.61,99.6
12/13/2008,0.51,81.86,25.16,0.81,3.43,99.66
12/14/2008,3.51,82.69,25.7,0.81,3.5,99.61
12/15/2008,5.52,83.32,25.78,0.8,3.14,99.55
12/16/2008,3.33,87.13,25.54,0.8,3.45,99.53
12/17/2008,3.32,87.56,25.52,0.8,5.84,99.51
12/18/2008,4.91,91.63,25.36,0.8,3.9,99.42
12/19/2008,7.28,87.95,25.54,0.81,2.45,99.51
12/20/2008,0.31,82.29,25.3,0.8,5.14,99.65
12/21/2008,0.01,81.44,24.88,0.8,5.04,99.64
12/22/2008,0.23,82.09,24.95,0.79,5.05,99.67
12/23/2008,0.7,84.37,25.23,0.78,5.68,99.65
12/24/2008,0.64,83.5,25.62,0.78,5.04,99.65
12/25/2008,0.02,79.74,24.99,0.77,5.37,99.69
12/26/2008,0.01,78.91,25.08,0.76,5.15,99.74
12/27/2008,0,79.45,24.63,0.76,4.98,99.75
12/28/2008,0,77.36,24.04,0.75,4.85,99.7
12/29/2008,0.06,74.22,24.01,0.74,4.97,99.71
12/30/2008,0,75.23,23.54,0.73,4.8,99.77
12/31/2008,0.01,74.31,23.71,0.73,4.88,99.74
1/1/2009,0.04,73.87,23.89,0.72,4.77,99.72
1/2/2009,0.08,73.23,24.11,0.71,4.27,99.77
1/3/2009,0,73.22,24.21,0.71,4.28,99.84
1/4/2009,0,78.84,24.8,0.7,4.8,99.74
1/5/2009,0.01,79.78,25.27,0.69,5.16,99.6
1/6/2009,1.11,83.27,25.45,0.69,4.31,99.58
1/7/2009,5.84,82.1,25.86,0.68,2.91,99.68
1/8/2009,1.59,81.64,25.22,0.68,4.03,99.77
1/9/2009,7.45,91.48,24.76,0.68,4.43,99.73
1/10/2009,1.34,82.99,25.66,0.69,5.28,99.76
1/11/2009,0.06,77.86,25.13,0.68,4.77,99.86
1/12/2009,0.12,78.58,24.65,0.67,5.94,99.98
1/13/2009,1.18,80.95,24.94,0.67,5.83,99.98
1/14/2009,0.88,80,24.83,0.66,5.35,99.96
1/15/2009,0.02,77.97,24.67,0.66,5.22,99.95
1/16/2009,0.01,77.43,24.5,0.65,5.78,99.94
1/17/2009,0.03,77.73,24.64,0.64,5.69,99.82
1/18/2009,0.03,76.7,24.87,0.64,4.48,99.74
1/19/2009,0.01,76.66,24.85,0.63,5.3,99.67
1/20/2009,0.01,76.02,24.94,0.62,5.63,99.7
1/21/2009,0,75.89,24.52,0.62,5.34,99.73
1/22/2009,0,72.85,24.59,0.61,5.23,99.65
1/23/2009,0,74.81,24.64,0.61,4.57,99.58
1/24/2009,0.01,73.68,25.14,0.6,3.78,99.54
1/25/2009,1.17,80.5,25.35,0.6,3.72,99.57
1/26/2009,3.1,85.51,25.81,0.6,3.25,99.58
1/27/2009,7.44,80.5,26.32,0.6,2.19,99.67
1/28/2009,5.03,78.78,26.35,0.6,1.61,99.64
1/29/2009,0.78,76.84,25.68,0.6,3.6,99.65
1/30/2009,0.02,71.38,24.48,0.59,3.17,99.66
1/31/2009,0,73.09,24.76,0.59,4.1,99.65
2/1/2009,0,71.93,25.06,0.58,3.51,99.75
2/2/2009,0.01,71.08,25.14,0.58,3.85,99.79
2/3/2009,0,68.4,24.93,0.57,3.03,99.8
2/4/2009,0,68.76,25.26,0.57,3.01,99.84
2/5/2009,0,66.99,25.2,0.56,3.18,99.82
2/6/2009,0,68.68,24.79,0.56,3.82,99.76
2/7/2009,0,68.6,24.83,0.55,3.87,99.72
2/8/2009,0,68.23,25.15,0.55,3.56,99.82
2/9/2009,0,67.17,25.42,0.54,3.98,99.83
2/10/2009,0,71.18,25.32,0.54,3.6,99.78
2/11/2009,0.07,68.05,25.57,0.53,3.16,99.77
2/12/2009,0.19,66.73,25.38,0.53,2.78,99.77
2/13/2009,0,65.38,25,0.52,3.39,99.65
2/14/2009,0,61.48,25.53,0.52,2.4,99.58
2/15/2009,0,66.96,25.41,0.52,2.52,99.56
2/16/2009,0,73.28,25.66,0.51,2.73,99.61
2/17/2009,0,69.58,25.92,0.51,4.7,99.58
2/18/2009,0,69.58,25.8,0.5,5.04,99.48
2/19/2009,0.01,72.18,26.23,0.5,3.88,99.39
2/20/2009,0.15,73.62,27.27,0.5,2.17,99.48
2/21/2009,0.28,73.22,27.54,0.49,3.29,99.5
2/22/2009,0.71,72.33,27.82,0.49,2.07,99.38
2/23/2009,1.4,74.87,27.56,0.49,1.85,99.47
2/24/2009,1.56,75.25,27.74,0.48,1.92,99.56
2/25/2009,1.04,78.84,27.15,0.48,1.89,99.53
2/26/2009,0.01,76.2,27.55,0.48,2.05,99.49
2/27/2009,0.07,75.47,27.13,0.48,2.23,99.58
2/28/2009,0,70.7,27.74,0.47,1.91,99.56
3/1/2009,0,69.97,27.89,0.47,2.12,99.53
3/2/2009,0,63.97,28.39,0.47,1.57,99.49
3/3/2009,0.03,70.04,27.41,0.46,2.64,99.56
3/4/2009,23.51,75.83,26.87,0.48,2.3,99.59
3/5/2009,1.86,74.6,27,0.48,2.54,99.55
3/6/2009,1.79,75.39,27,0.48,2.37,99.57
3/7/2009,0.01,70.22,27.5,0.47,2.15,99.48
3/8/2009,5.11,76.2,26.97,0.47,1.86,99.49
3/9/2009,14.96,78.21,26.43,0.48,3.35,99.51
3/10/2009,10.2,80.21,26.26,0.49,1.84,99.63
3/11/2009,10.67,78.22,27.12,0.5,1.45,99.61
3/12/2009,15.28,78.14,27.12,0.51,1.74,99.61
3/13/2009,20.45,79.66,27.03,0.52,1.44,99.68
3/14/2009,19.23,78.29,27.15,0.54,1.92,99.64
3/15/2009,2.63,78.59,26.75,0.55,2.04,99.59
3/16/2009,3.02,77.01,27.14,0.55,1.72,99.54
3/17/2009,14.3,81.64,26.41,0.55,1.75,99.56
3/18/2009,0.88,74.01,27.2,0.56,1.95,99.54
3/19/2009,0.03,71.02,27.82,0.55,1.68,99.53
3/20/2009,1.39,75.96,27.47,0.55,1.77,99.58
3/21/2009,0.69,76.35,27.07,0.54,1.69,99.57
3/22/2009,0.66,72.78,27.51,0.54,1.47,99.49
3/23/2009,7.28,74.36,27.56,0.54,1.6,99.6
3/24/2009,14.35,81.56,26.84,0.55,2.05,99.68
3/25/2009,5.49,72.59,27.68,0.55,1.56,99.66
3/26/2009,9.47,81.77,27.18,0.55,2.25,99.57
3/27/2009,9.08,85.73,26.43,0.56,2.2,99.61
3/28/2009,2.56,77.46,27.34,0.56,1.35,99.58
3/29/2009,5.82,78.91,27.02,0.56,1.74,99.55
3/30/2009,6.29,77.86,27.18,0.56,1.57,99.49
3/31/2009,4.1,77.08,27.89,0.56,1.52,99.37
4/1/2009,9.02,76.03,28.37,0.56,1.58,99.37
4/2/2009,4.26,72.34,28.49,0.56,1.28,99.42
4/3/2009,8.7,75.34,27.83,0.56,1.19,99.45
4/4/2009,12.72,78.36,27.76,0.57,1.33,99.48
4/5/2009,11.68,81.76,27.44,0.58,1.71,99.57
4/6/2009,9.98,82.47,27.61,0.59,1.66,99.46
4/7/2009,9.69,82.83,27.55,0.6,1.45,99.37
4/8/2009,10.02,88.06,26.55,0.6,2.31,99.33
4/9/2009,21.33,78.84,27.35,0.62,2.18,99.31
4/10/2009,34.59,89.14,26.22,0.64,5.67,99.1
4/11/2009,15.64,89.04,26.37,0.66,6.84,99.12
4/12/2009,4.74,82.12,27.11,0.67,3.63,99.3
4/13/2009,17.02,85.73,27.2,0.67,4.95,99.24
4/14/2009,6.5,84.22,27.37,0.68,4.77,99.24
4/15/2009,1.48,84.07,27.79,0.68,5.19,99.3
4/16/2009,0.99,86.15,27.84,0.68,4.44,99.23
4/17/2009,0.43,85.43,27.68,0.67,4.54,99.25
4/18/2009,0.17,82.74,27.8,0.67,3.34,99.44
4/19/2009,0.17,85.73,27.35,0.66,3.57,99.63
4/20/2009,0.32,86.91,27.05,0.66,3.93,99.6
4/21/2009,6.6,85.68,27.17,0.66,4.54,99.49
4/22/2009,16.15,86.58,27.28,0.67,4.84,99.53
4/23/2009,2.46,84.77,27.45,0.67,4.29,99.58
4/24/2009,1.76,82.37,27.7,0.66,3.91,99.54
4/25/2009,1.22,80.92,27.73,0.66,3.79,99.57
4/26/2009,2.41,81.4,27.68,0.65,2.9,99.56
4/27/2009,2.61,82.76,27.68,0.65,2.35,99.56
4/28/2009,1.31,82.11,27.59,0.64,3.22,99.62
4/29/2009,1.63,82.55,27.1,0.64,4.25,99.7
4/30/2009,1.87,82.6,27.32,0.63,4.7,99.68
5/1/2009,0.62,82.28,27.35,0.63,4.42,99.63
5/2/2009,1.3,85.27,27.44,0.62,4.66,99.67
5/3/2009,1.16,86.47,27.61,0.62,4.8,99.66
5/4/2009,0.97,87.36,27.41,0.62,4.95,99.56
5/5/2009,1.88,85.21,27.55,0.61,4.08,99.57
5/6/2009,1.36,83.89,27.51,0.61,3.59,99.56
5/7/2009,3.23,84.84,27.83,0.61,3.78,99.44
5/8/2009,9.12,88.2,27.34,0.61,3.91,99.42
5/9/2009,5.71,88.08,27.49,0.62,4.87,99.39
5/10/2009,2.22,86.9,27.58,0.61,4.79,99.29
5/11/2009,1.48,86.31,27.75,0.61,5.03,99.31
5/12/2009,4.04,86.52,27.86,0.61,4.78,99.29
5/13/2009,3.7,85.4,27.65,0.61,5.01,99.26
5/14/2009,2.83,83.32,27.7,0.61,5.87,99.26
5/15/2009,2.83,84.19,27.35,0.61,6.1,99.37
5/16/2009,4.04,84.4,27.21,0.61,4.79,99.43
5/17/2009,3.66,87.01,27,0.61,4.32,99.46
5/18/2009,8.11,87.96,26.97,0.62,4.65,99.41
5/19/2009,22.37,87.83,27.39,0.62,6.13,99.41
5/20/2009,23.33,88.06,27.09,0.65,6.75,99.37
5/21/2009,10.81,86.2,26.5,0.66,6.31,99.42
5/22/2009,8.43,87,26.86,0.66,7,99.38
5/23/2009,6.06,89.68,26.47,0.67,7.02,99.26
5/24/2009,17.81,88.65,26.87,0.67,7.85,99.18
5/25/2009,4.94,90.02,26.3,0.68,6.91,99.24
5/26/2009,6.52,89.22,26.4,0.68,6.71,99.23
5/27/2009,5.31,88.65,26.17,0.68,5.34,99.32
5/28/2009,1.32,89.74,26.64,0.68,5.56,99.35
5/29/2009,1.28,90.54,26.83,0.68,5.83,99.41
5/30/2009,10.9,90,26.9,0.68,6.2,99.39
5/31/2009,8.67,89.86,26.8,0.69,6.11,99.47
6/1/2009,2.29,88.96,26.76,0.69,5.71,99.55
6/2/2009,0.34,86.69,26.88,0.68,5.13,99.59
6/3/2009,0.51,87.75,26.88,0.68,5.92,99.63
6/4/2009,2.87,89.65,26.94,0.67,6.42,99.55
6/5/2009,9.88,90.56,26.79,0.68,7.23,99.5
6/6/2009,3.77,83.66,26.87,0.68,7.42,99.52
6/7/2009,2.73,87.62,26.75,0.68,6.65,99.51
6/8/2009,3.06,88.77,26.68,0.67,6.16,99.54
6/9/2009,1.51,87.16,26.88,0.67,6.54,99.55
6/10/2009,2.68,86.83,26.75,0.67,6.62,99.54
6/11/2009,8.68,87.15,26.64,0.67,7.22,99.62
6/12/2009,5.49,87.07,26.33,0.67,5.8,99.69
6/13/2009,4.36,86.32,26.54,0.67,5.39,99.74
6/14/2009,2.22,85.01,26.67,0.67,5.3,99.71
6/15/2009,2.6,85.71,26.62,0.67,5.83,99.64
6/16/2009,1.52,86.13,26.55,0.66,5.94,99.56
6/17/2009,2.15,85.22,26.86,0.66,7.09,99.48
6/18/2009,8.11,86.8,26.51,0.66,7.31,99.44
6/19/2009,15.88,87.62,26.17,0.67,6.97,99.45
6/20/2009,4.19,83.99,26.56,0.68,5.88,99.51
6/21/2009,0.51,87.25,26.48,0.67,5.03,99.55
6/22/2009,2.74,87.9,26.59,0.67,5.64,99.54
6/23/2009,3.92,88.14,26.09,0.67,5.95,99.47
6/24/2009,5.59,90.43,25.92,0.67,5.98,99.5
6/25/2009,15.61,90.67,25.85,0.67,6.91,99.49
6/26/2009,6.76,86.26,25.59,0.68,6.45,99.5
6/27/2009,11.48,86.18,26.1,0.69,5.83,99.42
6/28/2009,6.98,85.86,26.14,0.69,6.21,99.38
6/29/2009,14.3,89.8,25.67,0.7,6.11,99.38
6/30/2009,17.61,90.08,25.62,0.71,6.15,99.54
7/1/2009,12.57,86.52,25.54,0.72,6.86,99.67
7/2/2009,7.84,84.56,25.62,0.72,7.06,99.61
7/3/2009,1.44,86.14,25.64,0.72,6.13,99.49
7/4/2009,2.11,86.64,25.5,0.71,5.14,99.45
7/5/2009,5.8,88.05,25.63,0.71,5.27,99.42
7/6/2009,5.06,87.78,25.46,0.72,4.41,99.45
7/7/2009,1.1,86.54,25.51,0.71,4.64,99.55
7/8/2009,1.33,86.22,25.75,0.71,4.62,99.58
7/9/2009,1.1,88.19,25.61,0.71,4.5,99.61
7/10/2009,0.38,88.87,25.72,0.7,3.91,99.6
7/11/2009,0.17,89.26,25.77,0.7,3.96,99.64
7/12/2009,0.1,88.58,26.01,0.7,4.89,99.54
7/13/2009,0.35,85.85,26.31,0.69,6.24,99.51
7/14/2009,1.88,88.79,26.39,0.69,6.22,99.5
7/15/2009,5.78,86.57,25.65,0.69,6.36,99.63
7/16/2009,8.34,88.23,25.46,0.69,5.71,99.62
7/17/2009,14.47,87.89,25.39,0.7,6.01,99.57
7/18/2009,6.18,86.08,25.84,0.7,4.79,99.59
7/19/2009,0.27,88.83,26.02,0.7,5.18,99.65
7/20/2009,0.13,88.43,26.06,0.7,5.99,99.62
7/21/2009,0.11,88.43,26.01,0.69,5.66,99.63
7/22/2009,0.14,88.93,26.1,0.69,5.11,99.55
7/23/2009,0.31,88.41,26.09,0.68,4.73,99.6
7/24/2009,0.45,84.29,26.34,0.68,3.39,99.6
7/25/2009,0.57,87.16,26.33,0.67,4.41,99.58
7/26/2009,0.95,87.03,26.11,0.67,5.56,99.58
7/27/2009,1.09,88.05,26.1,0.67,5.69,99.6
7/28/2009,1.37,89.26,26.1,0.66,5.03,99.63
7/29/2009,2.13,85.99,26.2,0.66,4.29,99.68
7/30/2009,4.52,85.58,26.38,0.66,4.69,99.75
7/31/2009,4.34,86.22,26.25,0.66,5.45,99.71
8/1/2009,1.26,87.29,26.2,0.66,5.42,99.64
8/2/2009,0.83,89.07,26.01,0.65,5.46,99.59
8/3/2009,0.59,87.03,26.43,0.65,5.9,99.55
8/4/2009,1.21,87.13,26.4,0.65,6.65,99.59
8/5/2009,1.13,85.08,26.54,0.64,6.32,99.58
8/6/2009,1.67,86.1,26.43,0.64,6.83,99.54
8/7/2009,5.75,88.36,25.92,0.64,6.23,99.56
8/8/2009,4.84,88.84,26.04,0.64,5.84,99.47
8/9/2009,0.94,87.17,26.24,0.64,5.61,99.43
8/10/2009,0.47,86.32,26.35,0.63,5.78,99.37
8/11/2009,1.39,87.25,26.44,0.63,5.59,99.42
8/12/2009,2.47,87.26,26.45,0.63,6.31,99.44
8/13/2009,4.01,86.93,25.95,0.63,5.07,99.42
8/14/2009,9.1,89.46,25.85,0.63,4.83,99.44
8/15/2009,8.24,87.67,25.68,0.64,4.55,99.45
8/16/2009,21,88.49,25.59,0.64,4.23,99.38
8/17/2009,22.54,86.3,25.09,0.67,4.56,99.43
8/18/2009,4.75,87.39,25.28,0.67,3.45,99.4
8/19/2009,9.21,86.85,25.61,0.67,2.74,99.46
8/20/2009,7.56,90.08,25.72,0.68,4.46,99.48
8/21/2009,9.95,90.33,25.97,0.68,5.93,99.6
8/22/2009,5.09,87.43,25.79,0.69,5.82,99.63
8/23/2009,3.25,86.32,25.94,0.68,6.19,99.61
8/24/2009,2.61,86.96,25.98,0.68,5.04,99.62
8/25/2009,3.09,87.12,26.18,0.68,5.1,99.62
8/26/2009,3.37,87.54,26.2,0.68,5.61,99.69
8/27/2009,3.48,87.47,26.14,0.68,6.53,99.65
8/28/2009,4.2,85.55,25.89,0.68,6.49,99.66
8/29/2009,2.67,86.31,26.25,0.67,5.57,99.57
8/30/2009,3.8,86.41,26.19,0.67,5.66,99.59
8/31/2009,4.8,89.28,25.94,0.67,5.39,99.6
9/1/2009,7.55,88,26.04,0.67,5.98,99.61
9/2/2009,9.81,87.64,25.59,0.68,6.12,99.58
9/3/2009,4.02,87.48,25.74,0.68,6.43,99.58
9/4/2009,6.39,85.05,25.68,0.68,6.38,99.71
9/5/2009,6.56,86.43,26.05,0.68,7.04,99.68
9/6/2009,11.09,85,26.05,0.68,7.33,99.57
9/7/2009,6.59,86.97,26.14,0.69,6.88,99.53
9/8/2009,2.77,88.45,26.26,0.68,6.15,99.56
9/9/2009,0.83,87.75,26.23,0.68,5.65,99.59
9/10/2009,0.38,86.55,26.21,0.68,5.12,99.49
9/11/2009,0.05,86.69,26.39,0.67,4.37,99.5
9/12/2009,0.29,83.67,26.44,0.66,3.82,99.57
9/13/2009,0.16,83.61,26.44,0.66,4.21,99.67
9/14/2009,0.64,81.95,26.55,0.65,4.81,99.72
9/15/2009,0.74,86.63,26.38,0.65,4.98,99.53
9/16/2009,0.55,86.47,26.34,0.64,4.8,99.46
9/17/2009,1.35,85.84,26.31,0.64,4.93,99.55
9/18/2009,10.82,87.18,26.23,0.64,5.54,99.64
9/19/2009,6.22,86.63,26.2,0.65,5.52,99.69
9/20/2009,4.63,86.8,26.12,0.65,4.83,99.63
9/21/2009,12.89,87.21,26.36,0.65,5.34,99.58
9/22/2009,11.94,87.51,26.21,0.66,5.35,99.58
9/23/2009,5.29,86.9,26.21,0.66,5.12,99.66
9/24/2009,0.75,86.5,26.19,0.66,4.72,99.71
9/25/2009,0.52,85.47,26.41,0.66,5.62,99.7
9/26/2009,0.52,84.68,26.45,0.65,5.48,99.58
9/27/2009,0.58,83.35,26.37,0.65,5.97,99.47
9/28/2009,6.75,84.55,26.8,0.65,7.2,99.44
9/29/2009,20.59,87.19,26.11,0.66,7.75,99.52
9/30/2009,7.84,88.87,26.35,0.66,7.1,99.46
10/1/2009,8.5,87.15,26.16,0.67,8.4,99.46
10/2/2009,1.58,83,26.17,0.67,8.8,99.53
10/3/2009,1.07,85.88,26.44,0.66,7.21,99.59
10/4/2009,0.3,84.87,26.33,0.66,6.44,99.7
10/5/2009,0.16,82.69,26.13,0.65,5.25,99.73
10/6/2009,0.28,84.94,25.75,0.65,4.42,99.68
10/7/2009,0.22,84.2,26.11,0.65,5.02,99.6
10/8/2009,0.19,83.99,26.1,0.64,4.87,99.55
10/9/2009,0.1,81.61,26.16,0.64,4.37,99.53
10/10/2009,0.02,82.52,25.84,0.63,3.85,99.63
10/11/2009,1.33,79.65,26.31,0.62,3.37,99.69
10/12/2009,1.67,80.99,26.18,0.62,2.58,99.71
10/13/2009,15.33,80.25,25.95,0.62,2.05,99.75
10/14/2009,14.64,82.29,26.04,0.63,1.7,99.71
10/15/2009,4.03,80.8,26.27,0.64,1.68,99.68
10/16/2009,1.57,77.66,26.6,0.64,1.99,99.67
10/17/2009,0.25,76.45,26.59,0.63,2.11,99.59
10/18/2009,6.57,79.64,26.82,0.63,2.06,99.52
10/19/2009,21.05,84.5,26,0.64,2.52,99.64
10/20/2009,9.42,81.83,26.13,0.65,1.74,99.73
10/21/2009,4.31,80.03,26.84,0.65,1.8,99.71
10/22/2009,1.55,70.79,27.03,0.65,2.9,99.74
10/23/2009,0.01,68.57,26.52,0.64,2.65,99.67
10/24/2009,0.04,73.7,26.55,0.63,1.95,99.6
10/25/2009,0.12,73.97,27.15,0.63,1.53,99.58
10/26/2009,3.65,73.33,27.35,0.62,1.91,99.58
10/27/2009,13.87,82.19,26.59,0.63,1.94,99.57
10/28/2009,17.32,81.81,26.72,0.64,1.53,99.49
10/29/2009,8.59,80.39,27.15,0.65,1.38,99.54
10/30/2009,7.66,81.07,26.93,0.65,4.39,99.56
10/31/2009,15.9,82.24,26.69,0.65,4.1,99.47
11/1/2009,7.43,78.12,26.51,0.66,3.97,99.4
11/2/2009,1.78,78.85,26.94,0.66,3.8,99.4
11/3/2009,5.27,79.55,27.01,0.66,2.83,99.38
11/4/2009,19.96,85.61,26.21,0.67,2.43,99.39
11/5/2009,11.41,85.88,26.29,0.68,3.34,99.33
11/6/2009,32.18,86.93,26.21,0.7,4.03,99.35
11/7/2009,35.28,89.09,26.4,0.73,5.03,99.24
11/8/2009,23.99,89.93,26.22,0.76,4.61,99.26
11/9/2009,28.56,89.42,25.3,0.78,2.53,99.28
11/10/2009,3.94,84.83,25.35,0.79,4.02,99.26
11/11/2009,1.19,83.09,26.24,0.79,2.7,99.19
11/12/2009,2.04,84.98,26.65,0.79,2.78,99.28
11/13/2009,7.02,86.28,26.17,0.78,3.53,99.4
11/14/2009,20.77,88.07,26.44,0.79,3.39,99.19
11/15/2009,35.67,91.21,25.54,0.81,5.22,99.22
11/16/2009,17.62,87.47,25.81,0.83,3.68,99.48
11/17/2009,40.53,86.98,26.46,0.84,3.7,99.55
11/18/2009,29.62,86.11,25.07,0.87,3.57,99.74
11/19/2009,6.6,81.87,25.95,0.87,1.43,99.77
11/20/2009,14.57,85.24,25.66,0.87,1.97,99.86
11/21/2009,14.91,85.7,25.83,0.88,2.3,99.83
11/22/2009,7.11,84.72,26.02,0.88,3.01,99.75
11/23/2009,2.34,84.91,25.92,0.88,2.38,99.82
11/24/2009,8.26,80.97,25.96,0.88,1.9,99.86
11/25/2009,6.12,82.88,26.22,0.88,3.73,99.76
11/26/2009,1.17,80.01,25.55,0.88,4.38,99.7
11/27/2009,0,77.63,25.18,0.87,4.76,99.75
11/28/2009,7.06,82.76,25.75,0.86,5.16,99.78
11/29/2009,8.52,82.16,26.05,0.86,4.01,99.76
11/30/2009,3.57,83.09,26.3,0.85,2.91,99.74
12/1/2009,18.83,83.73,26.64,0.85,2.03,99.7
12/2/2009,13.11,85.57,26.56,0.86,2.4,99.68
12/3/2009,6.26,82.63,26.55,0.86,1.51,99.72
12/4/2009,2.53,81.43,26.39,0.86,3.73,99.71
12/5/2009,0.5,82.75,25.92,0.85,4.58,99.63
12/6/2009,0.21,83.14,25.32,0.85,4.35,99.61
12/7/2009,1.83,84.06,25.35,0.84,5.33,99.62
12/8/2009,1.17,88.3,25.73,0.84,5.24,99.54
12/9/2009,2.53,86.63,26.09,0.84,5.55,99.48
12/10/2009,1.18,86.3,25.82,0.83,7.58,99.4
12/11/2009,0.31,87.48,26.12,0.83,6.23,99.32
12/12/2009,12.5,89.12,26.41,0.83,4.79,99.33
12/13/2009,13.19,88.69,26.04,0.84,4.22,99.46
12/14/2009,2.37,85.31,26.28,0.84,3.58,99.55
12/15/2009,27.25,83.9,26.52,0.84,2.1,99.66
12/16/2009,9.32,86.27,25.95,0.85,2.3,99.77
12/17/2009,1.28,81.68,26.27,0.85,1.56,99.85
12/18/2009,2.45,82.18,26.47,0.84,1.47,99.83
12/19/2009,9.54,85.43,26.31,0.85,3.34,99.84
12/20/2009,2.69,86.05,26.08,0.85,4.22,99.81
12/21/2009,9.1,84.37,26.05,0.85,4.08,99.69
12/22/2009,5.41,83.54,25.57,0.85,4.37,99.7
12/23/2009,3.3,85.03,25.6,0.85,5.01,99.68
12/24/2009,2.32,85.72,26.09,0.84,4.32,99.63
12/25/2009,3.14,90.14,25.49,0.84,4.25,99.65
12/26/2009,7.72,88.43,25.55,0.84,5.38,99.59
12/27/2009,7.94,90.9,25.11,0.84,4.02,99.58
12/28/2009,2.05,87.12,24.64,0.84,1.79,99.71
12/29/2009,5.16,88.15,24.75,0.85,2.53,99.68
12/30/2009,0.68,80.42,25.48,0.84,3.17,99.65
12/31/2009,0.03,81.02,24.9,0.84,4.16,99.66
1/1/2010,0.08,82.05,25.01,0.83,5.05,99.61
1/2/2010,0.63,85.01,24.97,0.82,5.42,99.74
1/3/2010,2.73,86.1,24.93,0.82,5.79,99.78
1/4/2010,0.11,81.95,24.39,0.82,5.07,99.7
1/5/2010,0,79.04,23.47,0.81,4.66,99.59
1/6/2010,0,80.25,23.51,0.8,5.11,99.56
1/7/2010,0.16,81.73,24.54,0.79,4.96,99.58
1/8/2010,5.5,88.34,24.96,0.79,4.13,99.57
1/9/2010,16.61,87.4,25.76,0.79,3.34,99.56
1/10/2010,1.04,82.32,25.55,0.8,2.48,99.72
1/11/2010,4.22,81.22,26.04,0.79,1.77,99.87
1/12/2010,18.25,82.83,26.1,0.8,1.51,99.91
1/13/2010,13.17,82.33,26.48,0.8,1.09,99.91
1/14/2010,2.31,81.55,26.11,0.8,3.01,99.93
1/15/2010,0.05,81.6,25.34,0.79,4.87,99.99
1/16/2010,3.16,84.68,25.66,0.79,5.64,100.01
1/17/2010,8.38,84.03,25.48,0.79,6.2,100.04
1/18/2010,1.29,83.87,25.3,0.78,5.48,100.01
1/19/2010,5.34,82.34,25.45,0.78,5.52,99.85
1/20/2010,0.31,80.43,24.82,0.77,5.57,99.91
1/21/2010,0.05,80.8,24.58,0.77,5.94,99.86
1/22/2010,0,79.7,24.14,0.76,5.21,99.85
1/23/2010,0,79.46,24,0.75,5.07,99.85
1/24/2010,0.02,77.03,24.66,0.74,2.93,99.78
1/25/2010,0.05,76.68,24.77,0.74,3.63,99.77
1/26/2010,0.03,80.92,25.18,0.73,4.37,99.79
1/27/2010,1.4,83.86,25.9,0.72,5.12,99.72
1/28/2010,0.3,83.28,25.75,0.72,5.91,99.75
1/29/2010,0.71,82.16,25.6,0.71,6.16,99.79
1/30/2010,1.34,84.5,25.8,0.71,5.96,99.8
1/31/2010,5.47,83.91,25.92,0.7,5.22,99.84
2/1/2010,11.35,84.52,25.94,0.7,4.58,99.81
2/2/2010,6.95,84.09,25.87,0.71,5.69,99.69
2/3/2010,1.28,81.63,25.73,0.7,5.13,99.71
2/4/2010,0.5,80.13,25.56,0.7,4.2,99.76
2/5/2010,0.01,80.05,25.64,0.69,5.46,99.81
2/6/2010,0,79.57,25.17,0.68,6.42,99.8
2/7/2010,0.01,78.8,24.84,0.68,6.16,99.81
2/8/2010,0,76.98,24.76,0.67,5.59,99.69
2/9/2010,0.44,75.81,25.45,0.66,3.47,99.63
2/10/2010,2.34,80.53,26.45,0.66,2.7,99.62
2/11/2010,6.17,81.92,26.65,0.66,3.36,99.73
2/12/2010,0.1,80.68,26.07,0.66,3.97,99.75
2/13/2010,3.42,81.02,26.42,0.65,3.62,99.62
2/14/2010,0.18,76.26,26.14,0.65,2.88,99.56
2/15/2010,0,72.61,26.09,0.65,2.57,99.54
2/16/2010,4.02,81.29,26,0.64,3.47,99.62
2/17/2010,3.92,84.48,26.48,0.64,3.7,99.67
2/18/2010,0.17,77.3,26.56,0.64,2.54,99.8
2/19/2010,0,77.78,26.82,0.63,2.03,99.84
2/20/2010,0.01,75.3,26.7,0.63,1.52,99.83
2/21/2010,0,72.92,26.75,0.62,2.36,99.79
2/22/2010,0,74.9,26.76,0.62,3.41,99.74
2/23/2010,0.02,68.72,26.57,0.61,1.68,99.73
2/24/2010,0.77,74.21,26.68,0.6,2.18,99.65
2/25/2010,0.18,75.19,27.01,0.6,1.92,99.67
2/26/2010,0,72.03,27.16,0.6,1.9,99.69
2/27/2010,0,66.6,27.28,0.59,2.14,99.66
2/28/2010,0,68.86,27.09,0.58,2.03,99.72
3/1/2010,0,65.54,26.79,0.58,2.09,99.79
3/2/2010,0,60.86,26.71,0.57,2.4,99.74
3/3/2010,0,62.74,26.19,0.57,2.05,99.67
3/4/2010,0.2,75.81,26.29,0.56,2.67,99.73
3/5/2010,0,76.91,26.45,0.56,2.74,99.78
3/6/2010,0.07,76.36,25.97,0.55,3.31,99.85
3/7/2010,0.43,78.79,27.17,0.55,2.84,99.76
3/8/2010,0.65,77.04,27.91,0.55,1.74,99.72
3/9/2010,0.43,71.48,28.12,0.54,1.87,99.78
3/10/2010,0.01,68.64,27.79,0.54,1.58,99.78
3/11/2010,0.09,71.05,27.79,0.54,2.55,99.84
3/12/2010,1,70.24,28.25,0.53,2.64,99.89
3/13/2010,0.99,73.44,27.85,0.53,2.07,99.8
3/14/2010,0.55,71.77,28.33,0.53,2.15,99.68
3/15/2010,0.46,70.07,28.2,0.52,1.86,99.66
3/16/2010,0.19,70.24,28.19,0.52,1.71,99.68
3/17/2010,0.14,65.43,27.79,0.52,1.28,99.75
3/18/2010,0.75,68.16,27.66,0.51,2.85,99.81
3/19/2010,0.88,70.51,28.05,0.51,3.2,99.69
3/20/2010,0.16,69.45,28.25,0.51,2.38,99.58
3/21/2010,1.37,71.35,28.11,0.5,2.3,99.52
3/22/2010,3.79,78.96,27.69,0.5,2.31,99.43
3/23/2010,4.19,77.95,27.96,0.5,2.06,99.32
3/24/2010,9.92,83.06,27.47,0.51,2.78,99.4
3/25/2010,1.35,78.01,28.12,0.51,2.07,99.47
3/26/2010,11.92,81.61,27.79,0.51,2.57,99.5
3/27/2010,30.45,82,27.63,0.53,3.26,99.64
3/28/2010,4.73,72.38,28.05,0.54,2.42,99.67
3/29/2010,4.81,77.71,28.11,0.54,2.45,99.66
3/30/2010,10.79,80.56,27.7,0.54,2.87,99.74
3/31/2010,10.64,81.67,27.56,0.55,4.06,99.75
4/1/2010,3.93,81.57,27.75,0.55,3.84,99.64
4/2/2010,0.65,78.29,28.51,0.55,3.03,99.53
4/3/2010,1.26,77.31,28.45,0.55,2.4,99.54
4/4/2010,6.92,80.43,27.69,0.55,1.85,99.66
4/5/2010,18.06,83.68,27.31,0.56,2.26,99.6
4/6/2010,10.14,75.02,27.87,0.57,1.62,99.57
4/7/2010,16.71,76.8,28.09,0.58,1.3,99.59
4/8/2010,5.95,76.26,28.42,0.59,1.25,99.66
4/9/2010,5.44,80.81,27.74,0.59,1.62,99.64
4/10/2010,5.49,80.11,27.77,0.59,2.46,99.53
4/11/2010,6.06,75.8,28.11,0.59,3.45,99.4
4/12/2010,4.71,84.35,27.76,0.59,3.79,99.51
4/13/2010,11.88,84.25,27.59,0.59,3.79,99.52
4/14/2010,10.65,86.8,27.62,0.61,3.96,99.51
4/15/2010,3.21,80.74,28.43,0.61,2.48,99.55
4/16/2010,7.55,83.15,28.14,0.61,2.68,99.6
4/17/2010,17.77,85.92,27.72,0.62,2.14,99.67
4/18/2010,15.01,85.59,27.72,0.63,2.46,99.67
4/19/2010,7.74,84.26,27.47,0.64,3.57,99.63
4/20/2010,4.31,85.47,27.65,0.64,3.5,99.48
4/21/2010,15.13,85.5,27.75,0.64,4.42,99.49
4/22/2010,16.75,84.48,28.11,0.66,4.38,99.5
4/23/2010,12.6,87.44,27.83,0.66,3.93,99.56
4/24/2010,17.12,86.57,26.98,0.67,3.79,99.58
4/25/2010,10.48,82.01,27.14,0.68,2.46,99.51
4/26/2010,13.65,88.77,26.63,0.69,2.97,99.71
4/27/2010,9.47,86.17,26.92,0.7,2.31,99.8
4/28/2010,3.62,84.39,27.15,0.7,1.52,99.67
4/29/2010,31.24,82.14,28.11,0.71,2.37,99.54
4/30/2010,28.02,81.93,28.37,0.73,1.99,99.54
5/1/2010,15.92,80.96,27.68,0.75,1.34,99.58
5/2/2010,7.88,77.73,28.71,0.75,1.98,99.48
5/3/2010,8.88,85.88,27.77,0.76,3.01,99.38
5/4/2010,12.27,88.6,27.59,0.76,3.3,99.29
5/5/2010,5.36,87.59,27.83,0.77,4.34,99.28
5/6/2010,5.15,88.46,27.68,0.77,3.68,99.22
5/7/2010,8.74,88.21,27.83,0.77,3.74,99.21
5/8/2010,13.03,89.75,27.55,0.78,3.84,99.3
5/9/2010,7.38,86.21,27.52,0.78,4.24,99.32
5/10/2010,1.37,83.4,27.78,0.78,3.18,99.28
5/11/2010,4.33,87.21,27.77,0.78,3.75,99.3
5/12/2010,15.04,87.74,28.05,0.78,3.41,99.32
5/13/2010,20.83,89.54,28.13,0.79,4.66,99.28
5/14/2010,28.77,85.71,27.37,0.81,5.06,99.41
5/15/2010,10.81,84.5,27.66,0.82,4.49,99.33
5/16/2010,32.62,85.08,27.72,0.83,5.02,99.3
5/17/2010,61.88,86.39,27.65,0.86,5.45,99.3
5/18/2010,37.08,88.38,27.18,0.89,7.24,99.31
5/19/2010,28.19,87.93,27.24,0.9,7.32,99.29
5/20/2010,29.21,88.83,26.75,0.91,6.88,99.39
5/21/2010,18.19,88.68,26.43,0.92,5.87,99.47
5/22/2010,10.42,87.93,26.61,0.92,5.83,99.47
5/23/2010,9.64,89.81,26.66,0.92,6.02,99.47
5/24/2010,12.05,89.95,26.89,0.92,6.83,99.47
5/25/2010,9.18,89.44,26.83,0.92,6.9,99.51
5/26/2010,4.11,88.9,27.27,0.92,6.82,99.47
5/27/2010,1.41,90.46,27.23,0.92,6.19,99.47
5/28/2010,2.74,89.76,27.23,0.91,5.8,99.54
5/29/2010,2.2,89.14,27.17,0.91,5.46,99.52
5/30/2010,1.89,88.23,27,0.9,5.57,99.53
5/31/2010,0.86,85.51,27.14,0.9,5.2,99.57
6/1/2010,0.23,83.86,27.46,0.89,4.44,99.54
6/2/2010,1.53,86.88,27.39,0.88,4.39,99.58
6/3/2010,2.9,89.79,27.14,0.88,4.62,99.67
6/4/2010,2,90.39,27.39,0.88,5.61,99.72
6/5/2010,8.25,85.37,27.15,0.87,5.84,99.68
6/6/2010,9.25,85.14,27.08,0.87,6.5,99.59
6/7/2010,8.2,85.81,26.78,0.88,6.35,99.56
6/8/2010,3.46,83.73,26.2,0.87,7.02,99.53
6/9/2010,7.29,86.18,26.32,0.87,7.54,99.45
6/10/2010,21.1,85.51,26.62,0.88,7.73,99.35
6/11/2010,22.74,86.96,26.61,0.89,8.22,99.32
6/12/2010,20.63,86.7,26.48,0.89,6.77,99.34
6/13/2010,6.47,88.98,26.25,0.9,5.74,99.47
6/14/2010,6.47,87.02,26.12,0.89,4.3,99.62
6/15/2010,3.51,88.09,26.34,0.89,2.83,99.56
6/16/2010,7.22,89.54,26.25,0.89,2.97,99.61
6/17/2010,5.67,90.3,26.32,0.89,4.26,99.64
6/18/2010,4.73,83.82,26.19,0.89,3.87,99.64
6/19/2010,11.83,87.44,26.39,0.89,4.63,99.58
6/20/2010,9.94,87.64,26.57,0.89,4.74,99.57
6/21/2010,5.3,87.46,26.61,0.89,4.38,99.57
6/22/2010,6.15,87.08,26.43,0.88,6.58,99.56
6/23/2010,18.3,87.73,26.52,0.88,7.68,99.56
6/24/2010,8.59,84.44,26.56,0.88,6.55,99.47
6/25/2010,1.76,86.4,26.36,0.88,6.56,99.35
6/26/2010,4.25,88.04,26.54,0.87,6.03,99.38
6/27/2010,7.09,90.8,26.51,0.87,4.52,99.39
6/28/2010,9.96,90.44,26.31,0.87,5.68,99.44
6/29/2010,4.07,86.86,26.36,0.87,6.56,99.48
6/30/2010,6.04,88.43,25.82,0.87,6.64,99.46
7/1/2010,9.6,88.09,25.83,0.87,6.52,99.47
7/2/2010,6.08,90.07,25.76,0.87,5.52,99.41
7/3/2010,6.05,91.35,25.96,0.86,4.78,99.41
7/4/2010,6.78,90.44,26.02,0.86,4.53,99.47
7/5/2010,7.67,90.68,25.95,0.86,5.05,99.48
7/6/2010,1.61,88.68,25.77,0.86,4.77,99.56
7/7/2010,7.64,86.83,26.4,0.86,3.33,99.53
7/8/2010,6.65,87.99,26.22,0.86,3.79,99.56
7/9/2010,11.46,87.96,26.33,0.86,2.69,99.46
7/10/2010,10.3,86.59,26.42,0.86,2.65,99.46
7/11/2010,2.66,88.39,25.75,0.86,4.2,99.6
7/12/2010,2.08,88.95,25.55,0.86,5.56,99.65
7/13/2010,8.19,88.95,25.2,0.86,5.56,99.65
7/14/2010,10.62,87.08,25.72,0.86,6.03,99.52
7/15/2010,14.42,88.2,25.9,0.86,6.22,99.38
7/16/2010,13.19,88.79,25.83,0.86,6.98,99.31
7/17/2010,8.44,88.58,26.16,0.86,6.27,99.42
7/18/2010,9.55,86.57,26.02,0.86,6.48,99.52
7/19/2010,11.86,86.68,25.08,0.86,6.67,99.53
7/20/2010,3.26,89.35,25.38,0.86,5.48,99.47
7/21/2010,1.13,88.78,26.08,0.86,4.61,99.47
7/22/2010,1.68,87.76,26.1,0.85,4.48,99.47
7/23/2010,1.14,89.02,25.96,0.85,4.88,99.51
7/24/2010,1.73,89.34,25.83,0.85,5.42,99.48
7/25/2010,0.49,89.01,25.79,0.84,5.26,99.45
7/26/2010,0.25,89.25,25.8,0.84,4.61,99.51
7/27/2010,1.37,87.95,25.95,0.83,5.44,99.6
7/28/2010,3.66,89.05,25.41,0.83,6.26,99.52
7/29/2010,1.12,87.24,25.4,0.83,5.7,99.44
7/30/2010,0.61,88.26,25.35,0.82,5.87,99.52
7/31/2010,0.04,89.32,25.5,0.82,4.46,99.58
8/1/2010,0.05,90.47,25.41,0.81,3.7,99.63
8/2/2010,0.52,90.6,25.57,0.81,4.3,99.57
8/3/2010,3.53,90.89,25.6,0.8,5.11,99.53
8/4/2010,1.83,90.91,25.76,0.8,4.7,99.49
8/5/2010,0.16,92.35,25.98,0.8,3.94,99.54
8/6/2010,0.2,92.52,26.07,0.8,4.74,99.62
8/7/2010,0.21,90.45,26.16,0.79,4.86,99.6
8/8/2010,0.5,91.03,26.2,0.79,5.1,99.52
8/9/2010,1.46,90.55,26.08,0.79,5.29,99.49
8/10/2010,1.22,90.49,26.14,0.78,5.21,99.41
8/11/2010,1.32,91.3,26.02,0.78,5.32,99.39
8/12/2010,3.67,90.63,25.6,0.78,5.81,99.34
8/13/2010,4.31,89.01,25.62,0.78,5.9,99.37
8/14/2010,10.83,89.66,25.67,0.78,5.34,99.41
8/15/2010,11.87,91,25.46,0.78,7.06,99.47
8/16/2010,2.92,89.51,25.2,0.78,6.08,99.56
8/17/2010,0.5,89.8,25.35,0.78,6.5,99.41
8/18/2010,0.12,88.89,25.48,0.77,5.54,99.38
8/19/2010,2.72,91.23,25.16,0.77,3.64,99.4
8/20/2010,30.06,92.22,25.14,0.78,3.94,99.43
8/21/2010,27.52,90.43,24.86,0.81,3.59,99.45
8/22/2010,1.94,90.48,25.28,0.81,5.47,99.38
8/23/2010,1.18,89.22,25.43,0.8,5.89,99.3
8/24/2010,3.49,90.45,25.27,0.8,6.57,99.21
8/25/2010,1.41,88.85,25.14,0.79,7.11,99.34
8/26/2010,1.71,88.73,25.04,0.79,6.74,99.5
8/27/2010,0.24,88.71,25.2,0.78,5.21,99.52
8/28/2010,5.84,91.63,25.4,0.78,5.05,99.52
8/29/2010,13.37,91.47,25.47,0.79,6.18,99.58
8/30/2010,12.13,89.99,24.85,0.79,6.3,99.67
8/31/2010,0.95,88.04,25.04,0.79,4.29,99.58
9/1/2010,0.06,88.22,25.26,0.79,4.09,99.58
9/2/2010,0.08,87.69,25.48,0.78,4.48,99.62
9/3/2010,0.44,89.3,25.71,0.78,5.1,99.52
9/4/2010,0.18,88.63,25.77,0.77,5.12,99.54
9/5/2010,0.14,87.1,25.76,0.77,4.34,99.67
9/6/2010,1.3,86.96,25.88,0.76,4.58,99.63
9/7/2010,2.11,88.81,25.95,0.76,5.14,99.51
9/8/2010,1.67,88.45,26.06,0.75,5.03,99.52
9/9/2010,5.98,89.25,25.98,0.75,4.22,99.57
9/10/2010,9.14,89.03,25.57,0.75,4.66,99.55
9/11/2010,2.86,84.47,26.01,0.75,3.21,99.51
9/12/2010,2.59,89,25.94,0.75,3.28,99.47
9/13/2010,2.77,88.84,26.04,0.75,5.14,99.49
9/14/2010,1.94,86.56,25.86,0.75,4.7,99.49
9/15/2010,1.87,87.95,25.86,0.74,4.84,99.5
9/16/2010,0.99,88.37,25.89,0.74,5.56,99.48
9/17/2010,1.68,86.66,26.05,0.74,5.58,99.43
9/18/2010,4.89,88.53,25.54,0.73,6.31,99.36
9/19/2010,6.61,89.55,25.57,0.74,5.49,99.31
9/20/2010,11.1,85.31,25.59,0.74,4.06,99.37
9/21/2010,27.01,85.86,25.29,0.75,3.54,99.48
9/22/2010,13.17,87.57,25.33,0.76,3.64,99.5
9/23/2010,16.32,90.91,25.24,0.77,4.99,99.46
9/24/2010,18.9,89.35,25.43,0.79,5.68,99.5
9/25/2010,6.86,87.63,25.79,0.79,4.21,99.54
9/26/2010,5.62,88.24,25.7,0.79,3.14,99.5
9/27/2010,6.34,88.27,25.61,0.79,3.6,99.53
9/28/2010,26.69,90.31,25.32,0.8,4.17,99.53
9/29/2010,17.22,88.2,25.08,0.82,4.14,99.52
9/30/2010,10.15,88.96,25.2,0.82,3.3,99.36
10/1/2010,28.81,89.08,25.35,0.83,3.53,99.25
10/2/2010,40.83,89.93,25.09,0.85,4.85,99.3
10/3/2010,33.91,91.45,25.22,0.87,4.44,99.4
10/4/2010,8.44,89.54,25.84,0.88,4.51,99.34
10/5/2010,5.71,88.87,26.23,0.88,6.1,99.27
10/6/2010,11.85,88.74,26.32,0.88,7.39,99.29
10/7/2010,17.44,89.46,26.29,0.89,7.09,99.34
10/8/2010,9.96,90.08,26.29,0.89,6.75,99.4
10/9/2010,7.05,90.33,26.09,0.89,6.53,99.45
10/10/2010,1.87,87.72,25.96,0.88,5.22,99.47
10/11/2010,1.47,87.24,26.06,0.88,5.42,99.63
10/12/2010,0.63,87.34,25.96,0.87,5.09,99.73
10/13/2010,0.07,86.16,25.58,0.87,4.32,99.66
10/14/2010,0.1,86.42,25.43,0.86,5.32,99.59
10/15/2010,0.32,85.33,25.51,0.85,5.81,99.57
10/16/2010,2.01,85.76,25.75,0.85,6.52,99.46
10/17/2010,1.9,82.91,25.83,0.84,5.7,99.49
10/18/2010,2.16,83.89,25.7,0.83,5.24,99.56
10/19/2010,2.43,83.45,25.5,0.83,4.52,99.59
10/20/2010,0.19,83.68,25.05,0.82,4.21,99.59
10/21/2010,0.38,85.27,25.29,0.82,4.85,99.49
10/22/2010,0.87,83.18,25.54,0.81,5.49,99.47
10/23/2010,0.41,80.46,25.53,0.8,4.72,99.51
10/24/2010,1.18,87.5,25.81,0.79,4.8,99.47
10/25/2010,1.25,88.04,25.67,0.79,4.19,99.51
10/26/2010,0.78,84.36,25.47,0.78,3.57,99.6
10/27/2010,3.44,84.23,25.27,0.78,3.12,99.68
10/28/2010,14.03,85.96,25.24,0.78,2.92,99.65
10/29/2010,18.75,84.63,25.91,0.79,3.09,99.52
10/30/2010,10.66,89.2,25.43,0.8,2.54,99.56
10/31/2010,8.51,88.92,25.42,0.8,3.37,99.58
11/1/2010,4.55,87.4,25.84,0.81,4.54,99.41
11/2/2010,1.16,83.57,25.92,0.8,3.67,99.49
11/3/2010,1.65,88.2,25.76,0.8,2.71,99.64
11/4/2010,24.77,87.93,25.68,0.8,2.59,99.69
11/5/2010,26.63,86.99,24.98,0.83,3.63,99.66
11/6/2010,5.7,83.59,24.74,0.84,4.5,99.51
11/7/2010,11.38,86.34,26.07,0.84,6.63,99.28
11/8/2010,9.08,85.17,26.23,0.84,5.13,99.46
11/9/2010,10.1,86.03,26,0.84,3.16,99.75
11/10/2010,33.69,88.08,25.65,0.85,3.73,99.85
11/11/2010,14.37,86.62,24.8,0.86,3.97,99.82
11/12/2010,4.99,85.38,25.61,0.86,2.92,99.52
11/13/2010,14.1,84.89,26.26,0.86,2.3,99.36
11/14/2010,8.22,84.67,26.53,0.86,1.72,99.58
11/15/2010,8.63,80.54,26.49,0.86,2.38,99.65
11/16/2010,12.96,83.04,25.77,0.86,2.42,99.49
11/17/2010,18.01,84.23,25.57,0.87,1.93,99.53
11/18/2010,13.49,80.14,26.33,0.88,1.41,99.61
11/19/2010,10.62,89.34,25.14,0.88,2.43,99.57
11/20/2010,18.01,88.66,25.18,0.88,2.68,99.44
11/21/2010,21.85,86.3,25.14,0.89,3.5,99.43
11/22/2010,52.88,85.02,25.25,0.91,2.36,99.37
11/23/2010,6.24,90.94,24.74,0.92,3.57,99.33
11/24/2010,45.92,90.18,24.8,0.93,3.44,99.36
11/25/2010,24.41,88.39,25.1,0.95,2.97,99.35
11/26/2010,29.04,92.55,25.29,0.95,6.45,99.29
11/27/2010,25.86,90.24,25.22,0.96,3.96,99.33
11/28/2010,22.38,91.07,25.31,0.96,4.35,99.26
11/29/2010,12,82.37,25.69,0.96,3.81,99.38
11/30/2010,24.63,87.34,25.07,0.96,2.92,99.32
12/1/2010,20.8,91.52,24.77,0.97,2.62,99.25
12/2/2010,36.14,84.27,25.43,0.97,1.94,99.35
12/3/2010,9.14,89.7,25.46,0.97,3.5,99.25
12/4/2010,27.39,90.23,25.06,0.97,5.53,99.12
12/5/2010,29.5,88.69,24.43,0.98,6.95,99.1
12/6/2010,9.54,89.6,24.5,0.97,3.99,99.2
12/7/2010,20.68,89.81,25.66,0.97,6.15,99.25
12/8/2010,19.11,86.37,25.63,0.97,6.18,99.41
12/9/2010,21.76,88.42,25,0.97,7.01,99.51
12/10/2010,5.23,87.05,25.38,0.97,5.66,99.52
12/11/2010,1.48,85.1,25.31,0.96,4.34,99.47
12/12/2010,0.45,85.45,25.38,0.96,3.65,99.37
12/13/2010,0,79.14,25.16,0.95,2.93,99.46
12/14/2010,1.27,78.4,25.41,0.95,1.85,99.54
12/15/2010,4.34,81.49,25.49,0.94,1.45,99.5
12/16/2010,16.28,83.14,25.22,0.94,1.26,99.53
12/17/2010,4.65,81.27,25.72,0.94,1.91,99.54
12/18/2010,17.81,83.63,25.57,0.94,4.3,99.47
12/19/2010,0.28,80.83,25.1,0.93,4.6,99.55
12/20/2010,3.12,81.18,25.54,0.93,2.71,99.6
12/21/2010,7.62,87,25.19,0.92,4.22,99.49
12/22/2010,11.28,89.15,24.9,0.93,5.56,99.36
12/23/2010,23.78,89.63,24.04,0.93,6.02,99.41
12/24/2010,15.77,90.18,23.84,0.94,5.37,99.48
12/25/2010,13.04,91.69,24.83,0.94,5.6,99.34
12/26/2010,2.4,87.15,24.64,0.94,5.86,99.49
12/27/2010,1.21,85.17,24.28,0.93,5.32,99.55
12/28/2010,6.37,88.15,24.4,0.93,4.8,99.46
12/29/2010,9.38,89.66,24.66,0.93,3.77,99.41
12/30/2010,5.34,88.72,25.17,0.93,4.05,99.43
12/31/2010,4.18,87.1,25.11,0.93,2.93,99.45
1/1/2011,7.28,84.25,25.04,0.93,3.31,99.38
1/2/2011,5.25,86.48,25.11,0.93,4.17,99.33
1/3/2011,4.32,88.55,24.65,0.93,5.21,99.39
1/4/2011,7.74,90.36,24.05,0.93,6.18,99.41
1/5/2011,4.43,89.02,24.61,0.93,6.63,99.3
1/6/2011,12.84,87.74,24.67,0.92,7.13,99.32
1/7/2011,6.77,90.59,24.65,0.92,5.52,99.3
1/8/2011,20.12,90.54,24.97,0.92,5.06,99.3
1/9/2011,19.39,92.43,25.07,0.93,5.22,99.36
1/10/2011,13.48,92.28,24.83,0.94,4.91,99.41
1/11/2011,5.49,91.36,24.67,0.94,4.03,99.52
1/12/2011,5.05,89.59,24.38,0.94,4.68,99.49
1/13/2011,3.31,90.65,23.84,0.93,5.89,99.52
1/14/2011,6.83,87.12,24.78,0.93,6.25,99.47
1/15/2011,12.42,90.22,25.23,0.93,4.89,99.51
1/16/2011,1.06,88.52,25.71,0.93,2.96,99.47
1/17/2011,0.84,85.79,25.82,0.92,2.9,99.52
1/18/2011,3.83,85.04,25.33,0.92,3.88,99.55
1/19/2011,0.02,80.49,24.41,0.91,3.71,99.54
1/20/2011,0,79.38,23.73,0.9,4.33,99.62
1/21/2011,0.01,80.77,23.64,0.9,4.25,99.63
1/22/2011,0.02,82.98,24.01,0.89,5.03,99.66
1/23/2011,0,82.63,23.73,0.88,5.18,99.75
1/24/2011,0,83.23,24.05,0.87,5.36,99.69
1/25/2011,5.3,84.74,24.74,0.87,5.09,99.61
1/26/2011,8.54,87.69,25.27,0.87,4.77,99.62
1/27/2011,7.13,86.95,25.3,0.86,5.23,99.72
1/28/2011,12.91,87.52,25.38,0.86,5.23,99.63
1/29/2011,4.6,89.76,25.06,0.87,5.09,99.59
1/30/2011,8.47,87.14,25.65,0.87,5.31,99.49
1/31/2011,19.84,90.16,24.9,0.87,6.17,99.51
2/1/2011,20.48,91.82,24.79,0.88,6.46,99.47
2/2/2011,15.97,91.52,24.63,0.89,6.76,99.47
2/3/2011,29.55,90,25,0.9,4.97,99.53
2/4/2011,18.26,91.73,24.58,0.91,7.3,99.58
2/5/2011,5.44,89.28,25.1,0.91,5.98,99.46
2/6/2011,11.13,89.87,25.14,0.91,5.68,99.4
2/7/2011,13.19,92.02,24.77,0.91,7.27,99.35
2/8/2011,3.82,88.54,25.48,0.91,5.75,99.28
2/9/2011,0.4,87.27,25.53,0.9,4.96,99.24
2/10/2011,0.26,83.82,25.01,0.9,5.02,99.44
2/11/2011,0.05,83.5,25.01,0.89,4.58,99.55
2/12/2011,0.01,82.55,25.01,0.88,5.22,99.54
2/13/2011,0,81.58,24.42,0.88,4.67,99.46
2/14/2011,0.02,81.27,24.91,0.87,2.66,99.47
2/15/2011,7.5,84.55,25.49,0.86,2.6,99.55
2/16/2011,0.27,82.41,25.61,0.86,2.75,99.6
2/17/2011,0.16,80.24,25.96,0.85,1.8,99.6
2/18/2011,0.93,85.14,25.54,0.85,2.34,99.62
2/19/2011,9.69,88.68,25.44,0.85,2.12,99.68
2/20/2011,9.02,85.21,26.15,0.85,2.15,99.74
2/21/2011,12.75,85.67,26.19,0.85,1.68,99.68
2/22/2011,10.17,81.45,26.36,0.86,1.68,99.64
2/23/2011,0.35,78.99,25.83,0.85,3.21,99.69
2/24/2011,0.96,78.78,25.95,0.85,3.19,99.66
2/25/2011,5.9,78.24,25.64,0.84,2.44,99.52
2/26/2011,0.76,79.73,25.6,0.84,2.99,99.48
2/27/2011,1.11,78.92,25.08,0.83,3.42,99.6
2/28/2011,15.06,86.29,24.99,0.83,5.24,99.58
3/1/2011,3.41,84.71,25.25,0.83,5.25,99.53
3/2/2011,2.05,84.36,25.67,0.82,4.91,99.46
3/3/2011,3.24,84.38,26.02,0.82,2.52,99.51
3/4/2011,1.45,78.7,26.46,0.82,2.03,99.51
3/5/2011,1.88,85.62,25.75,0.81,1.69,99.53
3/6/2011,0.81,78.26,26.38,0.81,2.81,99.63
3/7/2011,0.55,79.34,26.31,0.8,2.55,99.72
3/8/2011,3.19,73.49,26.26,0.8,2.14,99.65
3/9/2011,0.01,71.29,26.21,0.79,1.77,99.62
3/10/2011,0.03,71.48,25.57,0.78,2.36,99.62
3/11/2011,0.01,73.58,25.1,0.77,2.65,99.53
3/12/2011,6.11,81.01,26.2,0.77,3.38,99.44
3/13/2011,13.82,84.83,26.73,0.77,4.52,99.46
3/14/2011,2.12,86.84,26.63,0.77,4.54,99.38
3/15/2011,0.91,85.81,26.54,0.77,4.78,99.3
3/16/2011,3.91,84.66,26.62,0.76,5.16,99.17
3/17/2011,0.15,82.44,26.33,0.76,6.35,99.31
3/18/2011,0.69,83.9,25.88,0.75,3.12,99.34
3/19/2011,1.74,81.54,26.63,0.75,2.22,99.37
3/20/2011,10.19,84.54,26.6,0.74,2.66,99.42
3/21/2011,7.63,86.51,26.06,0.75,2.65,99.57
3/22/2011,4.51,84.61,26.32,0.75,2.7,99.58
3/23/2011,6.54,88.33,25.72,0.75,2.82,99.56
3/24/2011,8.6,85.57,26.29,0.75,2.97,99.62
3/25/2011,13.45,83.76,26.83,0.75,3.43,99.59
3/26/2011,8.75,83.72,26.72,0.76,3.21,99.63
3/27/2011,5.62,80.72,27.32,0.76,1.76,99.61
3/28/2011,14.6,84.08,27.04,0.76,2.4,99.57
3/29/2011,11.79,84.83,26.79,0.77,2.24,99.64
3/30/2011,1.13,80.94,26.82,0.77,1.84,99.68
3/31/2011,0.01,79.94,26.85,0.76,1.93,99.68
4/1/2011,0.04,80.2,27.04,0.75,2.37,99.65
4/2/2011,0.28,84.11,26.56,0.74,3.14,99.68
4/3/2011,2.11,83.57,26.4,0.74,2.97,99.72
4/4/2011,11.45,80.44,26.87,0.74,2.62,99.66
4/5/2011,5.82,81.03,26.9,0.74,2.37,99.65
4/6/2011,3.46,74.12,26.91,0.74,1.21,99.65
4/7/2011,8.16,79.64,26.75,0.73,1.78,99.65
4/8/2011,6.96,87.93,26.05,0.74,2.12,99.66
4/9/2011,14.76,87.77,26.18,0.74,2.86,99.74
4/10/2011,5.22,81.43,27.02,0.74,2.03,99.75
4/11/2011,12.85,82.27,27.13,0.74,1.72,99.62
4/12/2011,20.86,88.19,26.23,0.76,2.67,99.6
4/13/2011,7.34,83.52,26.89,0.77,1.79,99.62
4/14/2011,15.77,90.3,26.17,0.77,2.88,99.5
4/15/2011,5.33,87.25,26.32,0.78,2.19,99.48
4/16/2011,8.66,79.81,26.86,0.78,1.69,99.53
4/17/2011,26.67,83.9,26.3,0.79,1.77,99.6
4/18/2011,16.8,84.95,26.46,0.81,1.87,99.47
4/19/2011,18.64,90.68,25.69,0.82,3.98,99.44
4/20/2011,23.57,88.83,25.52,0.83,2.59,99.46
4/21/2011,16.02,88.89,25.84,0.84,2.73,99.43
4/22/2011,26.71,87.85,26.2,0.85,3.95,99.44
4/23/2011,39.15,87.81,25.77,0.88,5.03,99.49
4/24/2011,12.72,87.83,25.55,0.89,3.18,99.5
4/25/2011,11.37,89.09,25.72,0.89,3.73,99.42
4/26/2011,17.37,86.65,26.39,0.9,4.87,99.37
4/27/2011,15.64,82.19,26.91,0.9,4.45,99.33
4/28/2011,26.14,87.04,26.79,0.91,6.02,99.28
4/29/2011,7.02,88.21,27.09,0.91,5.5,99.3
4/30/2011,6.54,88.78,27.07,0.91,5.28,99.41
5/1/2011,9.72,88.01,27.16,0.91,5.75,99.48
5/2/2011,8.13,87.85,27.01,0.91,6.16,99.5
5/3/2011,4.44,88.2,27.44,0.9,6.06,99.44
5/4/2011,1.63,88.72,27.26,0.9,5.1,99.48
5/5/2011,1.54,88.2,27.13,0.9,5.43,99.52
5/6/2011,0.75,89,27.07,0.89,5.31,99.55
5/7/2011,0.38,87.82,27.18,0.89,5.81,99.52
5/8/2011,1.32,88.98,27.11,0.88,5.43,99.44
5/9/2011,2.44,87.07,26.99,0.88,5.77,99.51
5/10/2011,0.73,84.47,27,0.87,5.21,99.56
5/11/2011,1.81,86.34,26.57,0.86,4.91,99.56
5/12/2011,1.8,86.97,26.64,0.86,3.96,99.53
5/13/2011,1.96,85.61,26.74,0.85,3.92,99.5
5/14/2011,0.7,86.49,26.99,0.84,4.27,99.47
5/15/2011,3.73,87.59,26.83,0.84,4.26,99.57
5/16/2011,3.59,83.75,27.51,0.83,3.08,99.6
5/17/2011,4.12,84.75,27.29,0.83,3.21,99.64
5/18/2011,1.09,83.92,27.09,0.83,3.26,99.63
5/19/2011,0.46,83.69,26.99,0.82,3.7,99.61
5/20/2011,0.35,86.08,27.05,0.81,4.5,99.5
5/21/2011,5.13,87.36,27,0.81,4.75,99.47
5/22/2011,3.99,88.1,26.58,0.81,3.85,99.47
5/23/2011,6.39,88.77,26.85,0.81,4,99.5
5/24/2011,16.66,87.45,27.11,0.81,4.28,99.43
5/25/2011,20.32,88.96,27.17,0.83,4.85,99.3
5/26/2011,14.31,89.45,26.92,0.84,5.92,99.39
5/27/2011,10.86,86.24,26.82,0.84,5.88,99.51
5/28/2011,10.78,85.68,26.71,0.84,6.65,99.51
5/29/2011,13.8,87.37,26.58,0.85,6.36,99.52
5/30/2011,7.1,87.05,26.59,0.85,7.55,99.53
5/31/2011,15.92,87.15,26.61,0.85,7.33,99.44
6/1/2011,19.58,87.59,26.44,0.85,7.01,99.46
6/2/2011,9.43,86.3,26.45,0.86,6.05,99.55
6/3/2011,3.86,88.19,26.61,0.85,5.47,99.52
6/4/2011,8.35,88.69,26.67,0.85,5.28,99.47
6/5/2011,5.16,90.38,26.66,0.85,5.11,99.48
6/6/2011,8.77,88.59,26.72,0.85,4.93,99.48
6/7/2011,12.11,87.65,26.62,0.86,4.29,99.5
6/8/2011,7.22,88.56,26.81,0.86,4.78,99.5
6/9/2011,3.7,88.27,26.69,0.85,5.74,99.47
6/10/2011,2.24,88.03,26.51,0.85,5.43,99.47
6/11/2011,1.66,87.96,26.56,0.85,4.64,99.5
6/12/2011,1.53,89.38,26.45,0.85,4.56,99.58
6/13/2011,3.61,82.86,26,0.84,4.61,99.77
6/14/2011,6.13,86.36,26.05,0.84,5.58,99.78
6/15/2011,4.62,86.87,25.92,0.84,4.76,99.78
6/16/2011,2.27,87.84,26.52,0.84,4.99,99.69
6/17/2011,2.07,87.59,26.54,0.84,5.3,99.6
6/18/2011,2.34,88.79,26.44,0.84,4.7,99.49
6/19/2011,1.07,86.78,26.73,0.83,5.7,99.39
6/20/2011,0.93,85.18,26.65,0.82,5.73,99.44
6/21/2011,0.19,87.17,26.55,0.82,4.95,99.49
6/22/2011,0.01,85.16,26.52,0.81,5.4,99.4
6/23/2011,0.06,84.77,26.5,0.8,5.56,99.33
6/24/2011,0.15,84.52,26.64,0.8,5.98,99.32
6/25/2011,1.13,89.15,26.5,0.79,5.96,99.32
6/26/2011,1.15,91.82,26.32,0.79,5.65,99.36
6/27/2011,1.05,87.26,26.36,0.79,6.25,99.48
6/28/2011,0.3,85.57,26.1,0.78,5.06,99.41
6/29/2011,0.03,87.3,26.54,0.77,4.45,99.44
6/30/2011,0.06,86.54,26.49,0.77,4.82,99.4
7/1/2011,0.86,89.8,26.16,0.76,4.77,99.42
7/2/2011,0.42,87.73,26.33,0.76,4.52,99.41
7/3/2011,0.03,87.44,26.41,0.76,4.28,99.47
7/4/2011,0.27,88.74,26.33,0.75,4.45,99.49
7/5/2011,6.13,86.5,26.2,0.75,5.83,99.5
7/6/2011,4.61,83.76,26.02,0.75,5.31,99.44
7/7/2011,1.07,88.18,26.13,0.75,4.67,99.47
7/8/2011,2.03,84.78,26.18,0.74,5.19,99.71
7/9/2011,3.27,85.77,25.8,0.74,4.23,99.63
7/10/2011,3.18,88.87,25.76,0.74,4.67,99.57
7/11/2011,2.66,88.41,25.88,0.74,6.18,99.48
7/12/2011,3.92,88.43,25.14,0.74,7.07,99.38
7/13/2011,3.01,89.18,25.61,0.73,5.87,99.33
7/14/2011,3.61,89.85,25.74,0.73,6.45,99.47
7/15/2011,7.2,89.85,25.8,0.73,5.41,99.45
7/16/2011,11.28,88.59,25.31,0.74,5.5,99.49
7/17/2011,6.75,87.81,25.49,0.74,5.41,99.42
7/18/2011,5.04,88.2,25.55,0.74,5.01,99.5
7/19/2011,1.03,88.88,25.89,0.74,4.08,99.51
7/20/2011,3.74,87.14,25.84,0.74,5.45,99.59
7/21/2011,2.48,90.87,25.76,0.74,4.86,99.59
7/22/2011,3.59,91.11,25.64,0.74,4.72,99.53
7/23/2011,4.9,91.25,25.44,0.74,4.56,99.44
7/24/2011,9.42,90.63,25.56,0.74,4.89,99.38
7/25/2011,9.07,90.75,25.12,0.75,4.62,99.49
7/26/2011,1.58,88.18,25.66,0.75,5.16,99.58
7/27/2011,1.15,89.26,25.33,0.74,4.91,99.64
7/28/2011,1.58,88.18,25.42,0.74,5.06,99.53
7/29/2011,1.81,88.46,25.69,0.74,5.69,99.5
7/30/2011,3.55,88.13,25.78,0.74,5.15,99.44
7/31/2011,1.2,88.71,25.92,0.73,4.98,99.39
8/1/2011,0.24,87.61,26.1,0.73,5.24,99.43
8/2/2011,0.87,87.35,26.2,0.72,5.9,99.48
8/3/2011,6.68,89.13,26.16,0.72,5.06,99.56
8/4/2011,5.21,89.31,25.99,0.72,4.48,99.62
8/5/2011,8.96,88.93,25.98,0.72,5.44,99.54
8/6/2011,9.37,86.37,25.64,0.73,6.42,99.51
8/7/2011,1.51,85.03,25.93,0.73,5.86,99.44
8/8/2011,2.13,88.32,25.95,0.72,5.27,99.44
8/9/2011,1.64,87.33,26.08,0.72,4.87,99.46
8/10/2011,2.04,89.25,26.01,0.72,5,99.49
8/11/2011,0.44,87.81,26.11,0.71,5.74,99.48
8/12/2011,0.92,88.26,25.9,0.71,5.13,99.33
8/13/2011,2.14,84.96,25.94,0.71,5.65,99.27
8/14/2011,2.04,85.45,25.82,0.7,3.68,99.46
8/15/2011,4.93,88.49,25.65,0.7,4.36,99.57
8/16/2011,5.96,86.94,25.35,0.71,4.07,99.54
8/17/2011,5.95,87.94,25.18,0.71,5.44,99.46
8/18/2011,4.27,84.57,25.5,0.71,5.7,99.47
8/19/2011,0.38,85.5,25.77,0.7,5.31,99.47
8/20/2011,0.73,85.65,26.16,0.7,4.96,99.47
8/21/2011,3.46,87.82,26.04,0.7,5.07,99.51
8/22/2011,7.88,88.2,25.53,0.7,5.81,99.56
8/23/2011,10.34,87.97,25.66,0.7,5.11,99.58
8/24/2011,10.66,88.22,25.41,0.71,6.09,99.56
8/25/2011,6.21,87.72,25.57,0.71,5.29,99.57
8/26/2011,2.26,85.1,26.01,0.71,5.32,99.61
8/27/2011,1.15,84.49,26.11,0.7,6.18,99.64
8/28/2011,1.34,84.79,26.16,0.7,5.87,99.6
8/29/2011,1.87,85.16,26.25,0.69,5.11,99.55
8/30/2011,8.16,86.46,26.49,0.69,5.19,99.56
8/31/2011,9.49,86.63,26.31,0.7,5.49,99.5
9/1/2011,6.79,86.14,26.35,0.7,5.85,99.48
9/2/2011,8.47,88.91,25.67,0.71,4.99,99.55
9/3/2011,2.74,85.56,25.55,0.71,4.05,99.54
9/4/2011,1.39,86.58,26.03,0.7,4.27,99.54
9/5/2011,1.84,87.38,26.2,0.7,5.07,99.57
9/6/2011,2.4,88.06,26.06,0.7,4.76,99.64
9/7/2011,1.43,85.75,25.78,0.7,4.22,99.65
9/8/2011,1.29,84.17,26.48,0.69,4.96,99.56
9/9/2011,9.19,83.87,26.39,0.69,5.82,99.61
9/10/2011,12.26,86.3,26.3,0.7,7.09,99.61
9/11/2011,9.31,88.99,25.76,0.7,7.29,99.5
9/12/2011,25.19,89.92,25.65,0.71,7.62,99.43
9/13/2011,14.17,86.52,25.45,0.73,7.15,99.47
9/14/2011,6.69,85.83,25.82,0.73,6.42,99.48
9/15/2011,8.4,87.73,25.9,0.73,6.07,99.51
9/16/2011,6.37,88.49,26.01,0.73,5.39,99.58
9/17/2011,2.09,88.35,25.99,0.73,4.68,99.57
9/18/2011,1.24,87.81,26.01,0.73,4.14,99.64
9/19/2011,0.05,84.59,26.34,0.72,4.56,99.72
9/20/2011,0.46,85.22,26.06,0.71,5.05,99.82
9/21/2011,4.4,87.13,26.25,0.71,5.65,99.71
9/22/2011,1.52,81.66,26.58,0.71,5.35,99.65
9/23/2011,0.34,82.38,26.74,0.7,4.74,99.56
9/24/2011,0.18,82.04,26.65,0.7,4.7,99.65
9/25/2011,0.28,83.42,26.62,0.69,4.63,99.74
9/26/2011,2.66,85.35,26.42,0.69,4.44,99.73
9/27/2011,1.13,85.23,26.39,0.68,4.23,99.6
9/28/2011,0.17,84.34,26.51,0.68,4.66,99.55
9/29/2011,0.4,82.14,26.52,0.67,4.19,99.53
9/30/2011,2.85,86.66,26.25,0.67,3.59,99.55
10/1/2011,1.18,84.94,26.38,0.67,3.89,99.56
10/2/2011,0.52,81.75,26.55,0.66,3.63,99.56
10/3/2011,1.32,83.2,26.59,0.66,4.04,99.54
10/4/2011,2.16,84.51,26.51,0.65,4.3,99.53
10/5/2011,0.79,84.54,26.51,0.65,3.98,99.63
10/6/2011,0.07,81.76,26.45,0.65,4.01,99.74
10/7/2011,0.1,80.57,26.33,0.64,4.24,99.74
10/8/2011,0.27,79.26,26.58,0.64,4.38,99.69
10/9/2011,3.64,81.14,26.36,0.63,4.33,99.68
10/10/2011,4.61,84.23,26.01,0.63,4.28,99.7
10/11/2011,5.99,82.41,26.43,0.63,4.45,99.69
10/12/2011,5.36,85.92,26.14,0.64,3.88,99.61
10/13/2011,2.73,86.44,26.27,0.64,3.08,99.49
10/14/2011,4.51,87.01,26.24,0.64,3.15,99.49
10/15/2011,8.3,86.15,26.46,0.64,3.65,99.46
10/16/2011,8.56,84.54,26.58,0.64,3.16,99.41
10/17/2011,13.66,84.57,26.33,0.65,3.79,99.51
10/18/2011,5.79,83.23,26.05,0.65,2.87,99.53
10/19/2011,8.74,84.32,26.38,0.65,2.72,99.44
10/20/2011,7.72,86.57,26.04,0.66,3.25,99.44
10/21/2011,13.91,85.34,26.43,0.66,2.68,99.4
10/22/2011,9.12,87.18,26.13,0.67,3.2,99.37
10/23/2011,15.03,84.02,26.04,0.68,1.95,99.44
10/24/2011,22.19,83.93,26.04,0.69,1.58,99.35
10/25/2011,29.8,83.7,25.91,0.72,1.47,99.33
10/26/2011,11.25,84.66,26.06,0.73,2.24,99.4
10/27/2011,19.54,87.2,25.95,0.74,2.39,99.44
10/28/2011,16.91,84.1,26.34,0.75,3.42,99.38
10/29/2011,11.51,82.31,26.18,0.76,1.25,99.31
10/30/2011,25.18,81.65,26.01,0.78,1.7,99.32
10/31/2011,14.56,86.03,25.7,0.79,2.75,99.38
11/1/2011,23.41,90.2,25.33,0.81,4.43,99.5
11/2/2011,10.32,85.94,25.6,0.82,3.37,99.52
11/3/2011,16.74,86.76,24.9,0.83,2.64,99.57
11/4/2011,1.27,82.9,25.16,0.83,2.22,99.63
11/5/2011,1.3,80.01,26.16,0.83,1.37,99.66
11/6/2011,6.39,85.05,25.91,0.83,1.99,99.67
11/7/2011,16.49,86.55,26,0.83,2.86,99.67
11/8/2011,5.23,83.36,26.48,0.84,4.56,99.64
11/9/2011,0.12,79.15,25.98,0.83,4.12,99.58
11/10/2011,0,68.78,26.16,0.82,2.89,99.65
11/11/2011,0.06,72.62,26.02,0.82,2.95,99.65
11/12/2011,0.2,74.15,26.14,0.81,2.27,99.65
11/13/2011,4.56,76.47,26.51,0.8,2.33,99.6
11/14/2011,2.21,76.77,26.22,0.8,3.2,99.62
11/15/2011,5.68,80.89,26.09,0.79,4.12,99.63
11/16/2011,3.85,81.83,26.48,0.79,3.12,99.56
11/17/2011,10.19,83.99,26.49,0.79,1.6,99.49
11/18/2011,9.79,82.2,26.83,0.79,2.91,99.5
11/19/2011,7.54,84.81,26.65,0.8,3.74,99.45
11/20/2011,14.84,86.17,26.59,0.8,3.36,99.48
11/21/2011,7.31,83.86,26.46,0.81,3.61,99.55
11/22/2011,9.72,87.3,26.23,0.81,5.61,99.44
11/23/2011,9.54,88.16,26.41,0.81,5.26,99.33
11/24/2011,25.46,88.59,26.64,0.82,4.33,99.19
11/25/2011,25.27,87.9,26.39,0.84,5.29,98.99
11/26/2011,8.48,87.38,26.01,0.85,6.76,99.21
11/27/2011,12.4,88.89,25.41,0.85,3.86,99.52
11/28/2011,4.59,83.3,25.93,0.86,2.7,99.53
11/29/2011,8.01,85.91,25.74,0.86,2.53,99.44
11/30/2011,19.81,84.65,26.48,0.86,2.52,99.41
12/1/2011,6.57,80.2,26.08,0.87,2.48,99.52
12/2/2011,2.21,77.75,26.49,0.87,1.57,99.51
12/3/2011,4.66,76.91,26.49,0.87,1.36,99.43
12/4/2011,0.34,74.95,26.22,0.86,2.21,99.48
12/5/2011,0.01,77.77,25.75,0.85,3.44,99.52
12/6/2011,0.14,83.74,25.91,0.85,4.93,99.5
12/7/2011,0.01,81.26,25.53,0.84,5.76,99.5
12/8/2011,0.62,81.96,25.91,0.83,3.97,99.48
12/9/2011,3.68,81.16,26.55,0.83,2.18,99.47
12/10/2011,6.82,84.19,26.39,0.83,2.16,99.51
12/11/2011,6.47,84.47,26.25,0.83,2.87,99.52
12/12/2011,21.78,85.86,25.98,0.83,2.82,99.54
12/13/2011,15.02,86,26.23,0.84,3.29,99.52
12/14/2011,3.65,86.37,25.88,0.85,4.14,99.57
12/15/2011,1.43,85.39,25.29,0.84,4.61,99.62
12/16/2011,2.56,82.93,25.4,0.84,4.81,99.62
12/17/2011,2.2,83.92,25.63,0.84,5.9,99.54
12/18/2011,5.07,89.31,25.73,0.83,5.99,99.49
12/19/2011,13.48,89.77,25.76,0.84,4.97,99.49
12/20/2011,6.43,90.39,25.55,0.85,5.95,99.42
12/21/2011,8.2,85.01,25.41,0.85,6.76,99.45
12/22/2011,4.45,85.79,24.54,0.85,6.41,99.5
12/23/2011,9.06,89.15,24.46,0.85,5.5,99.46
12/24/2011,2.29,85.51,25.04,0.85,5.98,99.41
12/25/2011,0.38,85.71,25.14,0.84,5.71,99.43
12/26/2011,0.04,86.9,24.74,0.84,5.21,99.54
12/27/2011,0.48,81.87,24.65,0.83,3.92,99.62
12/28/2011,0.04,80.37,24.44,0.82,2.56,99.64
12/29/2011,0,83.85,24.87,0.82,4.06,99.56
12/30/2011,0.04,80.22,25.3,0.81,4.1,99.59
12/31/2011,1.57,73.55,25.41,0.81,2.44,99.72
1/1/2012,0,66.95,24.92,0.8,1.54,99.72
1/2/2012,0,67.25,24.95,0.79,1.4,99.71
1/3/2012,0.01,77.89,25.29,0.79,3.08,99.65
1/4/2012,2.49,82.96,26.07,0.78,1.96,99.62
1/5/2012,9.4,85.38,26.26,0.78,3.37,99.73
1/6/2012,3.98,85.07,25.85,0.78,4.36,99.84
1/7/2012,14.34,82.3,26.2,0.78,2.78,99.88
1/8/2012,9.7,81.34,26.31,0.79,1.99,99.84
1/9/2012,17.78,81.28,26.37,0.79,2.7,99.77
1/10/2012,1.15,79.01,26.07,0.79,2.15,99.77
1/11/2012,1.41,79.4,26.09,0.79,2.59,99.79
1/12/2012,0.04,77.67,25.53,0.78,3.9,99.74
1/13/2012,0,79.61,24.62,0.77,5.92,99.78
1/14/2012,0.01,80.83,24.42,0.77,6.97,99.7
1/15/2012,0,77.89,23.13,0.76,6.62,99.61
1/16/2012,0.01,76.69,23.55,0.75,4.22,99.56
1/17/2012,0,73.64,24.14,0.74,2.78,99.52
1/18/2012,0,74.47,24.37,0.74,2.11,99.54
1/19/2012,0,71.88,25.09,0.73,1.53,99.54
1/20/2012,0.29,78.08,25.18,0.72,1.95,99.61
1/21/2012,1.06,79.02,25.03,0.72,2.72,99.63
1/22/2012,0.69,82.26,24.65,0.71,3.44,99.72
1/23/2012,0.16,80.72,24.46,0.71,4.8,99.73
1/24/2012,0.01,78.49,24.61,0.7,4.48,99.69
1/25/2012,0.03,77.07,24.91,0.7,4.13,99.65
1/26/2012,0.01,77.34,24.99,0.69,4.41,99.65
1/27/2012,0.76,79.57,25.22,0.68,3.54,99.63
1/28/2012,0.16,78.47,25.25,0.68,4.26,99.59
1/29/2012,0.03,77.39,25.07,0.67,4.16,99.59
1/30/2012,0.04,75.74,24.95,0.66,4.3,99.63
1/31/2012,0,77.83,25.46,0.66,4.26,99.7
2/1/2012,0.03,78.68,25.29,0.65,5.49,99.68
2/2/2012,0.14,80.26,25.65,0.65,5.39,99.67
2/3/2012,0.49,81.35,25.83,0.64,5.78,99.66
2/4/2012,1.34,82.04,26.14,0.64,5.42,99.62
2/5/2012,14.18,84.16,25.71,0.63,4.86,99.64
2/6/2012,4.97,79.77,25.49,0.64,3.56,99.6
2/7/2012,2.11,85.4,25.54,0.64,3.93,99.54
2/8/2012,1.76,82.95,26.3,0.64,1.95,99.5
2/9/2012,10,84.39,26.26,0.64,2.35,99.5
2/10/2012,2.84,83.34,26.26,0.65,2.13,99.57
2/11/2012,4.88,76.97,26.18,0.64,2.62,99.59
2/12/2012,2.52,74.02,25.14,0.64,3.31,99.64
2/13/2012,0.67,80.13,25.93,0.64,3.65,99.67
2/14/2012,22.55,84.98,25.45,0.64,2.96,99.73
2/15/2012,10.9,83.02,25.39,0.66,2.27,99.71
2/16/2012,4.77,76.64,26.5,0.66,2.23,99.48
2/17/2012,10.41,77.81,25.92,0.66,1.55,99.53
2/18/2012,0.3,75.69,25.92,0.66,3.71,99.61
2/19/2012,0.02,76.5,25.73,0.65,3.69,99.62
2/20/2012,0.55,77.42,26.16,0.65,3.35,99.56
2/21/2012,0.09,73.96,25.55,0.64,3.61,99.44
2/22/2012,0,72.99,25.45,0.64,2.92,99.41
2/23/2012,0,71.29,25.72,0.63,3.06,99.42
2/24/2012,0.01,70.38,25.56,0.63,2.86,99.4
2/25/2012,0,75.15,25.33,0.62,3.75,99.23
2/26/2012,0.83,76.24,26.63,0.62,2.86,99.19
2/27/2012,9.56,79.7,26.64,0.61,1.84,99.28
2/28/2012,11.05,86.52,25.55,0.62,2.21,99.4
2/29/2012,3.21,79.91,26.38,0.63,1.79,99.34
3/1/2012,0.94,77.98,27.21,0.62,2.33,99.38
3/2/2012,0.88,78.37,27.16,0.62,2.05,99.38
3/3/2012,0.56,80.18,26.86,0.61,2.48,99.42
3/4/2012,0.34,78.55,27.12,0.61,2.38,99.45
3/5/2012,1.7,78.65,26.76,0.6,2.41,99.55
3/6/2012,1.54,77.65,26.86,0.6,2.35,99.52
3/7/2012,1.19,80.07,26.49,0.6,2.66,99.39
3/8/2012,0.22,81.42,26.51,0.59,4.01,99.4
3/9/2012,0,77.14,26.95,0.59,3.54,99.32
3/10/2012,7.98,78.14,27.07,0.59,2.29,99.26
3/11/2012,3.41,72.05,27.13,0.59,1.33,99.34
3/12/2012,3.51,77.78,26.82,0.59,1.95,99.56
3/13/2012,8.01,82.24,27.09,0.59,2.2,99.61
3/14/2012,10.2,78.38,27.54,0.59,2.3,99.66
3/15/2012,27.59,82.4,27.08,0.61,1.59,99.71
3/16/2012,11.5,80.55,27.1,0.62,1.88,99.73
3/17/2012,5.93,78.93,27.35,0.63,1.35,99.69
3/18/2012,0.31,75.01,27.32,0.62,1.79,99.7
3/19/2012,0.09,79.64,26.99,0.62,2.27,99.75
3/20/2012,0.01,74.5,27.24,0.61,2.16,99.7
3/21/2012,0.04,76.88,26.81,0.6,2.85,99.68
3/22/2012,0.03,78.41,26.65,0.6,2.78,99.69
3/23/2012,0.03,72.89,27.24,0.59,1.6,99.71
3/24/2012,0.03,65.48,27.16,0.59,1.54,99.67
3/25/2012,0.04,62.18,26.98,0.58,1.67,99.68
3/26/2012,1.16,69.09,26.78,0.58,1.82,99.72
3/27/2012,3.09,71.21,27.06,0.57,1.84,99.79
3/28/2012,8.98,74.32,27.73,0.57,1.29,99.88
3/29/2012,18.03,79.87,27.27,0.58,2.05,99.86
3/30/2012,11.41,84.86,26.58,0.59,2.89,99.75
3/31/2012,4.96,80.68,27.25,0.6,2.26,99.7
4/1/2012,7.85,80.72,27.09,0.6,1.96,99.68
4/2/2012,5.72,81.17,27.23,0.6,2.41,99.79
4/3/2012,2.71,81.67,26.87,0.6,1.89,99.9
4/4/2012,6.5,81.14,26.98,0.6,2.85,99.87
4/5/2012,0.85,81.41,26.87,0.6,3,99.68
4/6/2012,2.57,80.33,27.07,0.59,3.01,99.59
4/7/2012,8.09,82.46,27.2,0.59,2.83,99.52
4/8/2012,10.65,84.87,26.57,0.6,2.48,99.52
4/9/2012,13.52,86.62,26.07,0.6,2.53,99.62
4/10/2012,13.46,83.92,26.66,0.62,2.96,99.65
4/11/2012,24.27,82.45,27.19,0.63,2.38,99.54
4/12/2012,15.68,84.93,26.65,0.65,2.48,99.51
4/13/2012,7.75,78.17,27.68,0.65,1.84,99.45
4/14/2012,33.22,81.48,27.65,0.67,1.79,99.52
4/15/2012,25.67,86.65,26.53,0.7,3,99.57
4/16/2012,16.56,84.24,26.38,0.71,2.51,99.53
4/17/2012,9.65,84.51,26.36,0.72,2.61,99.43
4/18/2012,7.3,82.35,26.53,0.72,3.84,99.41
4/19/2012,5.57,78.78,27.3,0.72,2.41,99.43
4/20/2012,12.32,82.74,27.17,0.73,2.64,99.56
4/21/2012,6.02,79.2,27.61,0.73,2.65,99.43
4/22/2012,18.33,86.34,27.15,0.74,4.31,99.27
4/23/2012,25.79,86.73,27.19,0.75,4.61,99.26
4/24/2012,25.61,88.56,26.65,0.78,4.95,99.37
4/25/2012,7.59,88.15,26.67,0.78,5.54,99.37
4/26/2012,8.23,86.33,27.09,0.79,4.64,99.44
4/27/2012,3.46,86.42,27.24,0.79,5.77,99.51
4/28/2012,2.92,85.16,27.29,0.78,5.37,99.49
4/29/2012,14.16,87.11,27.51,0.78,5.09,99.41
4/30/2012,19.78,85.78,27.3,0.8,5.43,99.36
5/1/2012,1.5,82.62,27.21,0.8,4.91,99.47
5/2/2012,0.48,80.36,27.02,0.79,4.74,99.57
5/3/2012,0.01,79.35,26.44,0.78,5.24,99.54
5/4/2012,0,80.88,26.34,0.78,5.46,99.46
5/5/2012,0.04,81.58,26.75,0.77,5.9,99.52
5/6/2012,0.82,82.48,27.1,0.76,4.95,99.52
5/7/2012,0.83,83.09,27.48,0.76,3.95,99.4
5/8/2012,0.11,83.76,27.28,0.75,4.33,99.42
5/9/2012,1.32,81.97,27.01,0.74,4.35,99.56
5/10/2012,2.19,82.73,26.64,0.74,3.93,99.64
5/11/2012,1.86,84.23,26.88,0.73,4.78,99.54
5/12/2012,1.17,81.5,26.85,0.73,4.94,99.46
5/13/2012,0.7,82.13,26.82,0.72,4.32,99.43
5/14/2012,0.47,83.45,27.18,0.71,4.69,99.47
5/15/2012,0.09,80.33,27.17,0.71,4.92,99.58
5/16/2012,0.14,81.59,27.04,0.7,4.91,99.47
5/17/2012,0.03,81.44,26.99,0.69,4.74,99.38
5/18/2012,0.24,83.38,27.41,0.69,4.5,99.39
5/19/2012,0.44,85.96,27.55,0.68,5.19,99.47
5/20/2012,0.83,88.84,27.6,0.68,6.27,99.4
5/21/2012,3.91,83.16,26.79,0.68,5.69,99.52
5/22/2012,2.88,87.21,26.29,0.68,5.7,99.53
5/23/2012,1.65,83.2,26.94,0.67,6.34,99.53
5/24/2012,13.82,85.64,27.05,0.67,7.3,99.47
5/25/2012,20.22,87.72,26.93,0.69,7.17,99.45
5/26/2012,15.13,91.27,26.4,0.71,6.52,99.51
5/27/2012,10.59,88.66,26.2,0.71,7.38,99.47
5/28/2012,7.02,84.62,26.8,0.72,6.71,99.47
5/29/2012,4.44,85.44,26.89,0.72,6.98,99.51
5/30/2012,3.62,86.56,26.8,0.72,6.46,99.45
5/31/2012,1.85,88.58,27,0.72,6.97,99.32
6/1/2012,1.25,88.06,26.91,0.71,6.66,99.33
6/2/2012,1.93,89.34,27.02,0.71,6.36,99.37
6/3/2012,4.34,89.46,27.28,0.71,7.16,99.34
6/4/2012,4.01,86.8,27.21,0.71,6.42,99.43
6/5/2012,6.65,84.8,27.16,0.71,6.67,99.45
6/6/2012,11.06,86.23,26.94,0.72,6.61,99.39
6/7/2012,5.7,86.55,26.84,0.72,6.27,99.35
6/8/2012,3.43,87.96,26.86,0.72,5.67,99.45
6/9/2012,2.25,87.2,27.08,0.72,6.22,99.47
6/10/2012,1.39,85.84,27.13,0.72,6.52,99.45
6/11/2012,1.27,84.62,27.04,0.71,6,99.38
6/12/2012,5.8,85.06,26.88,0.71,5.69,99.37
6/13/2012,8.81,85.41,26.39,0.71,5.63,99.47
6/14/2012,12.4,88.25,25.82,0.72,6.06,99.53
6/15/2012,1.58,87.02,26.19,0.72,5.56,99.51
6/16/2012,3.01,85.94,26.74,0.72,6.33,99.46
6/17/2012,4.32,84.63,26.74,0.72,6.77,99.56
6/18/2012,3.32,86.12,26.03,0.72,5.25,99.72
6/19/2012,3.59,86.03,26.16,0.72,5.74,99.68
6/20/2012,4.29,86.07,26.18,0.71,6.28,99.58
6/21/2012,2.89,86.06,26,0.71,5.49,99.61
6/22/2012,2.13,87.73,26.05,0.71,4.98,99.58
6/23/2012,3.87,86.06,26.36,0.71,5.75,99.5
6/24/2012,6.55,87.36,26.29,0.71,5.67,99.47
6/25/2012,5.23,86.3,26.27,0.71,5.14,99.59
6/26/2012,4.5,85.85,26.13,0.71,5.41,99.67
6/27/2012,4.9,88.45,25.87,0.71,4.69,99.63
6/28/2012,5.93,89.2,25.26,0.71,5.93,99.62
6/29/2012,2.92,86.74,25.87,0.71,5.09,99.52
6/30/2012,4.13,89.1,25.8,0.71,5.57,99.43
7/1/2012,8.47,85.8,25.92,0.71,6.52,99.33
7/2/2012,14.34,86.13,26.01,0.72,6.56,99.3
7/3/2012,5.64,86.23,26.21,0.72,6.35,99.28
7/4/2012,2.48,86.28,26.53,0.72,5.92,99.21
7/5/2012,1.25,84.98,26.6,0.72,5.54,99.31
7/6/2012,1.57,84.65,26.45,0.71,5.87,99.34
7/7/2012,3.3,87.74,26.37,0.71,6.35,99.23
7/8/2012,7.11,86.26,26.51,0.71,6.76,99.25
7/9/2012,14.89,86.43,25.91,0.71,7.48,99.34
7/10/2012,6.61,82.77,26.35,0.72,6.74,99.4
7/11/2012,0.76,81.05,26.66,0.71,5.91,99.4
7/12/2012,0.16,82.07,26.88,0.71,5.58,99.4
7/13/2012,2.96,85.45,26.64,0.7,5.3,99.33
7/14/2012,5.9,87.85,26.32,0.7,4.96,99.29
7/15/2012,2.12,89.89,26.13,0.7,3.82,99.35
7/16/2012,0.66,90.24,26,0.7,3.35,99.46
7/17/2012,0.92,89.08,25.9,0.7,3.92,99.58
7/18/2012,1.81,89.45,26.15,0.7,4.92,99.65
7/19/2012,0.38,87.37,26.26,0.69,5.39,99.61
7/20/2012,0.03,84.35,26.52,0.69,5.74,99.53
7/21/2012,0.09,85.76,26.6,0.68,5.59,99.55
7/22/2012,1.43,89.04,26.21,0.68,6,99.5
7/23/2012,3.04,86.98,26.28,0.67,6.02,99.41
7/24/2012,0.65,89.11,26.23,0.67,5.38,99.35
7/25/2012,0.9,91.03,26.1,0.67,5.69,99.43
7/26/2012,0.14,89.27,26.16,0.66,5.66,99.45
7/27/2012,0,88.68,25.83,0.66,4.78,99.39
7/28/2012,0.01,86.43,26.09,0.66,5.17,99.47
7/29/2012,0.02,85.22,26.42,0.65,4.92,99.62
7/30/2012,0.07,86.61,26.34,0.65,4.53,99.68
7/31/2012,0.31,86.62,26.36,0.64,4.33,99.65
8/1/2012,0.24,85.22,26.26,0.64,4.21,99.66
8/2/2012,0.03,83.67,26.16,0.63,5,99.69
8/3/2012,0.1,84.3,26.34,0.63,5.33,99.64
8/4/2012,1.21,84.72,26.4,0.63,5.32,99.55
8/5/2012,2.71,86.6,26.26,0.63,5,99.56
8/6/2012,2.45,85.81,26.3,0.62,5.55,99.62
8/7/2012,3.67,85.29,26.37,0.62,4.99,99.63
8/8/2012,2.86,84.85,26.59,0.62,5.04,99.63
8/9/2012,3.46,83.35,26.52,0.62,5.05,99.57
8/10/2012,7.89,84.65,26.45,0.62,5.61,99.52
8/11/2012,8.43,86.47,26.06,0.63,5.86,99.66
8/12/2012,4.05,85.63,25.79,0.63,5.39,99.67
8/13/2012,2.89,86.31,26.16,0.63,4.44,99.56
8/14/2012,4.26,85.23,26.34,0.63,4.89,99.57
8/15/2012,9.28,83.07,26.68,0.63,5.29,99.61
8/16/2012,15.98,85.61,26.31,0.64,5.53,99.54
8/17/2012,10.18,88.27,25.77,0.65,6.12,99.51
8/18/2012,2.91,81.71,26.12,0.65,7.12,99.5
8/19/2012,0.88,80,26.28,0.64,5.58,99.41
8/20/2012,1.55,83.26,26.33,0.64,5.31,99.4
8/21/2012,5.43,83.9,26.25,0.64,4.86,99.48
8/22/2012,4.44,85.65,25.9,0.64,4.8,99.54
8/23/2012,8.89,84.59,26.06,0.64,4.77,99.56
8/24/2012,8.99,86.22,25.48,0.64,5.4,99.59
8/25/2012,8.86,83.68,26.17,0.64,6.54,99.57
8/26/2012,6.87,84.2,26.32,0.65,6.07,99.56
8/27/2012,6.77,86.12,26.3,0.65,5.99,99.57
8/28/2012,3.06,85.19,26.25,0.65,5.59,99.61
8/29/2012,14.28,87.05,26.49,0.65,6.55,99.64
8/30/2012,8.38,86.87,25.97,0.66,5.41,99.66
8/31/2012,10.19,84.47,25.72,0.67,5.38,99.63
9/1/2012,8.43,85.88,25.82,0.67,4.85,99.59
9/2/2012,7.23,85.94,26.19,0.67,5.01,99.56
9/3/2012,13.71,88.6,26.38,0.68,5.61,99.5
9/4/2012,9.39,81.05,25.93,0.69,6.7,99.63
9/5/2012,0.54,80.12,26.68,0.69,4.35,99.54
9/6/2012,8.91,87.15,26.38,0.68,4.85,99.6
9/7/2012,16.31,89.34,25.82,0.7,4.62,99.67
9/8/2012,7.19,84.35,25.94,0.7,3.95,99.65
9/9/2012,5.12,85.62,25.84,0.7,5.27,99.71
9/10/2012,3.98,85.61,26.02,0.7,5.83,99.7
9/11/2012,1.76,84.6,25.92,0.7,5.24,99.68
9/12/2012,1.38,86.74,26.36,0.7,5.03,99.69
9/13/2012,2.21,87.09,26.5,0.7,5.03,99.7
9/14/2012,2.91,86.01,26.48,0.69,5.72,99.66
9/15/2012,5.32,83.73,26.47,0.69,5.94,99.6
9/16/2012,3.66,84.8,26.46,0.69,4.94,99.58
9/17/2012,4.12,87.56,26.57,0.69,4.99,99.57
9/18/2012,1.89,85.89,26.26,0.69,5.72,99.61
9/19/2012,1.7,84.51,26.44,0.69,4.79,99.49
9/20/2012,4.2,86.6,26.31,0.69,5.09,99.59
9/21/2012,6.2,83.15,26.29,0.69,4.93,99.62
9/22/2012,14.02,87.6,26.16,0.69,4.79,99.65
9/23/2012,19.01,87.15,25.66,0.71,5.32,99.68
9/24/2012,10.25,87.35,25.91,0.71,5.63,99.63
9/25/2012,6.65,84.95,26.04,0.72,4.5,99.61
9/26/2012,1.91,85.62,26.4,0.72,4.68,99.71
9/27/2012,2.46,84.68,26.2,0.71,4.72,99.74
9/28/2012,2.85,85.16,26.19,0.71,4.61,99.67
9/29/2012,1.52,84.35,26.51,0.71,4.92,99.57
9/30/2012,0.53,84.97,26.59,0.71,5.27,99.59
10/1/2012,1.2,85.95,26.39,0.7,4.65,99.65
10/2/2012,0.43,82.8,26.48,0.7,4.78,99.72
10/3/2012,0.21,84.17,26.44,0.69,4.54,99.71
10/4/2012,0.22,84.29,26.64,0.69,4.28,99.64
10/5/2012,0.18,82.55,26.54,0.68,3.48,99.67
10/6/2012,3.36,81.81,26.82,0.68,3.58,99.72
10/7/2012,6.48,82.78,26.77,0.68,3.36,99.71
10/8/2012,6.79,83.92,26.67,0.68,3.09,99.57
10/9/2012,21.91,85.18,26.3,0.68,3.79,99.47
10/10/2012,12.85,80.46,25.66,0.7,3.09,99.54
10/11/2012,4.4,82.06,26.39,0.7,3.4,99.54
10/12/2012,8.41,79.45,26.8,0.7,3.46,99.57
10/13/2012,8.66,84.09,26.59,0.7,3.63,99.6
10/14/2012,14.58,87.22,26.11,0.7,4.36,99.69
10/15/2012,17.39,89.18,25.3,0.72,3.93,99.86
10/16/2012,17.86,89.41,24.77,0.73,3.04,99.9
10/17/2012,11.74,87.52,25.2,0.74,3.42,99.74
10/18/2012,18.83,83.59,25.93,0.75,2.22,99.57
10/19/2012,30.54,86.99,25.36,0.77,2.62,99.55
10/20/2012,17.21,87.61,25.55,0.79,2.55,99.55
10/21/2012,12.94,83.53,26.5,0.79,1.6,99.56
10/22/2012,20.51,86.02,26.34,0.81,1.82,99.56
10/23/2012,27.38,82.93,26.36,0.82,2.02,99.49
10/24/2012,20.14,83,26.3,0.84,1.38,99.47
10/25/2012,13.91,79.51,27.14,0.85,1.35,99.45
10/26/2012,9.99,84.76,26.36,0.85,2.18,99.41
10/27/2012,22.88,88.8,25.93,0.86,2.11,99.36
10/28/2012,21.02,91.81,25.99,0.87,3.83,99.29
10/29/2012,59.13,91.49,25.82,0.9,7.61,99.31
10/30/2012,15.18,87.77,25.37,0.92,6.04,99.33
10/31/2012,62.65,90.07,25.68,0.93,7.46,99.27
11/1/2012,39.77,87.02,25.98,0.95,6.86,99.49
11/2/2012,10.51,85.82,26.02,0.96,4.02,99.59
11/3/2012,1.02,86.55,26.09,0.95,3.8,99.63
11/4/2012,2.22,84.42,26.41,0.95,2.58,99.57
11/5/2012,7.31,85.69,26.15,0.94,2.91,99.53
11/6/2012,14.89,79.57,25.7,0.94,1.61,99.58
11/7/2012,13.76,84.18,25.65,0.94,2.5,99.58
11/8/2012,14.64,90.43,25.68,0.95,2.7,99.5
11/9/2012,19.9,83.37,26.56,0.95,1.88,99.56
11/10/2012,13.71,84.29,26.46,0.95,1.42,99.66
11/11/2012,10.28,83.66,26.11,0.95,2.18,99.69
11/12/2012,2.45,82.97,26.18,0.95,3.52,99.63
11/13/2012,5.22,82.44,26.13,0.94,3.39,99.64
11/14/2012,3.16,87.2,25.99,0.94,5.21,99.47
11/15/2012,6.06,85.77,26.07,0.93,5.04,99.51
11/16/2012,7.12,86.57,25.75,0.93,3.99,99.67
11/17/2012,1.14,81.93,26.11,0.93,3.61,99.64
11/18/2012,3.82,79.13,26.2,0.92,2.45,99.58
11/19/2012,0.6,74.98,26.48,0.92,1.64,99.56
11/20/2012,0.55,72.31,26.91,0.91,1.8,99.61
11/21/2012,0.18,71.07,27.21,0.9,1.32,99.59
11/22/2012,5.24,76.71,27.17,0.9,1.42,99.56
11/23/2012,13.94,87.69,26.14,0.9,2.15,99.55
11/24/2012,24.02,83.01,26.28,0.91,2.43,99.58
11/25/2012,21.41,84.2,26.25,0.92,2.6,99.62
11/26/2012,16.98,86.13,26.38,0.92,2.94,99.59
11/27/2012,36.02,87.67,25.63,0.93,3.23,99.64
11/28/2012,3.38,87.94,25.61,0.93,4.79,99.61
11/29/2012,1.03,84.85,25.65,0.93,4.37,99.54
11/30/2012,0.28,81.4,25.16,0.92,4.06,99.66
12/1/2012,0.03,79.26,24.46,0.91,4.2,99.63
12/2/2012,0.03,76.7,24.44,0.91,3.81,99.66
12/3/2012,1.52,86.28,25.06,0.9,3.21,99.51
12/4/2012,8.89,87.35,26.01,0.9,2.52,99.44
12/5/2012,4.47,83.68,26.49,0.9,2.13,99.46
12/6/2012,5.04,85.12,26.06,0.89,2.75,99.57
12/7/2012,6,83.94,26.16,0.89,2.86,99.61
12/8/2012,1.93,84.46,25.81,0.89,2.77,99.67
12/9/2012,4.82,78.26,26.32,0.89,1.75,99.62
12/10/2012,0.63,79.25,26.13,0.89,2.25,99.63
12/11/2012,0,80.26,25.69,0.88,2.55,99.66
12/12/2012,0,78.3,25.71,0.87,2.25,99.68
12/13/2012,0.01,79.64,25.11,0.86,3.77,99.74
12/14/2012,0.12,80.38,24.42,0.86,4.66,99.82
12/15/2012,5.47,88.07,24.96,0.85,5.1,99.75
12/16/2012,37.09,86.8,25.09,0.86,6.54,99.67
12/17/2012,80.71,89.94,24.68,0.89,7.76,99.51
12/18/2012,20.57,89.48,25.26,0.91,4.96,99.55
12/19/2012,4.52,86.39,25.19,0.92,3.53,99.56
12/20/2012,4.93,85.61,25.48,0.92,3.48,99.47
12/21/2012,7.55,84.91,25.73,0.91,3.18,99.47
12/22/2012,20.52,92.69,24.94,0.92,5.64,99.45
12/23/2012,3.68,89.83,25.32,0.92,5.01,99.5
12/24/2012,7.43,87.76,25.89,0.92,4.36,99.44
12/25/2012,18.59,88.24,26.08,0.92,3.41,99.33
12/26/2012,11.66,90.78,26.08,0.93,4.29,99.28
12/27/2012,22.87,90.76,26.13,0.93,3.56,99.18
12/28/2012,13.67,88.62,25.99,0.94,2.32,99.19
12/29/2012,3.5,87.53,26.58,0.94,2.6,99.2
12/30/2012,4.34,86.13,26.76,0.93,2.62,99.37
12/31/2012,3.74,83.07,26.43,0.93,2.47,99.44
1/1/2013,0.22,85.13,25.84,0.93,3.99,99.57
1/2/2013,1.09,86.19,25.5,0.92,4.25,99.65
1/3/2013,13.42,86.26,25.69,0.92,4.75,99.68
1/4/2013,8.79,86.31,25.15,0.92,5.74,99.65
1/5/2013,2.6,86.88,24.25,0.92,5.79,99.5
1/6/2013,1.65,88.09,25.43,0.91,4.52,99.47
1/7/2013,27.41,93.04,25.29,0.91,4.66,99.46
1/8/2013,20.52,87.72,25.88,0.93,3.61,99.58
1/9/2013,13.66,91.02,26.07,0.93,4.19,99.59
1/10/2013,21.99,91.35,25.71,0.93,5.41,99.55
1/11/2013,4.66,86.93,25.98,0.94,5.95,99.63
1/12/2013,0.12,84.92,25.12,0.93,5.8,99.78
1/13/2013,0.01,82.59,24.01,0.92,5.64,99.76
1/14/2013,0,80.37,24.02,0.91,4.46,99.7
1/15/2013,0.01,81.07,24.16,0.91,4.71,99.77
1/16/2013,0,80.95,23.85,0.9,5.33,99.81
1/17/2013,0,77.69,24.2,0.89,4.02,99.82
1/18/2013,0,78.74,24.04,0.88,3.94,99.85
1/19/2013,0,79.09,24.52,0.88,4.21,99.8
1/20/2013,1.35,84.25,25.22,0.87,3.83,99.78
1/21/2013,0.14,84,25.63,0.86,5.17,99.82
1/22/2013,0.27,84.67,25.41,0.85,5.61,99.83
1/23/2013,6.4,88.24,25.52,0.85,6.1,99.8
1/24/2013,9.41,90.01,25.05,0.85,5.14,99.77
1/25/2013,3.82,86.13,25.25,0.85,5.24,99.81
1/26/2013,0.31,82.85,25.43,0.84,5.37,99.82
1/27/2013,0.04,80.67,25.31,0.84,4.86,99.87
1/28/2013,0,80.5,24.78,0.83,4.88,99.83
1/29/2013,0,78.91,24.65,0.82,4.96,99.79
1/30/2013,0,78.65,24.47,0.81,4.97,99.8
1/31/2013,0,80.06,24.48,0.81,5.06,99.8
2/1/2013,0,83.42,25.08,0.8,5.39,99.76
2/2/2013,0.02,83.48,25.5,0.79,5.67,99.72
2/3/2013,0.02,81.8,25.63,0.78,4.85,99.72
2/4/2013,8.2,83.02,25.84,0.78,3.17,99.79
2/5/2013,2.14,82.55,26.27,0.78,1.3,99.85
2/6/2013,21.04,83.19,26.05,0.78,2.61,99.86
2/7/2013,7.95,81.62,26.19,0.79,3,99.7
2/8/2013,6.06,78.24,26.37,0.79,1.48,99.64
2/9/2013,12.84,80.63,26.15,0.79,2.48,99.58
2/10/2013,1.4,82.48,25.86,0.79,4.58,99.53
2/11/2013,6.62,85.65,25.25,0.79,4.94,99.5
2/12/2013,11.68,87.4,24.72,0.79,5.34,99.47
2/13/2013,33.19,85.16,25.55,0.81,4.22,99.47
2/14/2013,12.17,79.74,25.41,0.82,3.47,99.65
2/15/2013,0.54,80.59,25.65,0.82,2.52,99.67
2/16/2013,1.71,82.59,26.01,0.82,1.9,99.54
2/17/2013,1.6,80.49,26.67,0.81,1.6,99.51
2/18/2013,6.37,83.02,26.25,0.81,2.17,99.51
2/19/2013,18.53,81.46,26.8,0.81,2.26,99.59
2/20/2013,0.84,81.29,26.01,0.81,3.64,99.63
2/21/2013,0,80.52,25.46,0.8,4.78,99.69
2/22/2013,0,81.46,25.04,0.8,5.44,99.78
2/23/2013,0,77.82,24.92,0.79,4.28,99.88
2/24/2013,0,78.59,25.33,0.78,3.41,99.81
2/25/2013,0.09,78.43,25.75,0.77,3.39,99.82
2/26/2013,0,78.17,25.27,0.77,3.1,99.84
2/27/2013,0,78.44,25.25,0.76,4.07,99.76
2/28/2013,0.02,80.07,25.51,0.75,4.33,99.64
3/1/2013,0.19,79.02,25.78,0.74,3.98,99.61
3/2/2013,7.97,80.78,26.08,0.74,3.87,99.66
3/3/2013,1.38,80.17,25.96,0.73,4.73,99.65
3/4/2013,12.08,87.01,25.27,0.74,4.19,99.65
3/5/2013,5.63,81.06,26.67,0.74,2.67,99.57
3/6/2013,5.08,80.87,27.24,0.74,2.25,99.6
3/7/2013,4.31,83.61,26.86,0.74,2.87,99.67
3/8/2013,7.56,85.94,26.87,0.74,2.68,99.73
3/9/2013,5.53,81.51,26.95,0.74,2.34,99.75
3/10/2013,0.27,76.96,27.69,0.74,1.88,99.59
3/11/2013,8.43,78.9,27.49,0.73,1.36,99.68
3/12/2013,7.29,80.66,27.21,0.74,1.58,99.75
3/13/2013,2.16,76.51,27.19,0.73,1.55,99.76
3/14/2013,7.24,81.13,26.86,0.73,2.4,99.7
3/15/2013,13.3,85.45,26.57,0.73,2.22,99.72
3/16/2013,11.05,82.9,26.79,0.74,2.03,99.81
3/17/2013,2.23,76.04,27.49,0.74,1.92,99.75
3/18/2013,5.49,77.05,27.64,0.74,2,99.58
3/19/2013,3.51,79.2,27.32,0.74,1.33,99.59
3/20/2013,0.8,78.96,27.74,0.73,2.26,99.61
3/21/2013,0.3,77.49,27.59,0.73,1.51,99.55
3/22/2013,0.48,71.2,27.99,0.72,1.27,99.44
3/23/2013,5.47,81.07,26.94,0.72,2.41,99.51
3/24/2013,18.34,81.95,27.29,0.72,2.38,99.54
3/25/2013,13.61,78.66,26.97,0.73,1.45,99.55
3/26/2013,7.66,79.55,27.18,0.74,1.33,99.5
3/27/2013,2.54,80.95,27.67,0.74,1.74,99.5
3/28/2013,9.7,85.57,27.25,0.74,2.48,99.57
3/29/2013,10.99,88.45,26.82,0.75,2.92,99.56
3/30/2013,3.96,83.82,27.39,0.75,2.19,99.46
3/31/2013,1.65,84.73,27.42,0.75,2.42,99.48
4/1/2013,2.37,85.27,27.34,0.74,2.91,99.55
4/2/2013,2.09,80.75,27.66,0.74,2.09,99.58
4/3/2013,2.56,78.16,27.7,0.73,1.69,99.58
4/4/2013,4.32,84.03,27.23,0.73,3.56,99.55
4/5/2013,5.42,85.51,27.05,0.73,3.72,99.49
4/6/2013,2.43,81.68,27.61,0.73,3.8,99.4
4/7/2013,2.61,80.53,27.7,0.72,2.85,99.33
4/8/2013,2.44,80.14,28.04,0.72,2.31,99.4
4/9/2013,9.12,80.37,28.04,0.72,2.02,99.49
4/10/2013,15.75,87.92,26.69,0.73,3.39,99.53
4/11/2013,4.83,83.34,27.15,0.73,2.43,99.49
4/12/2013,5.4,78.06,28.15,0.73,1.72,99.48
4/13/2013,31.44,87.18,26.98,0.74,3.12,99.63
4/14/2013,7.26,73.63,27.43,0.75,2.14,99.65
4/15/2013,20.54,87.07,27.16,0.75,3.65,99.56
4/16/2013,10.18,86.4,27.47,0.77,4.05,99.45
4/17/2013,1.16,83.29,27.76,0.77,3.9,99.35
4/18/2013,0.59,82.65,27.82,0.76,3.76,99.39
4/19/2013,0.21,81.29,27.81,0.75,3.24,99.37
4/20/2013,0.39,83.82,27.33,0.75,3.49,99.41
4/21/2013,0.29,80.28,27.46,0.74,2.93,99.42
4/22/2013,5.74,80.38,27.54,0.73,3.16,99.49
4/23/2013,4.38,80.08,27.73,0.73,2.25,99.62
4/24/2013,8.3,81.77,27.8,0.73,2.07,99.66
4/25/2013,14.76,82.66,27.79,0.73,2.05,99.63
4/26/2013,6.91,86.26,27.04,0.74,2.53,99.6
4/27/2013,9.01,83.21,27.32,0.74,2.11,99.58
4/28/2013,6.59,85.77,27.46,0.75,3.41,99.5
4/29/2013,4.68,87.69,27.59,0.75,4.1,99.43
4/30/2013,5.86,86.95,27.45,0.75,3.13,99.43
5/1/2013,15.76,83.91,27.1,0.75,3.62,99.41
5/2/2013,16.35,87.07,26.91,0.76,4.32,99.35
5/3/2013,20.5,89.93,26.7,0.78,4.84,99.28
5/4/2013,13.52,88.21,26.79,0.79,3.58,99.26
5/5/2013,11.17,86.42,27.22,0.8,3.76,99.3
5/6/2013,26.24,89.72,27.22,0.81,4.44,99.27
5/7/2013,8.09,90.98,27.05,0.82,4.19,99.38
5/8/2013,5.45,89.18,27.05,0.82,5.04,99.43
5/9/2013,4.97,88.77,27.56,0.83,4.96,99.48
5/10/2013,4.36,87.02,28.11,0.83,4.32,99.45
5/11/2013,3.23,88.45,27.8,0.83,5.03,99.3
5/12/2013,6.68,81.77,27.77,0.82,5.56,99.31
5/13/2013,23.47,90.33,26.5,0.83,7.38,99.33
5/14/2013,25.31,88.52,26.48,0.85,6.73,99.27
5/15/2013,0.62,86.66,26.91,0.85,5.92,99.28
5/16/2013,0.78,86.46,27.21,0.84,4.91,99.35
5/17/2013,2.02,88.91,27.22,0.84,4.25,99.41
5/18/2013,2.16,87.42,27.15,0.83,4.61,99.45
5/19/2013,12.89,90.79,27.05,0.83,4.75,99.42
5/20/2013,19.97,89.51,26.86,0.84,6.2,99.51
5/21/2013,5.35,85.72,26.6,0.85,5.58,99.59
5/22/2013,3.34,87.99,26.71,0.84,6.41,99.58
5/23/2013,2.23,87.35,27.07,0.84,6.86,99.57
5/24/2013,2.86,87.25,27.22,0.84,7.12,99.54
5/25/2013,1.82,88.49,26.94,0.83,7.09,99.58
5/26/2013,0.72,88.03,26.74,0.83,6.16,99.53
5/27/2013,0.88,86.91,26.82,0.82,6.38,99.56
5/28/2013,1.87,86.88,26.72,0.82,6.54,99.58
5/29/2013,3.18,87.13,26.99,0.81,6.42,99.52
5/30/2013,11.02,89.78,26.94,0.81,6.89,99.42
5/31/2013,24.03,89.31,26.45,0.83,7.18,99.48
6/1/2013,18.86,87.22,26.31,0.84,6.61,99.46
6/2/2013,18.15,85.74,26.36,0.84,7.34,99.39
6/3/2013,10.68,86.32,26.52,0.85,7.02,99.33
6/4/2013,7.57,88.75,26.42,0.85,6.42,99.36
6/5/2013,7.58,91.85,26.34,0.85,5.93,99.4
6/6/2013,4.74,90.79,26.41,0.85,6.32,99.38
6/7/2013,11.58,90.03,26.36,0.85,6.33,99.4
6/8/2013,16.55,90.04,25.33,0.86,8.16,99.52
6/9/2013,7.03,88.12,25.99,0.86,5.78,99.48
6/10/2013,4.58,89.4,26.04,0.86,5.67,99.43
6/11/2013,12.53,89.21,26.38,0.86,6.87,99.38
6/12/2013,15.18,87.12,25.63,0.86,7.1,99.36
6/13/2013,11.42,88.48,25.85,0.86,6.93,99.25
6/14/2013,7.02,91.74,26.28,0.87,6.97,99.23
6/15/2013,7.88,90.19,26.21,0.86,7.18,99.3
6/16/2013,11.16,90.18,25.96,0.86,6.38,99.4
6/17/2013,15.87,91.27,25.34,0.87,5.48,99.49
6/18/2013,11.68,90.62,25.85,0.87,5.85,99.38
6/19/2013,9.21,89.99,25.99,0.88,6.29,99.43
6/20/2013,5.26,88.32,25.91,0.87,6.4,99.51
6/21/2013,9.16,90.38,25.97,0.87,6.6,99.5
6/22/2013,9.37,89.78,25.52,0.87,6.52,99.53
6/23/2013,8.29,90.2,25.79,0.87,6.94,99.43
6/24/2013,11.47,89.88,26.14,0.88,6.65,99.47
6/25/2013,11.99,88.82,26.11,0.88,5.95,99.64
6/26/2013,11.1,90.45,25.79,0.88,4.29,99.69
6/27/2013,3.51,90.64,25.78,0.88,3.98,99.65
6/28/2013,6.44,91.05,25.45,0.88,4.74,99.62
6/29/2013,5.7,88.46,25.68,0.88,4.18,99.63
6/30/2013,7.07,89.92,25.59,0.87,5.77,99.68
7/1/2013,5.37,88.43,25.56,0.87,5.77,99.54
7/2/2013,6.99,89.89,25.62,0.87,6.35,99.44
7/3/2013,4.29,88.72,25.78,0.87,6.45,99.5
7/4/2013,3.1,88.71,25.83,0.87,5.32,99.41
7/5/2013,4.68,89.31,25.81,0.86,5.78,99.34
7/6/2013,3.49,88.02,25.86,0.86,5.57,99.4
7/7/2013,5.23,88.38,25.68,0.86,6.46,99.5
7/8/2013,5.09,89.86,25.49,0.86,6.11,99.49
7/9/2013,7.69,90.48,25.3,0.86,6.09,99.44
7/10/2013,7.74,90.43,25.11,0.86,5.45,99.42
7/11/2013,2.98,89.58,25.2,0.86,4.78,99.48
7/12/2013,0.65,89.26,25.4,0.85,4.69,99.51
7/13/2013,0.85,89.33,25.38,0.85,4.71,99.52
7/14/2013,0.82,88.81,25.68,0.85,4.98,99.46
7/15/2013,3.58,89.33,25.94,0.84,6.07,99.45
7/16/2013,4.67,88.14,25.68,0.84,6.33,99.54
7/17/2013,5.93,90.66,25.65,0.84,5.29,99.55
7/18/2013,11.48,90.82,25.62,0.84,5.35,99.5
7/19/2013,2.73,88.67,25.73,0.84,5.5,99.46
7/20/2013,2.16,90.41,25.67,0.84,4.85,99.51
7/21/2013,4,88.71,25.69,0.84,5.36,99.42
7/22/2013,13.55,89.24,25.35,0.84,6.09,99.39
7/23/2013,9.47,89.48,25.32,0.84,5.18,99.48
7/24/2013,12.31,89.82,25.53,0.85,5.11,99.58
7/25/2013,15.26,89.41,25.47,0.85,5.03,99.63
7/26/2013,13.39,88.84,25.64,0.86,4.34,99.53
7/27/2013,6.44,88.53,25.77,0.86,3.87,99.58
7/28/2013,1.69,88.68,25.88,0.85,4.65,99.73
7/29/2013,0.99,90.54,25.66,0.85,5.52,99.71
7/30/2013,0.32,87.94,25.98,0.85,6.07,99.58
7/31/2013,0.52,89.91,25.99,0.84,5.68,99.45
8/1/2013,1.52,88.31,26.02,0.84,5.48,99.49
8/2/2013,4.87,88.24,25.83,0.84,6.08,99.55
8/3/2013,2.45,88.21,25.86,0.83,5.17,99.57
8/4/2013,10.87,89.97,25.21,0.83,6.84,99.54
8/5/2013,10.5,89.32,25.06,0.83,7.36,99.55
8/6/2013,1.27,88.56,25.23,0.83,6.61,99.53
8/7/2013,0.4,88.67,25.25,0.83,6.08,99.57
8/8/2013,0.58,90.03,25.23,0.82,5.89,99.55
8/9/2013,1.1,90.55,24.97,0.82,5.67,99.52
8/10/2013,1.16,91.22,25.15,0.81,5.19,99.49
8/11/2013,0.49,90.7,25.33,0.81,5.55,99.5
8/12/2013,1.23,90.14,25.43,0.81,5.65,99.43
8/13/2013,0.86,91.18,25.37,0.8,5.48,99.35
8/14/2013,0.68,90.58,25.46,0.8,5.21,99.39
8/15/2013,0.53,90.49,25.33,0.8,4.58,99.53
8/16/2013,0.39,88.68,25.42,0.79,5.11,99.53
8/17/2013,0.12,87.39,25.56,0.79,4.98,99.6
8/18/2013,0.78,87.71,25.46,0.78,4.82,99.66
8/19/2013,1.01,87.01,25.77,0.78,5.24,99.65
8/20/2013,0.49,86.08,25.89,0.77,5.22,99.62
8/21/2013,2.43,86.65,25.84,0.76,5.44,99.53
8/22/2013,1.32,87.95,25.96,0.76,5.14,99.51
8/23/2013,0.13,86.06,26.02,0.76,5.03,99.52
8/24/2013,0.13,85.67,26.12,0.75,5.6,99.52
8/25/2013,0.22,86.45,26.2,0.74,5.34,99.43
8/26/2013,0.42,87.57,26.04,0.74,5.54,99.42
8/27/2013,5.28,88.19,26.1,0.73,4.89,99.41
8/28/2013,6.78,90.35,25.67,0.74,4.43,99.49
8/29/2013,6.68,87.82,26.24,0.74,3.42,99.52
8/30/2013,7.07,89.21,25.88,0.74,3.2,99.44
8/31/2013,3.02,88.21,26.02,0.74,3.97,99.4
9/1/2013,6.19,89.78,25.41,0.74,4.22,99.5
9/2/2013,5.36,89.19,25.4,0.75,4.7,99.68
9/3/2013,3.55,87.86,25.46,0.74,5.12,99.69
9/4/2013,1.44,85.45,25.73,0.74,4.7,99.74
9/5/2013,10.8,86.21,25.47,0.74,5.25,99.71
9/6/2013,14.58,85.95,25.48,0.75,5.59,99.67
9/7/2013,21.83,86.59,25.45,0.76,5.19,99.64
9/8/2013,5.78,87.77,25.65,0.77,6.45,99.6
9/9/2013,5.07,85.45,25.62,0.77,6.81,99.63
9/10/2013,10.28,87.52,25.51,0.77,6.3,99.52
9/11/2013,21.03,86.96,25.55,0.77,7.31,99.47
9/12/2013,17.88,85.91,25.59,0.78,7.36,99.58
9/13/2013,10.68,86.33,25.71,0.79,6.55,99.63
9/14/2013,5.98,86.45,25.85,0.79,6.46,99.54
9/15/2013,4.62,86.86,26.05,0.79,6.05,99.46
9/16/2013,8.63,88.36,26.17,0.78,6.62,99.44
9/17/2013,17.68,88.86,25.83,0.79,7.4,99.45
9/18/2013,5.98,88.62,25.54,0.79,5.78,99.49
9/19/2013,3.71,90.06,26.19,0.79,5.99,99.37
9/20/2013,5.32,90.56,26.12,0.79,6.22,99.37
9/21/2013,0.94,88.61,26.21,0.79,5.79,99.46
9/22/2013,0.4,84.55,26.42,0.79,5.34,99.46
9/23/2013,0.11,87.38,26.05,0.78,4.29,99.44
9/24/2013,0,82.48,26.28,0.77,4.56,99.51
9/25/2013,0.01,85.35,26.24,0.77,4,99.65
9/26/2013,0.01,84.73,26.09,0.76,3.98,99.73
9/27/2013,0,84.8,26.19,0.75,3.94,99.76
9/28/2013,0.03,83.87,26.38,0.74,4.72,99.71
9/29/2013,0.09,84.71,26.09,0.74,5.19,99.58
9/30/2013,0.88,84.45,26.12,0.73,5.33,99.46
10/1/2013,3.3,85.57,26.27,0.73,5.39,99.45
10/2/2013,1.63,85.69,26.29,0.72,5.42,99.58
10/3/2013,2.33,85.71,26.07,0.72,5.17,99.67
10/4/2013,4.33,86.33,25.89,0.72,4.48,99.73
10/5/2013,2.63,85.03,25.92,0.72,3.95,99.71
10/6/2013,0.3,84.5,25.8,0.71,4.08,99.65
10/7/2013,1.24,85.13,26.09,0.71,4.29,99.68
10/8/2013,2.7,84,25.95,0.7,4.83,99.77
10/9/2013,5.89,84.65,26.16,0.7,4.69,99.76
10/10/2013,6.19,85.31,26.28,0.7,5.28,99.76
10/11/2013,8.04,87.17,26.04,0.7,5.39,99.69
10/12/2013,7.64,86.78,26.35,0.71,6.47,99.54
10/13/2013,3.85,85.18,26.41,0.71,4.85,99.57
10/14/2013,1.98,85.2,26.78,0.71,4.17,99.57
10/15/2013,0.97,86.32,26.6,0.7,4.44,99.62
10/16/2013,13.46,87.75,26.36,0.7,4.04,99.52
10/17/2013,9.59,89.07,25.97,0.72,3.52,99.51
10/18/2013,24,82.88,25.94,0.72,2.74,99.59
10/19/2013,32.93,89.52,24.99,0.75,4.53,99.67
10/20/2013,31.32,89.63,25.13,0.78,5.48,99.6
10/21/2013,10.36,87.44,25.84,0.79,5.41,99.39
10/22/2013,8.04,86.02,26.14,0.79,5.59,99.41
10/23/2013,2.69,87.49,26.28,0.79,4.95,99.48
10/24/2013,1.84,86.5,26.1,0.79,4.66,99.51
10/25/2013,2.66,88.95,26.04,0.78,4.64,99.49
10/26/2013,0.25,86.53,26.17,0.78,3.98,99.56
10/27/2013,2.34,88.44,26.02,0.78,4.29,99.68
10/28/2013,2.81,89.3,25.86,0.78,3.81,99.74
10/29/2013,1.57,87.82,26.13,0.77,3.01,99.77
10/30/2013,19.18,86.73,26.06,0.77,2.38,99.76
10/31/2013,14.08,90.25,25.08,0.79,2.8,99.75
11/1/2013,9.4,82.09,26.58,0.79,1.42,99.63
11/2/2013,15.62,84.49,26.5,0.8,1.65,99.55
11/3/2013,10.5,81.55,26.75,0.81,1.22,99.57
11/4/2013,8.82,81.73,26.4,0.81,1.48,99.7
11/5/2013,3.96,81.38,26.8,0.81,1.49,99.7
11/6/2013,5.58,78.79,26.66,0.81,1.78,99.7
11/7/2013,5.57,72.59,26.43,0.81,2.48,99.64
11/8/2013,2.03,75.56,26.3,0.8,3.48,99.53
11/9/2013,3.09,80.32,26.11,0.8,3.61,99.54
11/10/2013,8.37,81.57,26.58,0.8,2.38,99.51
11/11/2013,11.4,86.47,26.95,0.8,4.04,99.36
11/12/2013,5.26,81.57,26.8,0.8,4.18,99.43
11/13/2013,2.12,83.66,25.83,0.8,3.98,99.56
11/14/2013,2.37,84.78,25.89,0.79,3.8,99.6
11/15/2013,1.11,84.78,25.58,0.79,3.96,99.53
11/16/2013,4.46,82.35,25.79,0.79,2.7,99.52
11/17/2013,10.54,78.46,26.33,0.79,1.44,99.55
11/18/2013,5.88,81.26,26.19,0.79,1.93,99.62
11/19/2013,18.82,85.09,26.25,0.79,3.15,99.63
11/20/2013,1.52,79.08,26.41,0.8,3.39,99.49
11/21/2013,0.09,78.71,26.85,0.79,2.43,99.38
11/22/2013,6.56,80.03,27,0.79,2.29,99.43
11/23/2013,21.72,86.88,26.35,0.79,2.35,99.49
11/24/2013,8.87,90.35,25.6,0.81,2.34,99.6
11/25/2013,10.91,84.47,26.37,0.81,3.59,99.53
11/26/2013,6.39,83.3,26.22,0.81,3.01,99.48
11/27/2013,3.03,80.39,26.47,0.81,3.15,99.53
11/28/2013,0,75.55,26.14,0.8,1.81,99.66
11/29/2013,0.3,72.72,26.82,0.8,1.56,99.69
11/30/2013,19.41,81.67,25.85,0.8,3.75,99.64
12/1/2013,13.24,86.1,25.49,0.81,2.77,99.68
12/2/2013,10.44,85.3,24.89,0.82,4.72,99.67
12/3/2013,4.65,85.52,25.21,0.82,5.44,99.5
12/4/2013,4.77,86.89,25.93,0.82,5.04,99.39
12/5/2013,8.55,88.11,25.78,0.82,6.4,99.33
12/6/2013,1.4,86.22,25.75,0.82,5.92,99.37
12/7/2013,0.5,86.23,25.74,0.82,5.11,99.43
12/8/2013,4.65,86.14,25.85,0.81,4.17,99.46
12/9/2013,2.66,86.18,25.28,0.81,2.55,99.43
12/10/2013,0.01,77.01,25.65,0.81,1.49,99.4
12/11/2013,0,80.45,25.9,0.8,2.25,99.43
12/12/2013,3.28,82.75,25.9,0.8,2.36,99.33
12/13/2013,1.53,85.2,25.62,0.79,1.89,99.45
12/14/2013,3.71,85.31,25.79,0.79,2.94,99.52
12/15/2013,17.32,87.34,26.03,0.79,4.63,99.52
12/16/2013,1.37,83.96,24.9,0.8,6.18,99.58
12/17/2013,0.02,81.38,24.52,0.79,6.24,99.53
12/18/2013,0.19,84.49,25.46,0.79,5.48,99.45
12/19/2013,0.5,85.5,25.71,0.78,5.35,99.52
12/20/2013,1.46,85.84,25.7,0.78,5.49,99.65
12/21/2013,0.58,84.62,25.81,0.77,4.71,99.69
12/22/2013,0.01,79.48,25.18,0.77,5.23,99.76
12/23/2013,0.48,80.74,24.96,0.76,5.72,99.82
12/24/2013,2.56,83.99,25.55,0.75,6.14,99.8
12/25/2013,0.51,82.72,25.05,0.75,6.47,99.9
12/26/2013,0,79.14,24.08,0.74,5.47,99.9
12/27/2013,0.09,80.79,24.67,0.74,4.63,99.82
12/28/2013,0.17,81.3,24.76,0.73,4.05,99.83
12/29/2013,0.38,78.55,24.63,0.73,5.04,99.77
12/30/2013,0,79.97,25.15,0.72,4.95,99.74
12/31/2013,0.21,80.87,25.25,0.71,5.66,99.74
1/1/2014,0.07,79.64,24.9,0.71,5.59,99.69
1/2/2014,0.02,81.79,24.98,0.7,5.24,99.75
1/3/2014,1.98,85.32,24.91,0.7,4.9,99.8
1/4/2014,0.38,84.6,24.89,0.69,4.93,99.7
1/5/2014,0.21,84.13,24.42,0.69,4.35,99.63
1/6/2014,1.67,86.16,24.77,0.68,4.07,99.6
1/7/2014,5.76,86.59,25.69,0.68,2.21,99.55
1/8/2014,2.45,81.99,26.31,0.68,2.06,99.67
1/9/2014,12.19,83.56,25.73,0.68,4.29,99.68
1/10/2014,5.16,81.23,25.35,0.68,4.46,99.7
1/11/2014,0.59,78.77,25.32,0.68,3.76,99.79
1/12/2014,4.34,82.29,25.58,0.67,4.2,99.86
1/13/2014,2.61,90.3,24.99,0.67,4.92,99.8
1/14/2014,4.72,83.35,25.97,0.67,2.8,99.75
1/15/2014,8.92,86.39,25.5,0.67,3.06,99.83
1/16/2014,10.92,88.08,25.2,0.68,4.31,99.88
1/17/2014,1.18,81.07,25.37,0.68,5.36,99.83
1/18/2014,0.05,78.84,25.29,0.67,4.63,99.83
1/19/2014,0.06,79.61,24.98,0.67,4.63,99.97
1/20/2014,0,78.13,25.14,0.66,4.45,100
1/21/2014,0.01,80.23,25.52,0.65,5.69,99.92
1/22/2014,0.05,79.89,25.76,0.65,4.71,99.84
1/23/2014,0.02,77.78,25.65,0.64,4.03,99.85
1/24/2014,0,77.57,25.26,0.64,4.54,99.77
1/25/2014,0,75.41,24.48,0.63,5.42,99.72
1/26/2014,0,75.34,24.3,0.62,5.37,99.7
1/27/2014,0.12,75.81,24.98,0.62,5.88,99.69
1/28/2014,0.61,78.95,25.55,0.61,5.85,99.68
1/29/2014,2.25,80.39,25.63,0.61,5.94,99.71
1/30/2014,7.81,81.68,25.8,0.61,5.96,99.71
1/31/2014,1.9,81.42,25.84,0.61,5.14,99.7
2/1/2014,2.56,80.42,25.94,0.6,5.69,99.66
2/2/2014,0.31,77.83,25.63,0.6,5.57,99.6
2/3/2014,0,76.72,25.57,0.6,4.31,99.52
2/4/2014,0,73.85,25.19,0.59,4.27,99.44
2/5/2014,0,71,24.91,0.59,3.92,99.43
2/6/2014,0,69.84,24.09,0.58,4.25,99.46
2/7/2014,0,71.7,24.29,0.58,4.66,99.51
2/8/2014,0.04,70.8,24.84,0.57,3.44,99.47
2/9/2014,0.01,66.12,25.32,0.57,2.86,99.5
2/10/2014,0,64.3,25.47,0.56,1.97,99.53
2/11/2014,0,69.72,25.18,0.56,2.17,99.45
2/12/2014,0,73.63,25.06,0.55,2.02,99.51
2/13/2014,0,70.67,25.81,0.55,1.85,99.65
2/14/2014,0.08,70.67,26.45,0.54,1.76,99.66
2/15/2014,0.02,76.52,26.1,0.54,2.34,99.57
2/16/2014,0.14,78.86,26.11,0.54,2.57,99.63
2/17/2014,0.02,75.52,27.07,0.53,1.82,99.71
2/18/2014,0.17,70.9,27.68,0.53,2.67,99.78
2/19/2014,2.34,74.68,27.04,0.53,3.47,99.74
2/20/2014,2.09,76.17,27.21,0.52,3.12,99.69
2/21/2014,0.18,72.84,27.4,0.52,3.28,99.74
2/22/2014,0.16,69.52,27.69,0.52,3.18,99.72
2/23/2014,10.11,74.93,27.2,0.52,2.21,99.71
2/24/2014,2,75.32,27.42,0.52,2.55,99.67
2/25/2014,0.03,70.67,27.5,0.52,3.34,99.71
2/26/2014,0.23,71.3,27.53,0.51,2.83,99.73
2/27/2014,2.85,75.69,27.2,0.51,2.37,99.76
2/28/2014,0.91,71.38,27.31,0.51,1.88,99.73
3/1/2014,0.02,68.02,27.76,0.51,1.8,99.63
3/2/2014,2.03,72.83,26.69,0.5,1.57,99.64
3/3/2014,4.9,75.36,26.77,0.51,2.04,99.68
3/4/2014,3,76.28,26.85,0.51,1.56,99.72
3/5/2014,8.75,73.16,27.7,0.51,1.88,99.71
3/6/2014,6.73,70.58,27.82,0.51,1.93,99.65
3/7/2014,14.75,75.68,27.24,0.52,2.34,99.73
3/8/2014,1.09,74.24,27.53,0.52,3.18,99.76
3/9/2014,0.04,70.68,27.43,0.52,3.86,99.71
3/10/2014,0,67.99,27.57,0.52,2.76,99.7
3/11/2014,0,69.98,26.77,0.51,4.06,99.68
3/12/2014,0,69.74,27.07,0.51,3.54,99.71
3/13/2014,0,68.78,27.24,0.5,3.31,99.63
3/14/2014,0,63.61,27.15,0.5,2.83,99.7
3/15/2014,0,68.11,26.84,0.5,2.58,99.78
3/16/2014,0.5,71.91,27.41,0.49,4.27,99.82
3/17/2014,2.6,73.75,27.8,0.49,3.01,99.75
3/18/2014,5.63,73.72,28.02,0.49,3.52,99.71
3/19/2014,3.92,74.18,27.3,0.49,2.09,99.71
3/20/2014,2.01,70.81,28.04,0.49,1.73,99.63
3/21/2014,5.37,76.85,27.89,0.49,2.03,99.52
3/22/2014,1.84,77.85,27.78,0.5,2.12,99.43
3/23/2014,0.07,69.87,28.03,0.49,1.72,99.5
3/24/2014,0.33,67.19,28.29,0.49,1.69,99.58
3/25/2014,1.06,65.05,28.46,0.48,1.87,99.48
3/26/2014,0.04,68,28.17,0.48,2.14,99.44
3/27/2014,2.85,72.05,27.87,0.48,2.29,99.54
3/28/2014,3.64,72.15,28.41,0.48,2.2,99.57
3/29/2014,0.08,67.18,28.58,0.48,2.1,99.49
3/30/2014,0.19,68.92,27.75,0.47,2.27,99.52
3/31/2014,0.23,74.86,27.51,0.47,2.98,99.57
4/1/2014,0.41,76.19,28.03,0.47,3.43,99.48
4/2/2014,1.32,77.06,28.23,0.47,3.47,99.44
4/3/2014,2.59,73.09,28.86,0.47,1.99,99.46
4/4/2014,10.85,80.3,27.73,0.47,2.51,99.61
4/5/2014,13.94,74.29,27.53,0.48,1.88,99.64
4/6/2014,11.44,76.68,27.71,0.49,2.17,99.71
4/7/2014,11.11,75.36,28.09,0.5,2.85,99.78
4/8/2014,15.83,83.33,27.22,0.51,2.9,99.79
4/9/2014,4.54,83.3,27.02,0.52,3.11,99.75
4/10/2014,3.42,80.82,27.47,0.52,3.05,99.74
4/11/2014,2.57,81.98,27.36,0.52,3.09,99.7
4/12/2014,1.74,80.74,27.72,0.51,3.08,99.57
4/13/2014,2.01,80.6,27.81,0.51,2.49,99.61
4/14/2014,9.95,83.11,27.07,0.52,1.82,99.73
4/15/2014,2.67,78.87,27.36,0.52,2.05,99.71
4/16/2014,3.14,80.73,27.12,0.52,2.37,99.65
4/17/2014,4.4,81.32,27.49,0.52,3.1,99.54
4/18/2014,7.48,83.19,27.49,0.52,3.03,99.63
4/19/2014,3.81,82.73,27.65,0.53,1.73,99.58
4/20/2014,1.83,82.38,27.64,0.53,1.39,99.47
4/21/2014,8.25,83.63,27.37,0.53,1.52,99.48
4/22/2014,22.62,85.01,27.52,0.54,1.96,99.59
4/23/2014,7.44,85.15,27.23,0.56,2.89,99.6
4/24/2014,11.96,88.06,26.99,0.56,3.23,99.51
4/25/2014,8.14,87.39,27.24,0.57,3.46,99.56
4/26/2014,3.85,85.02,27.73,0.57,2.79,99.5
4/27/2014,8.53,88.14,27.16,0.58,3.14,99.54
4/28/2014,17.43,84.79,27.08,0.58,3.56,99.58
4/29/2014,37.01,87.29,26.45,0.61,2.91,99.58
4/30/2014,19.79,85.36,26.84,0.63,2.66,99.57
5/1/2014,6.36,82.46,26.92,0.64,1.88,99.51
5/2/2014,12.98,82.24,27.58,0.64,1.85,99.43
5/3/2014,15.94,89.65,26.66,0.65,3.54,99.4
5/4/2014,13.27,91.96,26.44,0.67,4.81,99.26
5/5/2014,19.37,90.51,26.59,0.68,5.63,99.34
5/6/2014,10.04,85.29,26.78,0.69,4.45,99.44
5/7/2014,11.58,86.53,26.53,0.7,5.33,99.5
5/8/2014,11.88,84.74,27.21,0.71,4.69,99.53
5/9/2014,10.57,88.61,27.1,0.71,4.18,99.48
5/10/2014,4.31,89.01,26.9,0.71,4.82,99.47
5/11/2014,1.94,87.28,27.3,0.71,3.59,99.58
5/12/2014,2.54,87.2,27.56,0.71,3.84,99.61
5/13/2014,2.3,85.53,27.28,0.71,4.66,99.62
5/14/2014,2.42,85.39,27.52,0.7,5.61,99.58
5/15/2014,2.27,85.42,27.6,0.7,5.3,99.45
5/16/2014,0.67,83.58,27.73,0.7,5.01,99.44
5/17/2014,0.1,82.97,27.63,0.69,4.4,99.5
5/18/2014,0.13,83.15,27.45,0.69,3.73,99.52
5/19/2014,1.07,83.55,27.18,0.68,3.75,99.53
5/20/2014,3.06,81.45,27.52,0.68,4.49,99.53
5/21/2014,4.06,84.31,27.25,0.67,5.54,99.53
5/22/2014,2.32,84.88,27.39,0.67,5.54,99.45
5/23/2014,1.17,87.74,27.66,0.67,5.72,99.4
5/24/2014,2.01,88.2,27.7,0.67,5.34,99.4
5/25/2014,2.69,87.32,26.87,0.67,5.43,99.48
5/26/2014,1.2,87.17,27.48,0.67,4.92,99.48
5/27/2014,2,88.01,27.5,0.66,4.59,99.46
5/28/2014,6.16,87.31,27.37,0.66,4.85,99.55
5/29/2014,6.25,86.91,27.04,0.66,4.83,99.62
5/30/2014,5.91,85.99,27.36,0.66,5.93,99.47
5/31/2014,6.32,87.5,27.49,0.66,6.36,99.34
6/1/2014,20.21,89.03,27.53,0.67,6.24,99.27
6/2/2014,30.63,87.25,27.34,0.69,5.96,99.33
6/3/2014,17.64,85.2,26.82,0.71,5.03,99.32
6/4/2014,8.95,84.86,26.93,0.72,5.58,99.27
6/5/2014,3.86,86.01,27.23,0.72,6.05,99.22
6/6/2014,2.95,87.55,27.2,0.71,7.12,99.2
6/7/2014,4.64,87.39,27.2,0.71,6.63,99.21
6/8/2014,8.23,86.39,26.86,0.71,6.24,99.23
6/9/2014,4.39,85.83,26.64,0.71,6.79,99.28
6/10/2014,0.89,85.42,26.77,0.71,5.23,99.35
6/11/2014,4.36,86.73,26.95,0.71,5.73,99.38
6/12/2014,21.23,89.62,26.94,0.71,6.14,99.31
6/13/2014,5.63,89.42,26.97,0.72,5.19,99.37
6/14/2014,0.54,90.56,26.99,0.72,4.71,99.44
6/15/2014,0.26,89.7,27.05,0.72,5.48,99.48
6/16/2014,0.1,88.7,26.99,0.71,5.79,99.51
6/17/2014,0.39,89.75,26.95,0.71,6.31,99.47
6/18/2014,1.46,90.76,26.69,0.7,6.27,99.42
6/19/2014,3.43,89.9,26.95,0.7,6.25,99.44
6/20/2014,2.67,90.35,26.84,0.7,5.92,99.51
6/21/2014,0.82,89.34,26.85,0.7,5.79,99.67
6/22/2014,0.49,88.17,26.76,0.7,5.79,99.76
6/23/2014,0.11,85.9,27.03,0.69,6,99.65
6/24/2014,2.58,86.25,26.9,0.68,6.61,99.44
6/25/2014,2.62,86.52,26.88,0.68,7.06,99.42
6/26/2014,0.18,88.28,26.69,0.68,5.43,99.52
6/27/2014,0.45,86.66,26.82,0.67,4.91,99.6
6/28/2014,2.37,86.58,26.8,0.67,5.85,99.62
6/29/2014,4.68,86.73,26.98,0.67,6.53,99.56
6/30/2014,7.52,85.89,26.77,0.67,7.15,99.54
7/1/2014,11.82,86.63,26.6,0.67,7.2,99.64
7/2/2014,2.76,85.56,26.72,0.67,5.51,99.58
7/3/2014,0.86,88.14,27.02,0.67,5.94,99.4
7/4/2014,1.55,88.33,26.76,0.67,6.04,99.32
7/5/2014,5.43,90.86,26.42,0.67,6.93,99.37
7/6/2014,4.36,89.72,26.13,0.67,5.55,99.48
7/7/2014,1.3,86.72,26.29,0.67,5.7,99.54
7/8/2014,1.46,86.9,26.42,0.66,6.12,99.49
7/9/2014,3.26,88.3,26.14,0.66,6.13,99.54
7/10/2014,4.64,88.24,25.91,0.66,6.15,99.66
7/11/2014,2.72,87.61,26.16,0.66,5.87,99.7
7/12/2014,1,89.07,26.07,0.66,6.13,99.6
7/13/2014,1.02,87.51,26.42,0.65,6.36,99.5
7/14/2014,3.04,89.35,26.2,0.65,6.25,99.46
7/15/2014,3.24,88.62,26.04,0.65,5.55,99.49
7/16/2014,0.87,87.22,26.43,0.65,5.25,99.55
7/17/2014,0.05,86.25,26.58,0.64,5.01,99.49
7/18/2014,0.22,86.25,26.69,0.64,5.45,99.5
7/19/2014,0.65,89.27,26.32,0.64,5.56,99.59
7/20/2014,0.29,87.05,26.32,0.63,5.67,99.64
7/21/2014,0.06,86.06,26.64,0.63,5.67,99.58
7/22/2014,0.87,87.45,26.31,0.62,5.45,99.6
7/23/2014,1.99,87.58,26.17,0.62,5.52,99.6
7/24/2014,0.22,87.14,26.53,0.62,5.32,99.6
7/25/2014,0.26,87.23,26.73,0.62,5.53,99.63
7/26/2014,1.56,86.88,26.75,0.61,6.07,99.7
7/27/2014,6.65,87.91,26.55,0.61,5.82,99.78
7/28/2014,7.3,88.7,26.35,0.62,6.17,99.67
7/29/2014,2.89,87.94,26.28,0.62,5.75,99.56
7/30/2014,0.57,84.37,26.55,0.61,6.08,99.58
7/31/2014,1.8,86.11,26.32,0.61,5.45,99.56
8/1/2014,14.02,88.12,26.38,0.61,5.87,99.53
8/2/2014,14.57,90.43,26.06,0.63,5.8,99.56
8/3/2014,7.82,88.49,26.13,0.63,6.23,99.55
8/4/2014,12.27,88.15,26.12,0.64,6.17,99.48
8/5/2014,6.87,88.88,25.98,0.64,5.27,99.55
8/6/2014,2.17,82.28,25.94,0.64,5.25,99.64
8/7/2014,1.95,82.79,26.05,0.64,4.24,99.54
8/8/2014,14.84,88.33,25.9,0.64,5.34,99.57
8/9/2014,0.73,82.84,26.22,0.65,4.28,99.65
8/10/2014,2.19,86.99,25.98,0.64,5.36,99.69
8/11/2014,6.76,88.62,25.26,0.64,6.24,99.67
8/12/2014,5.36,84.21,25.76,0.64,5.72,99.66
8/13/2014,2.01,84.85,25.52,0.64,5.15,99.69
8/14/2014,1.23,86.99,25.6,0.64,6.25,99.72
8/15/2014,4.43,83.86,25.67,0.64,6.61,99.72
8/16/2014,9.34,86.61,25.31,0.64,5.93,99.69
8/17/2014,8.84,83.94,25.42,0.65,4.64,99.63
8/18/2014,9.78,87.43,25.83,0.65,4.3,99.62
8/19/2014,8.67,89.87,25.72,0.66,4.57,99.63
8/20/2014,7.58,88.42,26.1,0.66,4.99,99.51
8/21/2014,10.9,88.37,25.87,0.66,5.43,99.34
8/22/2014,33.61,90.05,25.82,0.68,6.11,99.32
8/23/2014,8.73,88.23,25.82,0.7,6.35,99.51
8/24/2014,4.33,86.35,25.88,0.7,4.14,99.59
8/25/2014,1.14,87.91,25.96,0.7,4.03,99.65
8/26/2014,0.21,85.54,26.08,0.69,4.52,99.69
8/27/2014,0.12,83.93,25.94,0.69,4.93,99.58
8/28/2014,0.08,83.04,26.25,0.68,5.76,99.51
8/29/2014,0.47,85.47,26.41,0.68,5.69,99.46
8/30/2014,1.41,85.07,26.46,0.67,5.6,99.5
8/31/2014,2.93,84.75,26.61,0.67,5.48,99.45
9/1/2014,4.63,87.71,26.4,0.67,5.63,99.41
9/2/2014,9.1,88.27,26.4,0.67,5.05,99.52
9/3/2014,7.35,89.27,26.06,0.68,4.55,99.67
9/4/2014,2.27,87.71,25.72,0.68,3.94,99.7
9/5/2014,6.91,88.6,25.79,0.68,4.68,99.69
9/6/2014,4.24,86.9,25.56,0.68,5.18,99.71
9/7/2014,5,82.37,26.44,0.68,5.68,99.72
9/8/2014,5.99,83.69,26.28,0.68,5.75,99.76
9/9/2014,6.81,82.26,26.39,0.68,5.11,99.74
9/10/2014,6.41,85.86,26.13,0.68,5.05,99.64
9/11/2014,4.61,85.56,26.4,0.68,5.35,99.66
9/12/2014,2.37,85.33,26.43,0.68,5.87,99.74
9/13/2014,6.71,85.26,26.29,0.68,6.12,99.68
9/14/2014,11.9,86.07,26.27,0.68,6.37,99.63
9/15/2014,6.93,85.28,26.24,0.69,6.25,99.56
9/16/2014,5.46,87.05,26.26,0.69,6.07,99.47
9/17/2014,4.59,86.51,26.16,0.69,6.3,99.45
9/18/2014,2.26,86.86,26.41,0.69,6.2,99.52
9/19/2014,2.5,87.12,26.38,0.69,5.57,99.59
9/20/2014,0.44,84.63,26.51,0.68,5.41,99.52
9/21/2014,0.11,82.94,26.39,0.67,4.77,99.52
9/22/2014,0.44,83,26.52,0.67,4.67,99.58
9/23/2014,2.87,86.61,26.51,0.66,4.22,99.53
9/24/2014,7.94,88.02,26.55,0.67,4.43,99.5
9/25/2014,18.37,89.45,26.39,0.67,5.04,99.54
9/26/2014,17.49,86.91,26.19,0.68,4.8,99.68
9/27/2014,8.53,85.83,26.41,0.7,3.4,99.69
9/28/2014,9.83,86.18,26.59,0.7,3.2,99.65
9/29/2014,15.66,87.09,26.28,0.71,2.57,99.61
9/30/2014,30.37,89.71,25.95,0.72,2.93,99.6
10/1/2014,42.14,90.26,25.67,0.76,3.24,99.59
10/2/2014,7.63,83.02,26.48,0.77,1.04,99.65
10/3/2014,5.33,85.33,26.02,0.77,2.41,99.64
10/4/2014,3.65,86.68,25.82,0.77,3.16,99.73
10/5/2014,2.74,88.39,25.89,0.77,3.55,99.78
10/6/2014,5.51,90.24,26.07,0.77,4.52,99.72
10/7/2014,19.39,89.23,26.2,0.78,5.55,99.61
10/8/2014,17.92,84.96,26.3,0.79,4.72,99.6
10/9/2014,10.91,85.74,26.47,0.79,4.49,99.56
10/10/2014,9.18,88.92,26.47,0.8,5.77,99.52
10/11/2014,2.41,87.23,26.9,0.8,5.7,99.46
10/12/2014,1.36,86.82,26.81,0.79,5.42,99.45
10/13/2014,3.42,86.06,26.93,0.79,4.78,99.49
10/14/2014,4.93,85.82,26.71,0.79,4.03,99.58
10/15/2014,15.9,86.94,26.31,0.79,2.4,99.63
10/16/2014,22.12,89.57,25.92,0.8,1.98,99.58
10/17/2014,43.17,90.65,25.56,0.83,4.21,99.56
10/18/2014,19.56,88.34,25.4,0.85,5.61,99.6
10/19/2014,5.52,88.05,25.48,0.85,4.94,99.56
10/20/2014,13.42,89.1,25.61,0.85,3.5,99.58
10/21/2014,28.77,87.41,25.35,0.86,1.96,99.74
10/22/2014,29.41,83.94,26.14,0.88,2,99.77
10/23/2014,16.58,86.76,25.02,0.89,2.51,99.77
10/24/2014,11.24,83.55,26.04,0.89,1.8,99.66
10/25/2014,12.6,84.54,26.46,0.89,2.36,99.67
10/26/2014,8.19,81.23,26.73,0.89,1.58,99.78
10/27/2014,7.55,86.9,26.07,0.89,2.02,99.74
10/28/2014,14.32,89.08,25.84,0.89,2.72,99.65
10/29/2014,23.23,91.04,25.68,0.9,3.85,99.57
10/30/2014,35.32,90.59,25.29,0.91,3.42,99.56
10/31/2014,16.41,88.31,25.03,0.92,2.88,99.61
11/1/2014,9.14,83.14,25.91,0.92,2.52,99.67
11/2/2014,12.05,87.3,25.15,0.93,3.47,99.71
11/3/2014,14.83,89.24,25,0.93,3.55,99.73
11/4/2014,15.09,89.24,24.68,0.93,4.43,99.83
11/5/2014,6.08,84.7,25.42,0.93,4.25,99.87
11/6/2014,1.65,84.88,26.19,0.93,3.42,99.72
11/7/2014,0.02,72.82,26.48,0.92,1.47,99.68
11/8/2014,0,76.63,26.25,0.91,1.64,99.72
11/9/2014,0,81.79,26.35,0.91,2.41,99.75
11/10/2014,1.05,80.1,26.59,0.9,1.81,99.64
11/11/2014,5.98,82.5,26.69,0.9,2.43,99.53
11/12/2014,8.89,84.7,26.3,0.9,2.46,99.46
11/13/2014,8.49,85.06,26.44,0.9,2.52,99.56
11/14/2014,10.23,81.92,26.9,0.9,1.93,99.66
11/15/2014,3.01,80.92,26.75,0.9,2.23,99.62
11/16/2014,8.27,84.1,26.38,0.89,3.19,99.55
11/17/2014,8.37,85.44,26.4,0.89,3.67,99.53
11/18/2014,10.32,84.58,25.82,0.89,3.68,99.62
11/19/2014,3.74,85.37,25.86,0.89,3.25,99.62
11/20/2014,10.79,88.46,25.99,0.9,2.79,99.51
11/21/2014,20.9,87.42,25.17,0.9,2.13,99.67
11/22/2014,14.42,88.46,25.27,0.91,2.2,99.66
11/23/2014,16.77,81.73,25.88,0.92,2.16,99.59
11/24/2014,9.85,84.4,25.9,0.92,3.63,99.47
11/25/2014,6.03,88.68,25.05,0.92,6.42,99.44
11/26/2014,11.23,90.37,25.49,0.92,6.95,99.22
11/27/2014,19.93,89.21,25.67,0.92,5.07,99.32
11/28/2014,19.03,90.23,24.87,0.94,4.28,99.52
11/29/2014,7,89.5,24.71,0.94,5.23,99.57
11/30/2014,5.77,89.41,24.48,0.94,3.79,99.48
12/1/2014,18.09,85.25,26.43,0.94,1.17,99.4
12/2/2014,27.05,86.45,26.68,0.94,2.19,99.54
12/3/2014,2.99,87.77,25.96,0.94,5.09,99.62
12/4/2014,0.05,83.99,24.97,0.94,3.85,99.76
12/5/2014,0.63,85.37,25.38,0.93,3.75,99.72
12/6/2014,7.88,86.36,26.01,0.93,3.89,99.64
12/7/2014,8.82,89.01,25.93,0.93,3.67,99.61
12/8/2014,5.65,85.62,26.18,0.93,2.71,99.65
12/9/2014,10.89,85.75,26.14,0.93,2.1,99.71
12/10/2014,17,86.14,25.97,0.93,1.54,99.69
12/11/2014,9.94,83.73,26.03,0.93,1.47,99.69
12/12/2014,11.13,85.24,25.69,0.94,1.53,99.73
12/13/2014,2.76,86.08,25.42,0.93,2.01,99.75
12/14/2014,3.81,80.37,26.34,0.93,2.67,99.73
12/15/2014,8.49,85.92,26.17,0.93,3.38,99.65
12/16/2014,5.79,84.05,26.74,0.92,3.02,99.6
12/17/2014,15.5,88.29,26.22,0.92,3.43,99.56
12/18/2014,12.08,87.12,26.13,0.93,3.28,99.6
12/19/2014,18.51,87.79,25.81,0.93,3.81,99.74
12/20/2014,11.15,91.23,24.99,0.94,6.05,99.69
12/21/2014,7.83,90.12,25.23,0.93,5.11,99.54
12/22/2014,18.4,90.46,25.28,0.94,4.35,99.51
12/23/2014,18.21,89.91,25.26,0.94,4.6,99.58
12/24/2014,38.45,90.3,25.66,0.95,4.8,99.68
12/25/2014,34.03,90.95,25.03,0.96,5.29,99.72
12/26/2014,40.93,90.83,24.39,0.97,6.02,99.61
12/27/2014,9.75,89.4,24.53,0.96,5.61,99.57
12/28/2014,5.87,91.53,24.98,0.96,5.42,99.54
12/29/2014,9.1,89.57,25.1,0.96,4.82,99.47
12/30/2014,0.31,88.04,25.28,0.96,3.24,99.4
12/31/2014,1.42,86.66,25.91,0.95,2.66,99.42
1/1/2015,1.33,84.08,25.57,0.94,3.39,99.58
1/2/2015,0.03,78.23,25.31,0.94,2.03,99.77
1/3/2015,0.02,75.03,25.97,0.93,1.81,99.83
1/4/2015,0.17,79.44,26.26,0.92,1.91,99.77
1/5/2015,1.22,82.84,26.01,0.91,3.11,99.71
1/6/2015,3.12,85.53,25.55,0.91,5.18,99.73
1/7/2015,0.13,80.28,25.06,0.9,4.08,99.78
1/8/2015,0,79.13,24.93,0.89,3.4,99.8
1/9/2015,0,79.52,24.76,0.89,4.01,99.89
1/10/2015,0,80.93,24.08,0.88,5.58,99.87
1/11/2015,0,80.63,23.78,0.87,5.48,99.85
1/12/2015,0,78.79,23.71,0.86,5.24,99.82
1/13/2015,0,79.55,23.88,0.85,5.03,99.76
1/14/2015,0.01,80.48,24.55,0.85,3.25,99.75
1/15/2015,0.06,82.71,24.98,0.84,3.3,99.76
1/16/2015,0.07,83.76,25.25,0.83,2.93,99.77
1/17/2015,0.13,82.08,25.43,0.83,3.7,99.8
1/18/2015,0.03,84.39,25.03,0.82,5.41,99.82
1/19/2015,0.01,82.28,24.73,0.81,5,99.8
1/20/2015,0,81.23,24.62,0.8,4.69,99.95
1/21/2015,0,81.7,24.37,0.8,5.04,100.07
1/22/2015,0.04,80.15,24.7,0.79,3.91,100.04
1/23/2015,0.97,81.41,25.1,0.78,3.24,99.84
1/24/2015,4.31,84.55,25.22,0.78,3.99,99.82
1/25/2015,0.98,82.71,25.26,0.78,4.49,99.93
1/26/2015,0.09,82.98,25.07,0.77,5.04,99.79
1/27/2015,0.08,79.59,25.44,0.76,3.9,99.7
1/28/2015,1.08,82.16,25.95,0.76,3.32,99.59
1/29/2015,10.88,85.93,25.91,0.75,4.22,99.66
1/30/2015,2.44,83.72,25.7,0.76,3.74,99.86
1/31/2015,0.19,82.14,25.15,0.75,4.86,99.87
2/1/2015,1.25,81.71,25.32,0.74,4.92,99.83
2/2/2015,1.92,85.46,25.15,0.74,6.09,99.84
2/3/2015,19.69,88.52,25.05,0.74,5.61,99.94
2/4/2015,2.24,85.53,25.69,0.75,5.03,99.91
2/5/2015,2.96,85.7,25.26,0.75,3.78,99.84
2/6/2015,4.81,83.85,25.67,0.75,3.88,99.82
2/7/2015,0.6,82.22,25.47,0.75,4.53,99.81
2/8/2015,0.23,82.37,25.42,0.74,5.26,99.74
2/9/2015,13.54,86.52,25.44,0.74,4.42,99.68
2/10/2015,5.85,86.05,25.81,0.74,3.91,99.74
2/11/2015,8.39,82.68,25.86,0.74,4.12,99.71
2/12/2015,5.34,83.67,26.15,0.74,3.09,99.7
2/13/2015,6.33,85.02,26.06,0.74,2.26,99.75
2/14/2015,0.88,80.99,26.27,0.74,3.49,99.68
2/15/2015,0,74.01,24.41,0.73,4.14,99.68
2/16/2015,0.07,73.78,24.05,0.72,4.37,99.82
2/17/2015,0.22,74.18,24.25,0.72,4.15,99.81
2/18/2015,0.06,67.32,24.45,0.71,2.29,99.79
2/19/2015,0.11,68.6,25.23,0.7,2.17,99.74
2/20/2015,0.1,74.56,25.36,0.7,3.31,99.69
2/21/2015,0.02,79.98,25.18,0.69,4.7,99.69
2/22/2015,1.17,81.17,25.81,0.68,5.2,99.68
2/23/2015,1.85,83.37,25.86,0.68,4.73,99.71
2/24/2015,3.34,85.02,26.12,0.67,2.28,99.64
2/25/2015,7.68,82.31,25.87,0.68,1.77,99.61
2/26/2015,6.51,82.8,25.93,0.68,1.76,99.56
2/27/2015,11.39,83,26.02,0.68,2.36,99.62
2/28/2015,4.93,78.75,26.66,0.68,1.58,99.61
3/1/2015,9.84,84.15,26.42,0.68,2.36,99.63
3/2/2015,9.57,83.81,26.63,0.69,2.01,99.72
3/3/2015,2.8,78.04,26.97,0.69,1.43,99.7
3/4/2015,8.44,82.8,26.67,0.69,3.36,99.73
3/5/2015,0.63,76.31,27.55,0.68,1.91,99.71
3/6/2015,0.88,76.63,27.42,0.68,2.02,99.78
3/7/2015,0.42,75.09,27.06,0.67,2.87,99.74
3/8/2015,0.65,74.19,26.54,0.66,1.99,99.84
3/9/2015,7.7,73.39,26.6,0.66,2.37,99.9
3/10/2015,1.06,73.2,26.34,0.66,3.6,99.86
3/11/2015,0.33,74.25,26.87,0.65,2.64,99.8
3/12/2015,7.04,79.28,27.01,0.65,3.28,99.74
3/13/2015,11.39,81.99,26.75,0.66,2.41,99.74
3/14/2015,7.6,78.5,26.52,0.66,2.05,99.86
3/15/2015,1.42,74.24,27.21,0.66,1.98,99.88
3/16/2015,1.6,76.53,27.41,0.65,1.78,99.85
3/17/2015,9.96,78.62,27.44,0.65,1.94,99.75
3/18/2015,1.23,74.29,26.61,0.65,2.05,99.69
3/19/2015,0.39,72.14,27.19,0.65,1.41,99.69
3/20/2015,0.2,71.16,27.01,0.64,1.41,99.76
3/21/2015,0.01,70.19,27.25,0.64,1.78,99.83
3/22/2015,0.01,73.39,27.09,0.63,1.94,99.78
3/23/2015,0.02,74.48,27.56,0.62,1.83,99.68
3/24/2015,0.04,71.91,27.49,0.62,1.72,99.61
3/25/2015,0.03,68.76,27.32,0.61,1.67,99.68
3/26/2015,1.64,70.42,27.93,0.61,1.19,99.73
3/27/2015,17.94,79.03,27.62,0.61,2.78,99.72
3/28/2015,6.83,75.59,27.71,0.62,1.57,99.68
3/29/2015,3.37,76.44,27.94,0.62,1.48,99.58
3/30/2015,9.71,80.69,27.42,0.62,1.39,99.59
3/31/2015,9.58,78.54,27.87,0.63,1.45,99.59
4/1/2015,15.82,83.99,27.38,0.63,1.97,99.61
4/2/2015,12.36,84.29,27.03,0.65,2.48,99.58
4/3/2015,4.14,85.23,27.01,0.65,2.81,99.47
4/4/2015,1.07,83.19,27.66,0.65,2.92,99.29
4/5/2015,0.38,81.01,27.99,0.64,2.43,99.33
4/6/2015,6.46,85.26,27.27,0.64,3.23,99.42
4/7/2015,14.53,86.23,26.99,0.64,2.88,99.47
4/8/2015,13.85,88.11,26.38,0.66,3,99.59
4/9/2015,2.37,77.13,27.62,0.66,2.09,99.61
4/10/2015,6.38,80.1,27.85,0.66,1.97,99.68
4/11/2015,5.39,82.56,27.65,0.66,2.01,99.73
4/12/2015,8.18,83.77,27.31,0.66,2.49,99.85
4/13/2015,27.19,74.83,27.45,0.68,1.27,99.82
4/14/2015,3.54,73.35,27.59,0.69,1.8,99.65
4/15/2015,13.85,82.5,27.09,0.69,2.27,99.65
4/16/2015,9.22,83.42,27.04,0.7,1.95,99.76
4/17/2015,6.03,83.56,27.1,0.7,3.08,99.69
4/18/2015,7.58,80.19,27.61,0.7,1.86,99.49
4/19/2015,11.68,78.49,28.2,0.7,1.67,99.45
4/20/2015,30.46,86.97,26.84,0.72,2.06,99.55
4/21/2015,21.41,86.12,26.38,0.75,4.78,99.6
4/22/2015,1.16,83.36,27.12,0.75,3.19,99.64
4/23/2015,2.89,84.65,27.32,0.74,2.92,99.66
4/24/2015,10.41,83.6,27.67,0.74,2.67,99.66
4/25/2015,11.21,83.35,27.35,0.75,2.46,99.6
4/26/2015,12.41,83.88,27.1,0.75,2.29,99.59
4/27/2015,7.14,83.23,27.48,0.76,2.65,99.64
4/28/2015,4.96,85.34,27.05,0.76,1.95,99.67
4/29/2015,8.43,85.49,27.18,0.76,2.55,99.63
4/30/2015,13.19,86.43,26.72,0.77,3.58,99.73
5/1/2015,4.17,85.35,27.11,0.77,3.01,99.68
5/2/2015,5.68,86.74,27.34,0.77,3.37,99.62
5/3/2015,7.68,82.78,27.84,0.78,2.71,99.57
5/4/2015,3.41,81.52,27.51,0.78,2.21,99.59
5/5/2015,2.72,83.32,27.19,0.78,1.98,99.53
5/6/2015,5.34,85.04,26.78,0.78,2.57,99.5
5/7/2015,14.54,86.37,26.77,0.78,3.97,99.59
5/8/2015,7.63,84.2,27.4,0.78,3.4,99.48
5/9/2015,9.9,88.88,27.15,0.79,3.72,99.39
5/10/2015,21.86,86.6,26.74,0.79,3.02,99.42
5/11/2015,22.37,89.16,26.28,0.82,3.69,99.47
5/12/2015,5.7,83.68,26.62,0.82,2.84,99.47
5/13/2015,3.92,87.23,26.49,0.82,3.48,99.43
5/14/2015,7,86.55,27.56,0.82,4.29,99.43
5/15/2015,3.89,87.18,27.58,0.82,4.6,99.53
5/16/2015,5.43,86.67,27.63,0.82,6.11,99.48
5/17/2015,7.94,84.78,27.73,0.82,6.08,99.45
5/18/2015,5.99,86.37,27.45,0.82,5.67,99.49
5/19/2015,7.29,86.14,27.46,0.82,5.54,99.59
5/20/2015,4.55,85.89,27.15,0.82,5.17,99.68
5/21/2015,3.25,88.16,26.91,0.82,6.63,99.71
5/22/2015,1.9,84.39,27.17,0.81,5.87,99.7
5/23/2015,1.36,85.92,27.2,0.81,6.46,99.67
5/24/2015,3.59,86.04,27.32,0.81,5.49,99.69
5/25/2015,1.59,87.51,27.3,0.8,4.7,99.66
5/26/2015,0.83,87.25,27.1,0.8,5.47,99.67
5/27/2015,0.31,86.76,27.26,0.8,4.85,99.59
5/28/2015,0.56,87.76,27.5,0.79,4.49,99.44
5/29/2015,0.95,88,27.51,0.79,4.99,99.46
5/30/2015,2.73,88.75,27.39,0.79,4.4,99.53
5/31/2015,4.71,86.53,27.07,0.79,5.5,99.49
6/1/2015,4.68,87.86,26.71,0.79,5.59,99.45
6/2/2015,2.4,87.74,26.87,0.79,4.12,99.45
6/3/2015,3.31,88.08,27.28,0.78,4.06,99.34
6/4/2015,5.29,89.1,26.84,0.79,4.66,99.36
6/5/2015,17.77,91.25,26.41,0.79,5.15,99.45
6/6/2015,6.73,86.02,26.77,0.8,2.82,99.46
6/7/2015,2.68,88.23,27.11,0.8,4.03,99.45
6/8/2015,2.62,86.56,26.9,0.8,4.13,99.57
6/9/2015,2.8,82.58,26.89,0.79,4.89,99.59
6/10/2015,0.71,83.51,27.15,0.79,3.84,99.48
6/11/2015,7.21,87.55,27.12,0.78,5.31,99.47
6/12/2015,8.68,86.63,26.64,0.79,5,99.53
6/13/2015,0.99,87.97,26.78,0.79,4.46,99.48
6/14/2015,1.93,87.69,26.98,0.78,4.31,99.45
6/15/2015,6.74,88.56,26.8,0.78,4.71,99.46
6/16/2015,10.33,87.1,26.94,0.78,5.34,99.45
6/17/2015,2.93,84.98,27.1,0.79,4.92,99.37
6/18/2015,9.33,88.89,26.92,0.79,5.38,99.36
6/19/2015,8.6,90.81,27.03,0.79,5.7,99.44
6/20/2015,1.8,89.74,27.24,0.79,5.24,99.45
6/21/2015,0.99,86.49,27.23,0.79,5.71,99.52
6/22/2015,1.12,86.86,26.85,0.79,4.64,99.55
6/23/2015,1.81,87.91,26.97,0.78,4.48,99.59
6/24/2015,1.11,86.42,27.14,0.78,4.76,99.7
6/25/2015,1.61,85.16,27.07,0.77,4.96,99.68
6/26/2015,4.88,87.23,27.07,0.77,5.69,99.62
6/27/2015,11.9,85.65,26.69,0.77,5.86,99.69
6/28/2015,7.45,86.58,26.62,0.78,5.04,99.77
6/29/2015,4.71,85.8,26.68,0.78,6.08,99.84
6/30/2015,1.38,84.43,26.87,0.78,4.81,99.77
7/1/2015,2.44,88.57,26.67,0.77,4.19,99.78
7/2/2015,1.75,88.47,26.74,0.77,4.32,99.79
7/3/2015,2.21,88.81,26.8,0.77,5.13,99.79
7/4/2015,1.42,84.91,27.1,0.76,6.34,99.77
7/5/2015,2.3,87.82,27.21,0.76,7.02,99.62
7/6/2015,0.91,88.83,27.01,0.76,7.25,99.55
7/7/2015,0.73,86.92,26.8,0.75,6.15,99.49
7/8/2015,0.23,83.62,26.83,0.74,6.2,99.6
7/9/2015,0.44,82.55,26.91,0.74,5.87,99.68
7/10/2015,9.63,85.77,26.98,0.73,6.65,99.56
7/11/2015,5.88,87.01,26.64,0.74,6.21,99.56
7/12/2015,0.52,86.97,26.84,0.73,5.2,99.49
7/13/2015,0.72,85.9,26.98,0.73,6.07,99.43
7/14/2015,3.13,88.06,26.89,0.72,7.14,99.38
7/15/2015,7.14,89.67,26.3,0.72,7.25,99.36
7/16/2015,4,89.45,26.16,0.73,6.85,99.36
7/17/2015,2.97,86.14,26.27,0.73,6.77,99.43
7/18/2015,3.13,84.79,26.22,0.72,6.19,99.54
7/19/2015,1.37,87.55,26.26,0.72,5.79,99.49
7/20/2015,2.95,87.53,26.03,0.72,5.16,99.43
7/21/2015,5.02,88.78,26.39,0.72,5.01,99.48
7/22/2015,8.26,89.9,25.58,0.72,4.85,99.59
7/23/2015,4.34,89.28,25.3,0.72,4.56,99.7
7/24/2015,1.48,86.25,25.73,0.72,4.28,99.78
7/25/2015,1.01,85.89,26.02,0.72,4.71,99.73
7/26/2015,3.14,87.8,25.98,0.72,4.23,99.73
7/27/2015,0.64,88.05,26.12,0.72,3.06,99.71
7/28/2015,0.51,89.69,25.98,0.71,3.61,99.75
7/29/2015,1.43,87.72,26.17,0.71,4.27,99.74
7/30/2015,0.49,85.83,26.21,0.71,4.59,99.75
7/31/2015,0.85,85.86,26.22,0.7,4.2,99.67
8/1/2015,1.05,83.31,26.52,0.7,4.89,99.74
8/2/2015,1.19,83.73,26.71,0.7,5.28,99.75
8/3/2015,2.76,85.02,26.45,0.69,5.45,99.75
8/4/2015,7.75,85.97,26.57,0.69,6.02,99.74
8/5/2015,5.86,83.23,26.04,0.69,6.22,99.78
8/6/2015,0.93,86.06,26.25,0.69,5.53,99.6
8/7/2015,0.81,84.74,26.92,0.69,5.86,99.54
8/8/2015,0.93,85.24,26.96,0.68,6.4,99.54
8/9/2015,3.69,88.74,26.57,0.68,7.28,99.39
8/10/2015,2.07,87.44,26.34,0.68,6.83,99.39
8/11/2015,1.99,86.88,26.28,0.68,6.4,99.54
8/12/2015,1.39,87.85,26.6,0.68,6.89,99.65
8/13/2015,0.63,86.67,26.51,0.67,5.38,99.55
8/14/2015,0.32,86.82,26.67,0.67,5.59,99.5
8/15/2015,4.4,87.48,26.61,0.66,4.7,99.5
8/16/2015,10.9,90.11,26,0.67,3.51,99.57
8/17/2015,8.97,87.08,26.19,0.67,3,99.46
8/18/2015,8.44,88.41,25.88,0.68,4.06,99.53
8/19/2015,0.56,85.15,26.44,0.68,4.37,99.71
8/20/2015,0.83,85.24,26.46,0.67,4.61,99.78
8/21/2015,1.01,85.2,26.52,0.67,4.49,99.73
8/22/2015,1.73,86.2,26.64,0.67,5.02,99.67
8/23/2015,3.71,87.18,26.54,0.66,4.96,99.69
8/24/2015,5.61,84.76,26.52,0.66,5.52,99.71
8/25/2015,4.46,84.17,26.64,0.66,5.71,99.62
8/26/2015,4.32,86.9,26.49,0.66,5.46,99.56
8/27/2015,2.75,86.41,26.67,0.66,6.47,99.58
8/28/2015,12.48,86.05,26.55,0.67,6.05,99.68
8/29/2015,4.94,85.42,26.71,0.67,5.87,99.62
8/30/2015,4.85,85.8,26.81,0.67,6.36,99.65
8/31/2015,2.81,84.61,26.9,0.67,4.88,99.68
9/1/2015,1.75,87.68,26.77,0.66,5.8,99.57
9/2/2015,1.37,84.92,27.1,0.66,4.62,99.47
9/3/2015,20.73,87.72,26.87,0.66,4.87,99.53
9/4/2015,15.4,87.62,26.13,0.69,3.93,99.77
9/5/2015,6.76,86.93,26.14,0.69,4.43,99.87
9/6/2015,6.23,85.97,25.7,0.69,5.17,99.89
9/7/2015,4.39,80.53,25.36,0.69,4.03,99.96
9/8/2015,2.02,80.92,25.98,0.69,3.53,99.81
9/9/2015,2.14,86.01,26.3,0.68,4.59,99.79
9/10/2015,8.07,87.43,26.37,0.68,4.6,99.78
9/11/2015,15.98,86.87,26.23,0.69,4.51,99.77
9/12/2015,4.36,87.42,26.43,0.7,4.51,99.71
9/13/2015,2.67,86.61,26.51,0.7,5.18,99.78
9/14/2015,3.79,87.43,26.69,0.7,5.82,99.74
9/15/2015,10.12,87.11,26.74,0.7,6.45,99.65
9/16/2015,7.7,85.43,27.1,0.7,7.42,99.48
9/17/2015,6.7,86.25,27.19,0.7,6.39,99.43
9/18/2015,6.86,87.53,26.05,0.7,6.24,99.51
9/19/2015,8.76,88.59,26.17,0.71,5.73,99.54
9/20/2015,7.29,90.83,26.13,0.71,5.45,99.55
9/21/2015,2.78,87.32,26.49,0.72,4.62,99.58
9/22/2015,1.72,83.93,26.57,0.71,4.31,99.53
9/23/2015,8.39,87.29,26.59,0.71,4.04,99.63
9/24/2015,10.23,86.98,26.1,0.72,3.87,99.69
9/25/2015,12.92,86.86,26.09,0.72,5.15,99.58
9/26/2015,26.24,89.4,25.82,0.74,4.92,99.55
9/27/2015,12.17,89.53,25.86,0.75,4.47,99.52
9/28/2015,15.51,87.14,25.99,0.76,4.72,99.48
9/29/2015,32.65,89.37,25.25,0.77,6.03,99.5
9/30/2015,3.89,85.02,25.72,0.78,5.68,99.62
10/1/2015,8.84,85.8,26.32,0.78,4.58,99.73
10/2/2015,3.24,86.46,26.38,0.78,4.02,99.86
10/3/2015,1.86,88.04,26.39,0.78,3.24,99.87
10/4/2015,10.55,87.63,26.64,0.78,4.58,99.85
10/5/2015,5.25,87.5,26.51,0.78,5.56,99.75
10/6/2015,5.67,86.64,26.66,0.78,4.26,99.65
10/7/2015,6.33,88.62,26.59,0.78,4.14,99.68
10/8/2015,5.77,86.62,26.38,0.78,4.6,99.77
10/9/2015,4.55,85.64,26.08,0.78,4.62,99.78
10/10/2015,4.72,85.83,26.5,0.78,4.6,99.77
10/11/2015,4.42,85.22,26.81,0.78,3.71,99.8
10/12/2015,5.89,85.56,26.65,0.78,2.57,99.81
10/13/2015,8.55,88.27,26.41,0.78,2.86,99.75
10/14/2015,20.1,89.53,26.03,0.79,2.67,99.8
10/15/2015,22.28,85.93,26.32,0.8,2.7,99.73
10/16/2015,20.16,85.23,26.41,0.81,2.05,99.68
10/17/2015,11.11,84.57,26.88,0.82,1.31,99.69
10/18/2015,23.62,86.83,26.73,0.82,2.73,99.75
10/19/2015,26.01,85.88,27.08,0.84,2.85,99.71
10/20/2015,13.2,89.19,26.54,0.86,3.23,99.59
10/21/2015,28.18,87.57,26.27,0.87,2.14,99.56
10/22/2015,13.36,87.85,26.15,0.88,2.24,99.64
10/23/2015,21.39,91.14,25.49,0.89,3.47,99.62
10/24/2015,11.49,91.32,25.77,0.89,3.47,99.51
10/25/2015,21.41,91.2,25.56,0.9,4.38,99.6
10/26/2015,37.34,88.42,24.46,0.92,3.45,99.72
10/27/2015,11.61,87.51,25.4,0.92,3.94,99.66
10/28/2015,20.85,85.45,26.06,0.93,4.3,99.61
10/29/2015,10.85,87.68,25.97,0.93,4.69,99.54
10/30/2015,12.74,89.35,25.08,0.93,3.19,99.53
10/31/2015,6.73,88.74,25.79,0.93,5,99.64
11/1/2015,13.61,88.24,25.72,0.93,4.37,99.72
11/2/2015,32.89,88.66,25.64,0.93,2.96,99.79
11/3/2015,18.77,86.84,25.95,0.94,3.09,99.78
11/4/2015,5.7,80.59,26.62,0.94,1.91,99.69
11/5/2015,17.4,84.79,26.61,0.94,2.8,99.65
11/6/2015,35.54,84.92,26.44,0.95,2.89,99.53
11/7/2015,8.61,85.18,26.31,0.95,3.07,99.55
11/8/2015,17.85,90.69,25.67,0.95,3.34,99.65
11/9/2015,6.08,87.7,25.71,0.95,4.44,99.63
11/10/2015,5.66,87.99,26.27,0.95,4.34,99.53
11/11/2015,4.22,88.16,25.67,0.95,3.64,99.63
11/12/2015,14.68,85.47,26.32,0.94,2.98,99.7
11/13/2015,24.92,89.39,25.79,0.95,3.99,99.67
11/14/2015,51.22,90.28,25.17,0.96,3.62,99.46
11/15/2015,21.02,89.81,25.24,0.97,3.65,99.39
11/16/2015,12.54,89.34,25.74,0.97,4.15,99.43
11/17/2015,1.14,88.11,26.39,0.96,3.44,99.47
11/18/2015,1.77,86.64,26.54,0.96,2.79,99.53
11/19/2015,12.84,86.85,26.68,0.95,2.37,99.56
11/20/2015,4.17,78.78,27.1,0.95,1.14,99.54
11/21/2015,8.31,81.79,26.44,0.95,1.53,99.49
11/22/2015,10.43,83.59,26.76,0.95,1.39,99.45
11/23/2015,5.74,83.34,27.1,0.94,2.03,99.55
11/24/2015,10.08,83.11,27,0.94,2.32,99.57
11/25/2015,6.77,85.99,26.64,0.94,3.98,99.59
11/26/2015,4.22,84.89,26.25,0.94,4.01,99.65
11/27/2015,0.59,83.82,26.22,0.93,3.27,99.56
11/28/2015,6.63,88.6,25.51,0.93,3.48,99.67
11/29/2015,16.2,87.54,25.77,0.93,4.51,99.65
11/30/2015,46.43,89.95,26.34,0.94,5.5,99.52
12/1/2015,12.96,91.9,26.13,0.95,3.24,99.5
12/2/2015,15.67,89.84,25.98,0.95,3.43,99.66
12/3/2015,5.19,89.27,25.9,0.95,3.35,99.65
12/4/2015,14.65,91.83,26.25,0.95,4.29,99.37
12/5/2015,20.08,92.11,26.13,0.96,4.74,99.35
12/6/2015,6.74,85.4,26.29,0.96,1.64,99.54
12/7/2015,13.34,86.25,26.21,0.96,1.68,99.58
12/8/2015,30.41,88.34,26.02,0.96,4.32,99.6
12/9/2015,5.52,87.16,26.6,0.97,1.76,99.66
12/10/2015,8.02,88.75,26.59,0.96,2.5,99.68
12/11/2015,7.43,84.02,26.72,0.96,1.4,99.65
12/12/2015,7.18,84.14,27.11,0.96,1.39,99.57
12/13/2015,4.03,86.65,26.87,0.96,1.55,99.66
12/14/2015,20.03,87.9,26.19,0.96,2.24,99.7
12/15/2015,10.14,86.04,26.8,0.96,2.49,99.72
12/16/2015,9.67,87.17,26.22,0.96,1.68,99.72
12/17/2015,1.32,79.94,26.84,0.96,1.94,99.71
12/18/2015,11.6,79.78,26.3,0.95,1.44,99.79
12/19/2015,5.16,83.46,26.26,0.95,1.69,99.88
12/20/2015,5.11,83.62,26.32,0.95,3.01,99.87
12/21/2015,4.03,83.45,26.15,0.94,4.42,99.87
12/22/2015,1.05,80.21,25.65,0.93,5.16,99.94
12/23/2015,0,79.81,25.34,0.93,4.48,99.95
12/24/2015,0.01,76,25.3,0.92,4.12,99.89
12/25/2015,0.17,79.37,25.72,0.91,4,99.82
12/26/2015,2.53,84.88,26.08,0.9,5.39,99.77
12/27/2015,11.35,88.44,26.08,0.9,5.96,99.77
12/28/2015,7.29,86.09,26.53,0.9,4.18,99.88
12/29/2015,7.74,86.44,26.94,0.9,3.22,99.82
12/30/2015,3.97,84.89,26.22,0.9,5.41,99.75
12/31/2015,1.44,85.3,26.13,0.89,5.84,99.8
1/1/2016,2.1,85.88,26.23,0.88,5.9,99.91
1/2/2016,2.31,85.98,26.03,0.88,4.99,99.97
1/3/2016,0.55,84.84,25.78,0.87,5.76,99.92
1/4/2016,0.47,85.14,26.31,0.86,5.26,99.89
1/5/2016,4.14,87.2,26.56,0.86,4.64,99.82
1/6/2016,6.87,87.73,26.54,0.86,4.47,99.8
1/7/2016,6.05,88.86,25.59,0.86,5.02,99.9
1/8/2016,0.69,87.86,25.29,0.86,4.68,99.95
1/9/2016,0.08,83.42,26.08,0.85,4.09,99.81
1/10/2016,0.6,83.47,26.28,0.85,4.65,99.84
1/11/2016,0.49,83.24,25.8,0.84,5.87,99.85
1/12/2016,0.01,82.67,25.31,0.83,5.77,99.72
1/13/2016,0.01,81.92,24.88,0.82,4.64,99.76
1/14/2016,0,81.72,24.48,0.82,4.96,99.78
1/15/2016,0,80.6,24.63,0.81,3.7,99.69
1/16/2016,0.06,83.4,24.86,0.8,3.57,99.68
1/17/2016,0.08,80.14,25.08,0.8,4.21,99.68
1/18/2016,0.01,78.96,24.97,0.79,3.61,99.62
1/19/2016,0.02,78.93,25.66,0.79,3.26,99.58
1/20/2016,0.03,79.51,25.97,0.78,3.11,99.68
1/21/2016,0.03,80.18,26.22,0.77,3.59,99.72
1/22/2016,0.01,80.3,26.2,0.77,3.19,99.77
1/23/2016,1.55,85.08,26.55,0.76,4.29,99.79
1/24/2016,5.96,85.84,26.88,0.76,4.06,99.81
1/25/2016,6.06,83.84,26.88,0.75,4.88,99.76
1/26/2016,3.34,81.35,26.81,0.75,4.67,99.74
1/27/2016,0.87,79.26,25.52,0.74,5.11,99.79
1/28/2016,0,75.31,24.89,0.74,4.02,99.82
1/29/2016,0.21,78.98,24.93,0.73,4.31,99.86
1/30/2016,0.3,78.56,24.68,0.72,4.96,99.85
1/31/2016,0.53,82.08,25.17,0.72,4.96,99.76
2/1/2016,0.54,79.94,25.65,0.71,4.83,99.77
2/2/2016,0.06,79.41,24.96,0.71,6.06,99.78
2/3/2016,0,78.27,24.35,0.7,5.58,99.77
2/4/2016,0.01,76.97,24.7,0.69,4.32,99.78
2/5/2016,1.63,79.14,25.61,0.69,3.91,99.73
2/6/2016,2.51,80.19,26.82,0.68,2.99,99.65
2/7/2016,7.91,82.4,26.68,0.68,3.19,99.75
2/8/2016,0.49,80.23,27.29,0.68,3.03,99.7
2/9/2016,4.87,83.37,27.21,0.68,2.72,99.7
2/10/2016,4.86,80.96,27.02,0.68,3.52,99.71
2/11/2016,0.03,78.69,26.45,0.67,3.23,99.67
2/12/2016,0.01,76.22,25.76,0.66,3.46,99.67
2/13/2016,0.06,73.7,25.6,0.66,2.86,99.68
2/14/2016,0.18,75.97,26.66,0.65,2.08,99.7
2/15/2016,8.29,80.86,26.94,0.65,3.18,99.72
2/16/2016,1.5,80.68,26.5,0.65,4.73,99.76
2/17/2016,8.13,86.83,26.43,0.65,4.81,99.67
2/18/2016,7.89,84.2,27.3,0.65,3.45,99.61
2/19/2016,6.3,79.51,27.52,0.65,1.7,99.8
2/20/2016,9.41,79.36,27.27,0.65,1.86,99.9
2/21/2016,0.58,75.81,27.41,0.65,2.35,99.81
2/22/2016,0.06,72.75,27.44,0.65,1.82,99.89
2/23/2016,0.05,72.22,26.04,0.64,1.98,99.86
2/24/2016,1.91,74.43,27.19,0.63,1.8,99.75
2/25/2016,6.56,78.97,27.95,0.63,1.66,99.73
2/26/2016,1.17,76.83,27.51,0.63,2.57,99.82
2/27/2016,0.65,78.67,27.13,0.62,3.26,99.86
2/28/2016,0.45,77.44,27.56,0.62,2.63,99.96
2/29/2016,0.75,80.2,27.33,0.61,3.65,99.92
3/1/2016,0.48,78.07,27.57,0.61,3.36,99.77
3/2/2016,0.17,76.88,27.45,0.61,3.93,99.78
3/3/2016,0.24,76.86,27.68,0.6,3.77,99.85
3/4/2016,0.69,77.69,27.93,0.6,3.57,99.74
3/5/2016,1.22,76.76,27.84,0.59,2.78,99.67
3/6/2016,0.41,75.37,27.92,0.59,2.05,99.62
3/7/2016,4.48,77.39,27.91,0.58,2.08,99.59
3/8/2016,9.38,80.52,27.4,0.59,1.77,99.6
3/9/2016,4.84,80.26,27.33,0.59,1.33,99.68
3/10/2016,3.28,78.9,28.17,0.59,1.6,99.71
3/11/2016,2.44,80.93,27.94,0.59,1.78,99.74
3/12/2016,2.24,81.09,27.68,0.59,2.4,99.75
3/13/2016,1.29,81.81,27.74,0.59,2.62,99.75
3/14/2016,2.21,82.1,27.77,0.58,2.52,99.75
3/15/2016,2.67,82.35,27.36,0.58,2.67,99.75
3/16/2016,1.11,77.42,28.11,0.58,2.1,99.68
3/17/2016,0.62,74.17,28.49,0.57,1.89,99.69
3/18/2016,0.16,71.17,28.41,0.57,1.54,99.63
3/19/2016,0.18,76.86,27.85,0.56,2.63,99.7
3/20/2016,0.08,73.29,27.97,0.56,2.23,99.72
3/21/2016,0.04,76,28.07,0.55,2.81,99.67
3/22/2016,0.06,77.75,28.31,0.55,3.57,99.57
3/23/2016,0.01,76.1,28.36,0.54,2.78,99.6
3/24/2016,0.11,71.99,28.76,0.54,1.72,99.73
3/25/2016,0.23,73.12,28.33,0.53,1.6,99.85
3/26/2016,0.02,73.18,28.35,0.53,2.03,99.81
3/27/2016,2.72,72.11,28.36,0.53,1.82,99.79
3/28/2016,11.27,75.46,28.65,0.53,1.31,99.76
3/29/2016,10.77,74.65,28.89,0.54,1.66,99.78
3/30/2016,12.94,78.64,28.4,0.54,1.45,99.82
3/31/2016,10.37,79.33,28.03,0.55,1.58,99.73
4/1/2016,12.26,81.12,27.91,0.56,1.67,99.57
4/2/2016,2.22,79.38,28.09,0.56,1.82,99.64
4/3/2016,2.32,77.35,28.38,0.56,1.73,99.76
4/4/2016,3.84,77.59,28.46,0.56,1.9,99.67
4/5/2016,7.79,84.21,27.82,0.56,3.65,99.62
4/6/2016,8.89,82.02,28,0.56,2.61,99.69
4/7/2016,5.45,78.33,28.75,0.57,2.05,99.59
4/8/2016,3.9,79.4,28.9,0.57,2.3,99.54
4/9/2016,6.7,76.26,29.05,0.57,2.04,99.64
4/10/2016,9.24,80.79,28.36,0.57,2.45,99.75
4/11/2016,1.41,80.79,28.14,0.57,2.5,99.69
4/12/2016,2.29,83.59,28.31,0.57,3.46,99.59
4/13/2016,1.05,83.75,28.46,0.57,3.48,99.42
4/14/2016,2.5,82.28,28.8,0.57,3.5,99.41
4/15/2016,7.54,81.11,28.86,0.57,2.97,99.56
4/16/2016,5.72,79.67,28.99,0.57,3.17,99.56
4/17/2016,4.74,82.07,28.64,0.57,2.99,99.49
4/18/2016,4.75,81.01,28.66,0.57,2.8,99.49
4/19/2016,17.5,81.58,28.68,0.58,2.15,99.52
4/20/2016,12.58,83.9,28.2,0.59,2.37,99.63
4/21/2016,4.7,82.56,28.48,0.6,2.77,99.6
4/22/2016,2.86,83.82,28.59,0.6,3.46,99.55
4/23/2016,0.38,84.23,28.74,0.59,4.17,99.38
4/24/2016,0.18,82.51,28.9,0.59,3.91,99.29
4/25/2016,0.28,80.52,28.87,0.59,3.75,99.37
4/26/2016,0.97,80.8,28.63,0.58,2.64,99.51
4/27/2016,1.42,81.98,28.09,0.58,2.59,99.49
4/28/2016,2.8,79.08,28.68,0.58,2.66,99.49
4/29/2016,2.17,77.05,29,0.58,2.63,99.5
4/30/2016,11.94,81.39,28.51,0.58,2.6,99.54
5/1/2016,5.74,83.7,28.17,0.59,2.95,99.54
5/2/2016,4.35,84.62,28.2,0.59,2.99,99.56
5/3/2016,4.28,84.66,28.41,0.59,2.5,99.46
5/4/2016,4.24,83.42,28.45,0.59,2.6,99.47
5/5/2016,3.54,82.8,28.58,0.59,2.53,99.51
5/6/2016,5.46,86.18,28.01,0.59,2.86,99.5
5/7/2016,11.73,82.05,27.98,0.6,3.4,99.54
5/8/2016,14.14,78.41,28.7,0.6,2.06,99.54
5/9/2016,10.62,83.17,27.86,0.62,1.85,99.52
5/10/2016,16.56,78.86,28.02,0.62,1.47,99.51
5/11/2016,50.28,86.25,27.15,0.65,1.92,99.43
5/12/2016,22.9,86.94,27.07,0.7,3.29,99.35
5/13/2016,14.86,84.75,27.82,0.71,2.85,99.31
5/14/2016,39.84,85.27,27.8,0.73,3.73,99.39
5/15/2016,103.99,85.99,26.29,0.77,5.75,99.29
5/16/2016,46.09,87.94,26.96,0.83,9.63,99.07
5/17/2016,27.6,84.28,27.61,0.85,7.78,99.15
5/18/2016,20.81,85.68,27.9,0.86,6.94,99.2
5/19/2016,8.9,86.61,27.75,0.86,7.86,99.34
5/20/2016,16.74,84.42,27.85,0.87,6.24,99.43
5/21/2016,5.17,87.43,27.92,0.87,5.69,99.51
5/22/2016,3.88,88.49,28.05,0.87,5.61,99.61
5/23/2016,3.25,88.84,28.03,0.86,5.95,99.62
5/24/2016,10.31,89,27.77,0.87,7.36,99.63
5/25/2016,4.63,85.19,27.8,0.86,6.56,99.54
5/26/2016,4.78,87.08,27.81,0.86,6.01,99.51
5/27/2016,23.35,87.53,27.38,0.86,6.44,99.6
5/28/2016,17.14,84.77,26.75,0.88,5.88,99.73
5/29/2016,4.21,83.2,27.12,0.87,6.03,99.54
5/30/2016,13.91,85.43,27.32,0.87,6.16,99.51
5/31/2016,6.43,86.64,27.3,0.87,5.53,99.56
6/1/2016,4.35,85.41,27.26,0.87,5.09,99.61
6/2/2016,1.32,86.19,27.12,0.86,5.74,99.57
6/3/2016,1.41,86.45,27.11,0.86,5.41,99.51
6/4/2016,3.51,86.66,27.5,0.86,6.57,99.48
6/5/2016,2.94,84.29,27.47,0.85,6.13,99.53
6/6/2016,1.1,83.17,27.38,0.84,5.75,99.56
6/7/2016,8.96,86.69,27.3,0.84,6.37,99.57
6/8/2016,12.27,89.48,27.17,0.84,6.36,99.6
6/9/2016,7.66,89.37,27.15,0.85,5.62,99.63
6/10/2016,6.71,86.34,26.95,0.85,5.68,99.69
6/11/2016,3.26,87.05,26.81,0.84,5.38,99.69
6/12/2016,10.47,90.11,26.73,0.84,5.53,99.7
6/13/2016,5.88,88.89,26.69,0.85,5.91,99.74
6/14/2016,1.51,88.35,26.67,0.84,6,99.66
6/15/2016,0.86,85.41,27.08,0.84,7,99.53
6/16/2016,2.26,86.36,26.82,0.83,6.85,99.42
6/17/2016,7.77,87.14,26.72,0.83,6.46,99.36
6/18/2016,3.72,85.67,26.03,0.83,6.26,99.42
6/19/2016,3.6,86.33,26.28,0.83,6.53,99.39
6/20/2016,5.11,86.06,26.14,0.82,7.26,99.38
6/21/2016,4.67,86.53,26.2,0.82,6.67,99.39
6/22/2016,1.64,84.97,26.01,0.82,6.8,99.52
6/23/2016,1.23,85.37,25.88,0.81,7.34,99.54
6/24/2016,2.45,86.9,26.17,0.81,6.29,99.45
6/25/2016,0.6,87.94,26.26,0.8,6.27,99.49
6/26/2016,0.38,89.26,26.12,0.8,5.61,99.52
6/27/2016,1.94,89.36,26.24,0.79,5.4,99.47
6/28/2016,3.54,92.33,26.14,0.79,5.12,99.52
6/29/2016,4.93,91.76,26.25,0.79,4.64,99.57
6/30/2016,1.57,90.83,26.41,0.79,4.96,99.56
7/1/2016,0.89,87.99,26.74,0.79,5.71,99.48
7/2/2016,0.35,88.47,26.6,0.79,4.91,99.51
7/3/2016,0.3,84.84,26.84,0.78,3.69,99.53
7/4/2016,0.51,86.31,26.56,0.77,5.16,99.54
7/5/2016,0.22,86.86,26.68,0.77,4.99,99.54
7/6/2016,0.19,91.11,26.49,0.76,5.16,99.5
7/7/2016,0.29,88.47,26.58,0.76,4.58,99.54
7/8/2016,1.81,83.84,26.63,0.75,5.6,99.63
7/9/2016,7.2,84.84,26.4,0.75,6.26,99.64
7/10/2016,3.09,83.57,26.11,0.75,6.45,99.62
7/11/2016,4.81,89.18,26.07,0.75,5.13,99.53
7/12/2016,2.57,87.44,26.35,0.75,5.37,99.54
7/13/2016,0.35,85.75,26.29,0.74,5,99.5
7/14/2016,1.43,89.62,25.99,0.74,5.3,99.4
7/15/2016,3.84,89.77,25.61,0.74,4.81,99.43
7/16/2016,2.75,86.82,25.68,0.74,4.32,99.53
7/17/2016,1.54,87.47,25.65,0.73,4.27,99.69
7/18/2016,1.04,85.33,25.78,0.73,5.07,99.68
7/19/2016,0.25,83.72,26.02,0.72,5.04,99.59
7/20/2016,0.26,87.72,26.13,0.72,5.3,99.52
7/21/2016,0.32,89.43,25.84,0.71,6.13,99.49
7/22/2016,0.37,86.12,26.04,0.71,6.93,99.49
7/23/2016,1.43,85.58,25.99,0.7,6.34,99.46
7/24/2016,5.05,90.25,25.49,0.7,5.68,99.45
7/25/2016,4.28,90.93,25.07,0.7,5.77,99.41
7/26/2016,5.13,91.09,24.91,0.71,4.22,99.42
7/27/2016,0.73,89.33,25.52,0.71,4.37,99.46
7/28/2016,0.28,88.74,25.91,0.7,4.07,99.46
7/29/2016,5.35,89.63,25.88,0.7,4.75,99.49
7/30/2016,7.74,89.2,25.68,0.7,5.15,99.58
7/31/2016,3.64,86.94,25.93,0.7,4.98,99.62
8/1/2016,0.93,87.3,25.96,0.7,5.98,99.63
8/2/2016,0.2,87.63,26.02,0.7,5.64,99.47
8/3/2016,0.29,85.55,26.23,0.69,5.79,99.42
8/4/2016,0.22,85.21,26.33,0.69,5.45,99.47
8/5/2016,0.18,86.93,26.42,0.68,5.32,99.55
8/6/2016,0.06,87.27,26.54,0.68,4.93,99.52
8/7/2016,0.1,86.01,26.37,0.67,5.2,99.6
8/8/2016,0.16,84.71,26.55,0.67,4.83,99.62
8/9/2016,0.53,85.71,26.38,0.66,6.04,99.59
8/10/2016,0.44,83.72,26.57,0.66,5.69,99.66
8/11/2016,0.34,84.33,26.55,0.65,5.6,99.71
8/12/2016,0.61,85.76,26.43,0.65,6.03,99.7
8/13/2016,0.82,87.23,26.36,0.64,6.05,99.62
8/14/2016,1.22,86.73,26.35,0.64,6.4,99.61
8/15/2016,1.34,85.52,26.35,0.64,6.8,99.58
8/16/2016,0.35,85.71,26.51,0.63,7.54,99.51
8/17/2016,0.7,83.9,26.56,0.63,7.51,99.45
8/18/2016,0.63,83.16,26.47,0.62,6.41,99.4
8/19/2016,0.2,83.32,26.45,0.62,5.83,99.41
8/20/2016,0.97,86.23,26.38,0.61,5.62,99.39
8/21/2016,2.3,89.11,26.31,0.61,5.77,99.41
8/22/2016,1.02,87.56,26.29,0.61,6,99.5
8/23/2016,2.16,86.39,26.06,0.61,6.46,99.49
8/24/2016,2.18,87.78,25.96,0.61,5.49,99.43
8/25/2016,1.95,88.59,25.88,0.61,5.62,99.52
8/26/2016,2.12,87.14,25.89,0.6,6.37,99.49
8/27/2016,2.16,87.73,25.33,0.6,5.96,99.6
8/28/2016,0.92,87.69,25.6,0.6,5.69,99.59
8/29/2016,1.39,87.24,26.02,0.6,6.27,99.5
8/30/2016,1.79,87.99,25.77,0.6,5.86,99.45
8/31/2016,4.07,87.89,25.54,0.6,6.07,99.53
9/1/2016,1.13,85.09,25.79,0.6,5.36,99.66
9/2/2016,1.92,86.97,25.19,0.6,5.73,99.75
9/3/2016,1.58,84.44,25.58,0.59,5.56,99.7
9/4/2016,0.96,87.61,25.41,0.59,5.29,99.79
9/5/2016,0.7,86.03,25.99,0.59,5.23,99.81
9/6/2016,1.12,85.08,26.03,0.59,5.59,99.82
9/7/2016,0.08,79.88,25.89,0.58,5.44,99.74
9/8/2016,0,79.57,25.57,0.58,5.22,99.72
9/9/2016,0.08,82.5,25.88,0.57,5.77,99.71
9/10/2016,0.49,82.59,26.18,0.57,6.51,99.64
9/11/2016,0.15,81.09,26.11,0.57,6.3,99.54
9/12/2016,0.45,83.3,26.21,0.56,5.98,99.47
9/13/2016,0.46,85.11,26.18,0.56,5.69,99.49
9/14/2016,0.36,87.21,25.95,0.56,5.57,99.5
9/15/2016,0.5,85.58,26.28,0.56,5.91,99.5
9/16/2016,0.44,84.8,26.5,0.55,5.34,99.53
9/17/2016,0.96,85.42,26.29,0.55,5.7,99.58
9/18/2016,1.57,84.94,26.17,0.55,5.53,99.66
9/19/2016,0.87,84.91,26.08,0.55,5.2,99.62
9/20/2016,0.68,84.81,26.24,0.54,6.42,99.53
9/21/2016,0.38,86.25,25.95,0.54,5.97,99.6
9/22/2016,0.18,83.25,26.28,0.54,6.27,99.6
9/23/2016,0.09,83.02,26.34,0.54,6.36,99.48
9/24/2016,0.1,83.47,26.25,0.53,6.27,99.39
9/25/2016,0.07,81.66,26.29,0.53,6.19,99.44
9/26/2016,0.49,82.9,26.22,0.53,5.86,99.52
9/27/2016,1.22,83.09,26.44,0.53,5.81,99.54
9/28/2016,2.71,84.38,26.19,0.52,6.18,99.5
9/29/2016,6.14,83.68,26.48,0.53,6.78,99.48
9/30/2016,4.16,85.08,26.22,0.53,6.19,99.44
10/1/2016,1.12,83.22,26.14,0.53,5.28,99.5
10/2/2016,0.77,81.33,26.34,0.53,4.85,99.62
10/3/2016,0.6,81.91,26.15,0.52,4.47,99.6
10/4/2016,0.17,81.97,26.49,0.52,4.88,99.6
10/5/2016,0.77,81.24,26.65,0.52,5.52,99.56
10/6/2016,0.35,80.38,26.52,0.52,5.37,99.57
10/7/2016,0.05,76.83,26.28,0.51,5.51,99.65
10/8/2016,0.23,76.77,26.37,0.51,5.25,99.75
10/9/2016,1.26,81.22,26.77,0.51,5.88,99.72
10/10/2016,0.19,79.39,26.83,0.5,5.82,99.65
10/11/2016,0.04,78.28,26.62,0.5,5.79,99.62
10/12/2016,0.08,79.05,26.81,0.5,4.98,99.57
10/13/2016,0.43,78.38,26.94,0.49,4.37,99.53
10/14/2016,4.15,79.41,27.03,0.49,4.39,99.54
10/15/2016,13.23,81.73,26.68,0.5,2.86,99.59
10/16/2016,10.85,83.16,26.39,0.51,2.26,99.63
10/17/2016,3.38,86.02,25.94,0.51,2.98,99.58
10/18/2016,10.73,84.28,26.57,0.52,3.91,99.49
10/19/2016,7.09,85.19,26.37,0.53,4.95,99.44
10/20/2016,3.75,82.66,26.34,0.53,4.28,99.43
10/21/2016,7.79,81.51,26.28,0.53,5.1,99.54
10/22/2016,6.24,82.34,26.3,0.54,4.87,99.68
10/23/2016,6.95,82.62,26.34,0.54,4.85,99.73
10/24/2016,22.65,88.44,25.69,0.55,5.35,99.67
10/25/2016,9.5,84,26.05,0.57,4.59,99.56
10/26/2016,1.92,80.13,26.21,0.57,2.87,99.58
10/27/2016,0.64,80.89,26.13,0.56,2.87,99.67
10/28/2016,0.79,81.24,26.47,0.56,3.25,99.67
10/29/2016,2.78,84.08,26.53,0.56,4.22,99.62
10/30/2016,4.01,84.37,26.58,0.56,3.97,99.63
10/31/2016,11.52,87.84,25.78,0.56,2.46,99.73
11/1/2016,22.52,88.16,25.59,0.58,2.47,99.68
11/2/2016,26.31,87.9,25.79,0.61,3.21,99.6
11/3/2016,6.53,88.74,25.86,0.62,3.9,99.59
11/4/2016,18.22,86.76,25.7,0.62,2.98,99.67
11/5/2016,14.3,88.55,25.88,0.64,4.34,99.59
11/6/2016,14.66,87.67,25.96,0.65,5.25,99.66
11/7/2016,1.03,81.41,26.33,0.65,2.93,99.74
11/8/2016,2.34,74.99,26.68,0.65,1.92,99.71
11/9/2016,13.43,79.85,26,0.65,1.51,99.79
11/10/2016,1.88,76.37,26.76,0.65,2.15,99.73
11/11/2016,3.53,80.01,26.46,0.65,1.91,99.69
11/12/2016,14.12,87.67,25.74,0.65,2.33,99.68
11/13/2016,14.2,85.96,26.33,0.67,1.74,99.72
11/14/2016,6.77,82.89,26.53,0.67,2.05,99.72
11/15/2016,9.04,80.71,26.77,0.67,2.54,99.64
11/16/2016,12.6,83.44,26.25,0.67,3.25,99.58
11/17/2016,11.49,81.41,26.67,0.68,2.04,99.57
11/18/2016,24.14,88.25,26.01,0.69,4.84,99.45
11/19/2016,21.43,90.06,25.59,0.72,5.05,99.39
11/20/2016,10.35,85.18,25.83,0.73,3.23,99.5
11/21/2016,9.74,86.36,26.26,0.74,2.97,99.51
11/22/2016,18.76,87.62,26.3,0.74,3.11,99.47
11/23/2016,10.33,85.94,26.68,0.76,2.46,99.48
11/24/2016,1.05,81.3,26.33,0.76,5.08,99.51
11/25/2016,0.68,81.4,26.4,0.75,4.96,99.49
11/26/2016,1.54,83.09,25.98,0.75,4.54,99.6
11/27/2016,0.92,81.75,26.09,0.74,4.58,99.6
11/28/2016,0.29,81.79,25.19,0.74,3.76,99.66
11/29/2016,0.01,77.63,24.75,0.73,3.76,99.76
11/30/2016,0.02,78.69,25.09,0.73,4.25,99.78
12/1/2016,1.55,78.4,25.63,0.72,3.12,99.66
12/2/2016,2.33,83.69,25.41,0.72,3.04,99.76
12/3/2016,0.18,78.34,25.67,0.71,1.76,99.85
12/4/2016,3.61,78.89,26.44,0.71,2.46,99.86
12/5/2016,1.08,80.46,26.01,0.71,4.53,99.72
12/6/2016,0.87,79.17,25.65,0.7,5.32,99.67
12/7/2016,0.54,81.73,25.88,0.69,3.94,99.69
12/8/2016,3.43,85.26,26.19,0.69,3.95,99.67
12/9/2016,5.37,84.62,25.5,0.69,3.1,99.64
12/10/2016,1.64,86.18,25.48,0.69,3.28,99.57
12/11/2016,0.15,82.62,25.67,0.69,5.08,99.51
12/12/2016,0.64,81.96,26.09,0.68,6.14,99.5
12/13/2016,2.06,83.16,26.03,0.68,4.53,99.52
12/14/2016,0.95,81.46,26.03,0.67,2.33,99.65
12/15/2016,1.01,79.52,26.22,0.67,2.89,99.72
12/16/2016,0.71,78.84,26.28,0.66,3.52,99.76
12/17/2016,3.4,82.83,26.06,0.66,5.1,99.77
12/18/2016,0.25,79.04,25.81,0.65,4.99,99.75
12/19/2016,1.52,82.67,25.56,0.65,4.81,99.7
12/20/2016,3.53,85.92,26.15,0.65,2.64,99.65
12/21/2016,11.35,81.41,26.22,0.65,2.22,99.78
12/22/2016,2.58,80.84,25.9,0.65,4.21,99.77
12/23/2016,0.3,71.76,24.15,0.64,4.6,99.71
12/24/2016,0,70.27,23.63,0.64,3.77,99.62
12/25/2016,0,73.46,24.03,0.63,3.53,99.68
12/26/2016,0.28,78.65,24.95,0.63,4.48,99.63
12/27/2016,12.93,86,25.84,0.62,5.16,99.52
12/28/2016,8.39,81.21,26.02,0.63,3.3,99.53
12/29/2016,6.57,81.97,26.38,0.64,4.07,99.61
12/30/2016,0.3,79.13,26.1,0.63,5.45,99.68
12/31/2016,2.09,77.37,25.97,0.63,5.53,99.66
1/1/2017,3.71,81.46,25.51,0.63,4.85,99.68
1/2/2017,2.2,82.48,25.61,0.62,5.92,99.73
1/3/2017,0.55,79.37,25.95,0.62,5.86,99.72
1/4/2017,0,75.67,24.89,0.61,5.13,99.73
1/5/2017,0,74.69,24.25,0.61,4.84,99.72
1/6/2017,0,71.52,24.56,0.6,4.2,99.7
1/7/2017,0,70.91,24.25,0.6,4.75,99.55
1/8/2017,0,69.88,23.72,0.59,4.79,99.52
1/9/2017,0,69.77,24.06,0.59,4.16,99.56
1/10/2017,0,70.65,24.05,0.58,3.78,99.67
1/11/2017,0,65.4,24.86,0.57,3.24,99.69
1/12/2017,0,66.18,24.93,0.57,3.28,99.62
1/13/2017,0,69.01,24.86,0.56,4.68,99.61
1/14/2017,0,69.58,24.76,0.56,3.97,99.69
1/15/2017,0,73.72,25.42,0.55,4.31,99.81
1/16/2017,0.03,72.67,25.21,0.55,4.89,99.81
1/17/2017,0,68.81,24.49,0.54,5.62,99.81
1/18/2017,0,70.03,24.68,0.54,4.86,99.81
1/19/2017,0.16,73.16,25.55,0.54,4.45,99.78
1/20/2017,3,79.03,25.84,0.53,5.53,99.74
1/21/2017,3.08,86.58,25.43,0.53,3.73,99.68
1/22/2017,4.11,83.04,25.99,0.53,3.74,99.85
1/23/2017,0.39,82.01,25.43,0.53,5.52,99.85
1/24/2017,1.25,79.8,26.09,0.53,5.96,99.71
1/25/2017,2.15,84.87,25.65,0.53,3.53,99.69
1/26/2017,3.98,83.79,26.39,0.53,2.98,99.69
1/27/2017,11.66,84.19,25.92,0.54,1.67,99.73
1/28/2017,1.95,79.24,26.26,0.54,1.23,99.69
1/29/2017,1.2,77.6,26.88,0.54,2.18,99.72
1/30/2017,11.24,79.46,26.59,0.54,2.26,99.75
1/31/2017,3.44,75.9,26.24,0.55,2.47,99.74
2/1/2017,0.02,69.7,26.12,0.55,3.35,99.78
2/2/2017,0,68.32,25.77,0.54,4.29,99.89
2/3/2017,0,66.45,25.19,0.54,5.86,99.84
2/4/2017,0,65.57,25.13,0.53,4.44,99.83
2/5/2017,0,66.71,25.51,0.52,2.62,99.79
2/6/2017,0,68.68,25.61,0.52,2.04,99.85
2/7/2017,0,61.84,25.58,0.52,2.1,99.81
2/8/2017,0,66.54,25.31,0.51,2.63,99.81
2/9/2017,0.01,68.97,25.65,0.51,3.14,99.74
2/10/2017,0.25,70.15,25.62,0.5,2.54,99.69
2/11/2017,0.16,68.28,25.95,0.5,2.88,99.74
2/12/2017,0.04,64.44,26.17,0.49,3.81,99.82
2/13/2017,0.03,67.52,26.59,0.49,4.09,99.86
2/14/2017,11.02,77.7,27.19,0.49,3.07,99.89
2/15/2017,3.47,76.53,26.79,0.5,5.41,99.94
2/16/2017,0,72.96,26.54,0.49,6.85,99.79
2/17/2017,0,68.82,26.57,0.49,5.88,99.71
2/18/2017,2.69,75.08,26.79,0.48,4.61,99.84
2/19/2017,5.67,78.64,26.64,0.49,4.06,99.82
2/20/2017,2.67,75.7,26.15,0.49,2.96,99.74
2/21/2017,0.04,72.93,26.36,0.49,2.48,99.67
2/22/2017,0.03,73.25,27.11,0.48,1.92,99.65
2/23/2017,0.21,74.85,27.16,0.48,2.2,99.73
2/24/2017,0.2,71.27,27.45,0.48,1.88,99.76
2/25/2017,5.27,79.57,26.56,0.48,2.24,99.78
2/26/2017,6.92,77.5,25.72,0.48,2.2,99.62
2/27/2017,4.37,76.36,25.76,0.49,3.17,99.62
2/28/2017,15.96,81.98,26.54,0.5,4.64,99.55
3/1/2017,7.91,82.44,26.22,0.5,3.26,99.6
3/2/2017,3.7,77.56,26.81,0.51,3.38,99.48
3/3/2017,7.69,77.82,26.93,0.51,1.76,99.37
3/4/2017,9.85,84.52,26,0.52,2.53,99.47
3/5/2017,0.82,80.92,26.53,0.52,2.9,99.51
3/6/2017,1.01,80.16,27.14,0.51,3.31,99.47
3/7/2017,5.69,80.56,27.16,0.51,3.61,99.46
3/8/2017,10.34,79.96,27.34,0.52,2.6,99.44
3/9/2017,12.4,77.94,27.63,0.52,2,99.39
3/10/2017,23.71,83.92,27.14,0.55,1.87,99.48
3/11/2017,13.32,86.3,26.67,0.55,3.48,99.65
3/12/2017,12.76,85.61,26.46,0.56,3.35,99.69
3/13/2017,8.8,83.05,26.92,0.57,2.49,99.68
3/14/2017,23.04,85.97,26.46,0.58,1.82,99.67
3/15/2017,19.48,83.99,26.49,0.61,1.7,99.68
3/16/2017,10.39,82.25,26.56,0.61,2.14,99.69
3/17/2017,0.88,75.18,27.18,0.61,1.68,99.65
3/18/2017,0.71,77.39,26.83,0.61,1.84,99.77
3/19/2017,0.54,78.77,27,0.6,2.14,99.81
3/20/2017,3.17,81.74,27.01,0.59,2.82,99.77
3/21/2017,2.03,79.2,27.31,0.59,2.23,99.75
3/22/2017,0.05,69.74,27.49,0.59,2.5,99.69
3/23/2017,0,69.59,26.71,0.58,2.22,99.69
3/24/2017,0,73.95,26.92,0.57,2.17,99.68
3/25/2017,0.01,73.62,27.09,0.57,2.82,99.71
3/26/2017,0,66.68,27.58,0.56,1.78,99.7
3/27/2017,2.48,77.35,27.13,0.55,2.4,99.75
3/28/2017,9.99,83,26.59,0.56,2.11,99.77
3/29/2017,13.93,82.11,27.24,0.57,2.35,99.68
3/30/2017,13.14,84.77,27.46,0.58,2.31,99.66
3/31/2017,5.34,81.91,27.78,0.58,2.74,99.75
4/1/2017,1.82,82.87,27.37,0.58,3.21,99.73
4/2/2017,6.9,84.31,27.19,0.57,3.34,99.68
4/3/2017,3,85.13,27.07,0.57,3.04,99.7
4/4/2017,5.97,84.24,27.34,0.58,3.03,99.71
4/5/2017,4.81,84.46,27.39,0.58,2.94,99.64
4/6/2017,0.64,81.09,27.62,0.58,2.58,99.58
4/7/2017,1.49,82.36,27.59,0.57,3.05,99.53
4/8/2017,0.81,77.36,27.95,0.57,1.84,99.51
4/9/2017,1.44,82.26,27.36,0.56,2.37,99.56
4/10/2017,1.4,84.68,27.34,0.56,3.2,99.49
4/11/2017,11.46,85.6,27.58,0.56,3.21,99.43
4/12/2017,17.22,83.29,27.68,0.58,2.61,99.47
4/13/2017,12.67,86.23,27.32,0.58,3.79,99.5
4/14/2017,6.59,86.37,27.31,0.59,4.93,99.48
4/15/2017,0.35,84.46,27.73,0.59,4.13,99.4
4/16/2017,0.08,82.43,27.83,0.59,4.25,99.46
4/17/2017,0.01,82.41,28,0.58,4.18,99.54
4/18/2017,0.02,84.84,27.83,0.58,3.88,99.52
4/19/2017,0.01,83.24,27.76,0.57,4.04,99.58
4/20/2017,0.01,77.95,27.96,0.57,4.1,99.58
4/21/2017,0.02,75.96,27.83,0.56,4.26,99.61
4/22/2017,0.16,80.47,27.77,0.55,4.36,99.59
4/23/2017,0.26,82.54,28.01,0.55,4.66,99.57
4/24/2017,1.32,84.81,27.89,0.55,5.21,99.59
4/25/2017,1.52,84.08,28.02,0.54,4.88,99.58
4/26/2017,0.77,81.4,27.76,0.54,3.79,99.58
4/27/2017,0.29,82.58,27.59,0.54,3.52,99.62
4/28/2017,0.37,80.71,28.03,0.54,3.46,99.61
4/29/2017,2.64,78,28.19,0.53,2.72,99.6
4/30/2017,1.18,77.31,28.3,0.53,2.58,99.57
5/1/2017,1.31,78.66,28.01,0.53,3.01,99.62
5/2/2017,1.86,78.12,28.01,0.52,2.66,99.7
5/3/2017,3.04,78.63,27.7,0.52,2.8,99.69
5/4/2017,0.83,78.62,27.89,0.52,2.59,99.67
5/5/2017,1.01,79.54,28.02,0.52,3.13,99.64
5/6/2017,6.27,79.96,27.42,0.52,3.96,99.77
5/7/2017,9.55,76.72,27.73,0.52,2.42,99.76
5/8/2017,10.45,82.29,27.71,0.53,3.11,99.65
5/9/2017,16.61,84.64,27.59,0.54,3.48,99.54
5/10/2017,9.03,85.81,27.63,0.55,3.21,99.52
5/11/2017,2.52,83.99,27.55,0.55,3.06,99.54
5/12/2017,3.54,82.18,27.81,0.55,2.71,99.53
5/13/2017,4.01,85.99,27.66,0.55,4.11,99.5
5/14/2017,12.91,85.88,27.85,0.56,5.37,99.5
5/15/2017,5.29,83.56,28.26,0.56,5.78,99.46
5/16/2017,2.43,82.38,28.4,0.56,6.63,99.42
5/17/2017,3.01,84.84,28.17,0.56,5.65,99.38
5/18/2017,11.05,85,27.54,0.56,5.73,99.54
5/19/2017,4.84,86.1,26.78,0.57,5.63,99.58
5/20/2017,6.25,87.1,26.97,0.57,5.69,99.47
5/21/2017,3.23,85.68,26.96,0.57,4.15,99.31
5/22/2017,18.31,83.43,27.56,0.59,3.86,99.29
5/23/2017,5.94,85.57,27,0.59,5.14,99.4
5/24/2017,27.04,86.79,27.12,0.59,5.23,99.38
5/25/2017,27.63,87.13,27.54,0.62,7.03,99.36
5/26/2017,35.74,88.24,27.26,0.65,6.98,99.38
5/27/2017,4.26,86.64,27.28,0.66,6.79,99.38
5/28/2017,6.66,85.13,27.23,0.66,7.05,99.42
5/29/2017,16.47,87.79,26.82,0.66,7.11,99.39
5/30/2017,16.64,86.89,26.75,0.67,7.49,99.45
5/31/2017,5.56,85.48,27.02,0.68,7.41,99.44
6/1/2017,4.68,85.56,26.68,0.68,7.39,99.46
6/2/2017,11.01,84.57,26.39,0.68,6.42,99.53
6/3/2017,4.84,85.48,26.56,0.68,5.7,99.6
6/4/2017,2.68,86.42,26.89,0.68,6.18,99.55
6/5/2017,4,88.14,26.71,0.68,6.2,99.55
6/6/2017,5.66,89.46,26.84,0.68,6.28,99.57
6/7/2017,2.65,88.49,26.65,0.68,5.9,99.61
6/8/2017,0.55,86.82,26.76,0.67,5.47,99.51
6/9/2017,0.34,85.12,26.84,0.67,6.24,99.52
6/10/2017,0.66,84.57,26.67,0.66,6.7,99.57
6/11/2017,0.72,85.57,26.73,0.66,6.16,99.54
6/12/2017,0.56,84.98,26.79,0.65,5.1,99.5
6/13/2017,0.65,87.05,26.82,0.65,5,99.47
6/14/2017,6.24,86.63,26.86,0.65,5.34,99.57
6/15/2017,4.13,86.87,26.82,0.65,5.18,99.58
6/16/2017,4.67,88.88,26.76,0.65,5.31,99.56
6/17/2017,2.83,86.67,27.08,0.65,4.72,99.52
6/18/2017,0.73,86.99,27.04,0.65,4.84,99.44
6/19/2017,1.65,86.25,26.78,0.64,5.62,99.47
6/20/2017,2.25,89.36,26.17,0.64,4.89,99.57
6/21/2017,0.96,87.35,26.71,0.64,4.17,99.55
6/22/2017,0.53,87.23,26.71,0.64,5.51,99.62
6/23/2017,0.92,87.73,26.61,0.63,6.14,99.59
6/24/2017,0.56,84.16,26.06,0.63,7.08,99.51
6/25/2017,4.15,83.09,26.31,0.63,6.09,99.49
6/26/2017,4,84.6,26.55,0.63,5.78,99.57
6/27/2017,14.09,87.3,26.48,0.63,6.39,99.61
6/28/2017,7.42,86.24,26.45,0.64,5.36,99.6
6/29/2017,0.54,85.38,26.67,0.64,4.56,99.51
6/30/2017,0.58,86.2,26.86,0.64,5.11,99.42
7/1/2017,1.95,88.3,26.81,0.63,5.02,99.42
7/2/2017,0.82,84.14,26.57,0.63,5.65,99.48
7/3/2017,0.24,85.01,26.73,0.63,5.31,99.52
7/4/2017,0.04,84.34,26.68,0.62,4.95,99.55
7/5/2017,0.52,86.73,26.65,0.62,4.96,99.58
7/6/2017,1.72,82.58,26.55,0.61,5.89,99.65
7/7/2017,2.79,83.59,26.67,0.61,5.44,99.54
7/8/2017,4.99,86.44,26.23,0.61,5.39,99.56
7/9/2017,5.72,84.91,26.07,0.61,5.83,99.61
7/10/2017,3.38,84.86,26.26,0.61,5.35,99.62
7/11/2017,1.71,85.72,26.48,0.61,5.99,99.57
7/12/2017,0.76,84.99,26.47,0.61,4.29,99.53
7/13/2017,0.13,85.79,26.37,0.61,4.88,99.53
7/14/2017,0.2,85.24,26.55,0.6,4.88,99.61
7/15/2017,0.31,86.53,26.43,0.6,4.82,99.62
7/16/2017,0.22,85.31,26.56,0.6,5.54,99.52
7/17/2017,0.37,85.46,26.73,0.59,6.12,99.47
7/18/2017,1.21,86.01,26.62,0.59,5.68,99.54
7/19/2017,6.03,86.72,26.68,0.59,5.51,99.55
7/20/2017,1.56,83.93,26.95,0.59,5.2,99.5
7/21/2017,0.8,83.64,26.85,0.59,5.53,99.58
7/22/2017,0.45,84.04,26.97,0.58,4.98,99.55
7/23/2017,0.27,85.39,27.02,0.58,5.23,99.5
7/24/2017,0.09,84.24,27.05,0.58,4.75,99.46
7/25/2017,0.21,85.01,27.32,0.57,4.07,99.34
7/26/2017,0.32,86.79,27.21,0.57,5.27,99.38
7/27/2017,0.44,85.01,27.23,0.57,6.01,99.53
7/28/2017,1.53,85.01,27.16,0.56,6.32,99.63
7/29/2017,2.64,84.05,26.58,0.56,5.51,99.62
7/30/2017,1.89,82.58,26.82,0.56,5.89,99.55
7/31/2017,1.49,83.77,26.95,0.56,5.82,99.54
8/1/2017,3.19,85.01,26.8,0.56,6.14,99.59
8/2/2017,1.56,84.47,26.88,0.56,6.52,99.61
8/3/2017,0.89,85.67,26.85,0.55,6.72,99.58
8/4/2017,3,86.49,26.88,0.55,6.83,99.43
8/5/2017,5.38,86.53,26.84,0.55,7.04,99.34
8/6/2017,4.51,86.34,26.73,0.55,6.67,99.33
8/7/2017,5.62,87.41,26.32,0.56,6.07,99.39
8/8/2017,5.68,82.84,26.47,0.56,5.83,99.51
8/9/2017,1.25,85.12,26.71,0.56,5.4,99.5
8/10/2017,4.2,84.92,26.31,0.56,5.11,99.46
8/11/2017,2.34,85.83,26.21,0.56,5.81,99.52
8/12/2017,0.62,83.6,26.07,0.55,4.42,99.55
8/13/2017,2.27,86.18,25.99,0.55,3.57,99.61
8/14/2017,1,86.68,25.86,0.55,3.35,99.67
8/15/2017,0.36,85.01,26.13,0.55,4.16,99.64
8/16/2017,0.27,82.96,26.28,0.55,4.81,99.56
8/17/2017,4.33,82.44,26.8,0.55,6.45,99.41
8/18/2017,18.28,88.14,26.46,0.56,6.97,99.37
8/19/2017,7.96,84.63,26.45,0.56,6.47,99.47
8/20/2017,2.64,82.04,26.52,0.56,6.07,99.46
8/21/2017,3.32,84.42,26.46,0.56,5.37,99.36
8/22/2017,2.49,84.94,26.22,0.56,5.24,99.4
8/23/2017,4.3,87.23,26.07,0.56,4.7,99.42
8/24/2017,1.1,88.5,26.37,0.56,4.77,99.38
8/25/2017,0.56,87.59,26.51,0.56,5.58,99.33
8/26/2017,0.16,83.62,26.79,0.56,6.08,99.3
8/27/2017,0.83,83.75,26.79,0.55,6.7,99.31
8/28/2017,5.81,86.28,26.64,0.55,6.84,99.31
8/29/2017,2.85,85.4,26.6,0.55,6.39,99.37
8/30/2017,0.6,83.94,26.83,0.55,4.55,99.44
8/31/2017,3.53,85.33,26.62,0.55,3.67,99.46
9/1/2017,4.59,87.63,26.66,0.55,3.07,99.43
9/2/2017,4.8,81.91,27.01,0.55,3.76,99.42
9/3/2017,6.24,84.96,25.93,0.56,4.31,99.53
9/4/2017,5.87,86.92,26.22,0.56,3.94,99.53
9/5/2017,19.79,90.28,25.83,0.57,7.73,99.49
9/6/2017,21.42,85.82,26.06,0.58,6.37,99.5
9/7/2017,26.72,88.42,25.82,0.61,5.75,99.42
9/8/2017,6.39,89.91,25.66,0.62,5.36,99.42
9/9/2017,7.89,87.75,26.08,0.62,5.36,99.39
9/10/2017,3.76,88.92,26.25,0.63,4.57,99.39
9/11/2017,1.28,86.89,26.69,0.62,4.37,99.42
9/12/2017,0.4,86.58,26.5,0.62,4.47,99.53
9/13/2017,6.68,88.45,25.99,0.62,5.75,99.62
9/14/2017,2.91,85.52,26.1,0.62,4.43,99.63
9/15/2017,2.5,87.24,26.15,0.62,4.2,99.56
9/16/2017,2.12,86.4,26.55,0.62,5.52,99.6
9/17/2017,7.77,86.23,26.35,0.62,5.87,99.79
9/18/2017,1.61,86.38,26.2,0.62,4.88,99.84
9/19/2017,0.19,84.69,26.52,0.62,5.55,99.72
9/20/2017,1.57,85.97,26.53,0.61,6.05,99.63
9/21/2017,1.73,84.85,26.42,0.61,5.55,99.58
9/22/2017,0.81,83.24,26.64,0.61,4.86,99.54
9/23/2017,0.34,82.62,26.79,0.6,4.44,99.63
9/24/2017,1.38,84.52,26.5,0.6,5.72,99.65
9/25/2017,8.6,84.28,26.19,0.6,6.81,99.57
9/26/2017,9.9,84.09,26.27,0.6,6.04,99.51
9/27/2017,12.99,87.49,26.44,0.61,6.51,99.54
9/28/2017,2.41,84.01,26.71,0.61,6.7,99.56
9/29/2017,0.4,81.59,26.63,0.6,5.54,99.55
9/30/2017,1.87,85.2,26.63,0.6,5.31,99.59
10/1/2017,1.9,83.64,26.81,0.6,5.38,99.59
10/2/2017,1.25,83.38,27.04,0.59,5.14,99.46
10/3/2017,0.81,84.66,26.98,0.59,4.77,99.45
10/4/2017,3.09,84.92,26.91,0.59,5,99.47
10/5/2017,9.32,87.68,26.55,0.59,4.57,99.34
10/6/2017,5.89,88.28,26.08,0.59,4.5,99.39
10/7/2017,6.43,86.82,26.32,0.6,3.81,99.42
10/8/2017,9.58,88.88,26.1,0.6,3.56,99.36
10/9/2017,9.09,87.23,26.78,0.61,4.29,99.32
10/10/2017,7.64,89.1,26.27,0.61,3.57,99.27
10/11/2017,15.21,85.63,26.08,0.62,4.17,99.37
10/12/2017,11.36,86.79,26.38,0.63,3.63,99.42
10/13/2017,13.89,87.31,26.6,0.64,4.61,99.38
10/14/2017,33.77,88.41,26.64,0.66,5.8,99.47
10/15/2017,6.49,86.31,26.81,0.67,6.08,99.55
10/16/2017,4.84,84.9,26.97,0.68,6.38,99.51
10/17/2017,3.12,84.51,26.66,0.67,5.88,99.47
10/18/2017,4.89,84.73,26.73,0.67,5.08,99.45
10/19/2017,13.77,86.48,26.87,0.67,5.84,99.5
10/20/2017,13.61,87.04,26.93,0.68,6.29,99.64
10/21/2017,3,85.94,26.84,0.68,6.01,99.74
10/22/2017,6.32,87.62,26.65,0.68,4.89,99.73
10/23/2017,3.72,85.13,26.95,0.68,3.66,99.65
10/24/2017,6.29,86.23,26.5,0.68,2.59,99.73
10/25/2017,9.6,83.46,26.81,0.68,2.02,99.78
10/26/2017,13.68,85.73,26.05,0.69,2.5,99.84
10/27/2017,3.21,83.45,26.33,0.69,2.29,99.74
10/28/2017,4.5,84.99,26.29,0.69,2.16,99.66
10/29/2017,19.4,86.61,26.14,0.7,2.31,99.67
10/30/2017,14.6,85.78,26.31,0.71,3.09,99.56
10/31/2017,10.36,90.08,25.39,0.72,6.48,99.51
11/1/2017,10.75,87.75,25.79,0.73,3.01,99.59
11/2/2017,5.71,88.34,25.53,0.73,3.13,99.5
11/3/2017,5.64,86.28,25.95,0.73,4.95,99.32
11/4/2017,18.2,90.72,25.4,0.74,3.22,99.31
11/5/2017,9.75,82.72,26.11,0.75,1.88,99.41
11/6/2017,19.18,81.95,26.41,0.76,1.49,99.49
11/7/2017,14.32,82.59,26.34,0.77,2.13,99.54
11/8/2017,4.95,82.66,26.27,0.77,3.76,99.56
11/9/2017,2.07,85.8,25.89,0.77,4.02,99.49
11/10/2017,2.72,87.28,25.19,0.77,5.53,99.45
11/11/2017,1.77,88.02,26.12,0.77,5.12,99.45
11/12/2017,1.11,81.56,26.53,0.76,4.52,99.43
11/13/2017,2.85,87.02,26.12,0.76,3.96,99.35
11/14/2017,0.08,83.27,26.47,0.76,4.02,99.36
11/15/2017,0.02,81.24,26.05,0.75,3.08,99.4
11/16/2017,0,80.86,26.55,0.74,2.94,99.46
11/17/2017,0.01,76.47,26.76,0.73,1.84,99.45
11/18/2017,2.83,78.84,26.98,0.73,1.42,99.48
11/19/2017,26.77,86.44,26.53,0.74,1.31,99.54
11/20/2017,15.11,83.17,26.83,0.75,1.83,99.56
11/21/2017,4.44,80.92,26.99,0.76,1.71,99.5
11/22/2017,3.16,82.45,26.68,0.76,2.33,99.43
11/23/2017,5.38,82.07,26.51,0.75,3.2,99.45
11/24/2017,1.72,81.58,26.01,0.75,4.24,99.59
11/25/2017,8.38,85.72,24.97,0.75,3.8,99.65
11/26/2017,26.78,91.4,25.56,0.77,4.56,99.54
11/27/2017,12.09,87.64,26.18,0.78,3.62,99.35
11/28/2017,10.58,86.86,26.29,0.79,4.46,99.4
11/29/2017,56.93,90.66,26.41,0.81,8.65,98.96
11/30/2017,13.96,91.11,26.05,0.84,6.17,99.35
12/1/2017,26.98,90.44,25.82,0.85,5.44,99.54
12/2/2017,4.16,87.88,25.41,0.86,2.35,99.67
12/3/2017,3.29,80.95,25.8,0.85,3.41,99.69
12/4/2017,4.67,85.64,26.07,0.85,4.03,99.58
12/5/2017,1.6,86.7,25.75,0.85,3.91,99.5
12/6/2017,2.14,84.42,25.93,0.84,2.84,99.48
12/7/2017,1.63,81.95,25.83,0.84,2.97,99.49
12/8/2017,0.21,77.66,25.08,0.83,2.64,99.56
12/9/2017,0.03,67.22,25.42,0.83,1.66,99.64
12/10/2017,1.37,71.94,26.15,0.82,1.56,99.73
12/11/2017,2.85,79.35,26.36,0.82,1.75,99.85
12/12/2017,7.2,87.41,25.55,0.81,2.34,99.84
12/13/2017,29.28,89.73,25.56,0.83,2.37,99.77
12/14/2017,18.99,85.44,26.36,0.84,2.89,99.74
12/15/2017,7.26,84.52,26.33,0.84,3.57,99.73
12/16/2017,1.93,83.16,26.35,0.84,4.59,99.79
12/17/2017,0.32,83.76,25.87,0.84,5.53,99.83
12/18/2017,0.01,80.05,25.03,0.83,6.01,99.9
12/19/2017,3.35,84.2,25.59,0.82,4.37,99.77
12/20/2017,12.56,89.37,25.4,0.82,4.76,99.76
12/21/2017,11.04,84.3,25.65,0.83,4.26,99.81
12/22/2017,0.71,82.67,25.43,0.82,5.18,99.71
12/23/2017,0.04,79.35,25.5,0.82,5.14,99.59
12/24/2017,2.81,81.21,25.68,0.81,4.02,99.59
12/25/2017,1.49,84.05,25.96,0.81,3.83,99.62
12/26/2017,9.45,85,26.2,0.8,4.14,99.61
12/27/2017,4.67,84.34,25.64,0.8,6.22,99.58
12/28/2017,0.21,81.14,24.94,0.8,5.71,99.59
12/29/2017,0.09,78.7,24.89,0.79,5.16,99.68
12/30/2017,0.2,79.98,25.31,0.78,4.47,99.65
12/31/2017,0.08,77.24,25.79,0.78,2.63,99.6
1/1/2018,0.01,74.66,26.04,0.77,1.85,99.51
1/2/2018,0.71,72.34,26.1,0.76,1.81,99.51
1/3/2018,0.22,76.15,25.99,0.76,2.97,99.59
1/4/2018,0,78,24.98,0.75,4.63,99.66
1/5/2018,0.01,77.66,23.92,0.74,5.17,99.59
1/6/2018,0.02,72.36,23.67,0.74,4.41,99.6
1/7/2018,0,72.78,23.25,0.73,4.78,99.64
1/8/2018,0.03,78.71,23.87,0.72,4.34,99.65
1/9/2018,0.35,84.59,24.57,0.72,3.52,99.77
1/10/2018,2.82,80.64,25.93,0.71,2.53,99.78
1/11/2018,1.96,82.71,25.63,0.71,2.45,99.8
1/12/2018,2.04,79.34,26.05,0.71,1.95,99.76
1/13/2018,3.88,83.94,25.75,0.71,2.56,99.65
1/14/2018,1.39,82.48,25.45,0.71,4.1,99.68
1/15/2018,0.07,79.82,24.91,0.7,4.52,99.69
1/16/2018,0,80.51,24.54,0.7,4.42,99.64
1/17/2018,0,76.01,24.45,0.69,4.71,99.67
1/18/2018,0,75.12,24.27,0.68,5.15,99.66
1/19/2018,0.05,76.83,24.53,0.68,4.34,99.71
1/20/2018,0.06,77.12,24.45,0.67,4.66,99.68
1/21/2018,0.11,78.36,24.5,0.66,4.65,99.59
1/22/2018,0.14,77.95,25.19,0.66,3.05,99.55
1/23/2018,0.25,78.99,25.57,0.65,2.33,99.56
1/24/2018,0,76.98,25.33,0.65,3.85,99.45
1/25/2018,0.06,74.65,25.15,0.64,4.26,99.37
1/26/2018,0.04,75.18,25.31,0.64,4.22,99.44
1/27/2018,0.03,73.97,25.47,0.63,4.5,99.49
1/28/2018,0.01,73.91,25.27,0.63,4.82,99.53
1/29/2018,4.89,84.99,25.2,0.62,4.69,99.59
1/30/2018,9.35,88.11,25.65,0.63,5.1,99.62
1/31/2018,3.42,82.43,26.1,0.63,5.27,99.66
2/1/2018,3.61,79.74,26.4,0.63,4.43,99.68
2/2/2018,0.24,77.03,26.46,0.62,3.27,99.6
2/3/2018,0.09,74.6,26.26,0.62,3.98,99.59
2/4/2018,0.77,79.51,25.02,0.61,4.35,99.65
2/5/2018,0.78,78.27,26.1,0.61,3,99.75
2/6/2018,4.09,80.14,27,0.61,2.35,99.76
2/7/2018,2.94,80.51,26.73,0.61,1.51,99.74
2/8/2018,2.87,81.54,26.62,0.61,2.23,99.64
2/9/2018,2.06,77.84,26.71,0.61,0.93,99.64
2/10/2018,0.27,74.09,26.81,0.6,1.4,99.74
2/11/2018,0.03,70.85,26.66,0.6,1.91,99.81
2/12/2018,0.17,74.94,26.84,0.59,1.93,99.87
2/13/2018,0.01,72.71,26.63,0.59,3.32,99.97
2/14/2018,0.28,76.19,26.57,0.58,3.64,99.95
2/15/2018,3.19,78.44,26.93,0.58,3.95,99.93
2/16/2018,2.15,77.78,26.69,0.58,4.43,99.89
2/17/2018,0,69.03,26.21,0.57,3.96,99.67
2/18/2018,0,67.17,26.01,0.57,2.19,99.6
2/19/2018,0,69.43,25.85,0.56,3.04,99.58
2/20/2018,0.01,69.47,25.54,0.56,3.57,99.57
2/21/2018,0.2,68.23,25.58,0.55,2.48,99.53
2/22/2018,0.05,70.26,26.56,0.55,2.41,99.47
2/23/2018,0,70.97,27.08,0.54,2.22,99.48
2/24/2018,0.83,75.11,27.32,0.54,3.05,99.57
2/25/2018,9.52,81.57,27.02,0.54,4.29,99.54
2/26/2018,15.01,82.89,26.5,0.55,2.5,99.57
2/27/2018,10.56,83.65,26.13,0.57,2.83,99.52
2/28/2018,7.53,76.54,26.9,0.57,2.6,99.51
3/1/2018,3.56,71.63,27.18,0.57,2.31,99.45
3/2/2018,2.65,74.88,27.58,0.57,2.18,99.47
3/3/2018,2.41,76.9,27.39,0.56,1.5,99.47
3/4/2018,16.38,80.84,26.72,0.58,2.04,99.51
3/5/2018,0.88,76.5,27.43,0.58,2.36,99.5
3/6/2018,2.83,74.22,27.64,0.57,1.48,99.56
3/7/2018,0.91,72.23,27.24,0.57,2.16,99.55
3/8/2018,1.57,75.93,27.26,0.56,2.16,99.58
3/9/2018,3.87,76.02,27.11,0.56,1.62,99.58
3/10/2018,3.31,76.72,27.32,0.56,4.11,99.49
3/11/2018,3.6,78.64,26.95,0.56,3.77,99.5
3/12/2018,19.51,82.24,26.53,0.57,3.36,99.53
3/13/2018,1.39,76.84,27.06,0.58,3.05,99.57
3/14/2018,1.42,75.75,27.26,0.57,2.56,99.59
3/15/2018,2.94,76.48,27.42,0.57,1.85,99.6
3/16/2018,7.99,82.02,27.28,0.57,1.77,99.51
3/17/2018,3.67,78.18,27.94,0.57,1.22,99.5
3/18/2018,0.95,73.81,28.01,0.57,1.69,99.57
3/19/2018,0.6,73.71,28.12,0.57,1.72,99.68
3/20/2018,0.91,77,27.74,0.56,1.98,99.66
3/21/2018,0.15,81.47,27.08,0.56,2.94,99.65
3/22/2018,0.08,75.48,27.63,0.55,2.84,99.5
3/23/2018,0.82,77.26,27.8,0.55,2.7,99.45
3/24/2018,0.47,71.62,28.01,0.55,1.49,99.53
3/25/2018,0.19,67.58,27.16,0.54,1.63,99.69
3/26/2018,6.25,72.45,28.02,0.54,1.29,99.71
3/27/2018,15.92,79.49,27.74,0.54,1.92,99.65
3/28/2018,8.64,80.37,27.42,0.56,2.86,99.67
3/29/2018,4.99,78.95,27.61,0.56,2.63,99.64
3/30/2018,2.91,83.26,27.21,0.56,3.29,99.6
3/31/2018,1.65,85.45,27.27,0.56,3.88,99.54
4/1/2018,8.95,85.39,26.91,0.56,2.88,99.49
4/2/2018,8.6,81.72,26.96,0.57,2.17,99.57
4/3/2018,3.24,77.18,27.71,0.57,1.5,99.5
4/4/2018,1.64,76.38,27.58,0.57,1.7,99.38
4/5/2018,1.16,77.71,27.64,0.56,1.95,99.35
4/6/2018,22.86,84.15,27.32,0.57,1.87,99.38
4/7/2018,16.98,84.06,26.99,0.59,1.84,99.5
4/8/2018,5.82,70.27,27.82,0.6,2.33,99.5
4/9/2018,17.57,75.34,28.06,0.6,1.92,99.53
4/10/2018,6.25,76.85,28.07,0.61,1.37,99.43
4/11/2018,14.7,80.79,27.84,0.61,1.97,99.42
4/12/2018,14.17,78.87,27.9,0.63,1.64,99.34
4/13/2018,19.56,77.75,27.57,0.64,1.38,99.44
4/14/2018,14.55,81.2,27.36,0.65,3,99.45
4/15/2018,3.79,80.6,27.7,0.66,2.26,99.5
4/16/2018,4.77,78.52,28.36,0.66,1.43,99.56
4/17/2018,3.2,74.61,28.83,0.66,1.84,99.56
4/18/2018,11.82,79.53,28.21,0.66,1.89,99.6
4/19/2018,1.67,76,28.16,0.66,2.11,99.47
4/20/2018,3.71,81.13,27.8,0.66,2.42,99.45
4/21/2018,0.73,78.41,28.1,0.65,2.22,99.44
4/22/2018,3.43,84.76,27.26,0.65,2.99,99.51
4/23/2018,2.99,83.38,27.6,0.65,2.18,99.5
4/24/2018,10.02,83.66,27.76,0.65,2.21,99.5
4/25/2018,8.34,84.8,27.62,0.65,2.98,99.46
4/26/2018,12.46,85.12,27.58,0.66,3.47,99.42
4/27/2018,8.75,82.19,27.91,0.66,2.63,99.47
4/28/2018,18.84,86,27.33,0.67,2.27,99.57
4/29/2018,11.31,86.03,27.18,0.68,2.82,99.53
4/30/2018,2.89,85.56,27.82,0.69,3.7,99.46
5/1/2018,2.89,84.48,28.12,0.68,3.78,99.49
5/2/2018,7.57,87.63,27.95,0.68,4.32,99.45
5/3/2018,12.25,78.47,28,0.69,2.66,99.48
5/4/2018,9.44,83.29,27.79,0.7,2.69,99.5
5/5/2018,21.5,85.19,27.13,0.7,3.75,99.65
5/6/2018,10.8,85.98,26.95,0.72,3.32,99.69
5/7/2018,11.11,86.4,26.95,0.72,3.64,99.62
5/8/2018,6.53,86.23,26.92,0.73,3.45,99.52
5/9/2018,10.68,88.28,26.75,0.73,3.52,99.56
5/10/2018,16.49,87.23,26.36,0.73,3.68,99.63
5/11/2018,13.77,86.27,26.98,0.75,2.93,99.57
5/12/2018,12.53,89.22,26.57,0.76,3.46,99.51
5/13/2018,23.59,89.05,26.25,0.78,3.06,99.49
5/14/2018,5.66,84.98,27.18,0.78,2.57,99.47
5/15/2018,10.78,88.75,26.79,0.79,2.57,99.39
5/16/2018,8.27,90.02,26.44,0.79,3.45,99.36
5/17/2018,15.65,90.25,25.94,0.8,3.96,99.4
5/18/2018,21.46,88.65,26.13,0.81,4.04,99.38
5/19/2018,7.91,87.56,26.58,0.82,4.4,99.34
5/20/2018,36.52,88.44,26.61,0.82,5.6,99.36
5/21/2018,38.7,87.36,26.51,0.86,5.64,99.48
5/22/2018,11.16,85.87,27.18,0.86,4.96,99.38
5/23/2018,17.66,88.67,26.49,0.87,5.7,99.37
5/24/2018,26.31,88.07,26.73,0.88,5.95,99.22
5/25/2018,16.98,86.65,26.6,0.89,4.93,99.18
5/26/2018,8.72,87.46,26.74,0.89,4.95,99.18
5/27/2018,11.66,87.17,27.27,0.89,7.19,99.26
5/28/2018,8.86,87.24,27.3,0.89,7.72,99.28
5/29/2018,3.24,86.48,27.38,0.89,7.04,99.31
5/30/2018,1.19,87.64,27.38,0.88,6.64,99.28
5/31/2018,3.39,88.35,27.4,0.88,6.38,99.33
6/1/2018,7.18,90.4,26.96,0.87,5.67,99.43
6/2/2018,15.06,90.3,26.71,0.88,5.57,99.45
6/3/2018,10.17,90.01,26.89,0.88,6.06,99.36
6/4/2018,6.67,89.56,26.88,0.88,5.78,99.29
6/5/2018,4.43,89.2,26.93,0.88,5.19,99.37
6/6/2018,6.69,91.39,26.93,0.88,6.53,99.61
6/7/2018,13.59,89.79,26.7,0.89,6.92,99.57
6/8/2018,8.75,89.43,26.9,0.89,7.6,99.51
6/9/2018,5.24,89.78,26.93,0.89,7.94,99.47
6/10/2018,5.8,89.59,26.87,0.88,7.55,99.52
6/11/2018,2.64,88.06,26.91,0.88,7,99.59
6/12/2018,1.19,88.17,26.75,0.87,6.5,99.56
6/13/2018,3.13,88.98,26.65,0.87,6.18,99.59
6/14/2018,5.6,87.39,26.66,0.87,5.06,99.59
6/15/2018,11,90.67,26.37,0.87,5.44,99.65
6/16/2018,13.48,87.1,26.33,0.87,6.2,99.75
6/17/2018,4.85,86.66,26.18,0.87,5.79,99.67
6/18/2018,3.69,87.73,26.32,0.87,5.71,99.59
6/19/2018,1.64,86.43,26.39,0.86,6.47,99.57
6/20/2018,0.34,84.46,26.37,0.86,6.7,99.58
6/21/2018,2.38,86.93,26.49,0.85,6.73,99.54
6/22/2018,3.09,89.34,26.37,0.85,6.47,99.5
6/23/2018,4.09,89.11,26.39,0.84,5.61,99.46
6/24/2018,5.32,90.68,26.29,0.84,4.98,99.53
6/25/2018,6.53,88.29,26.06,0.84,5.44,99.51
6/26/2018,5.42,89.57,26.29,0.84,5.55,99.44
6/27/2018,2.1,88.33,26.14,0.84,5.71,99.44
6/28/2018,1.32,86.83,26,0.84,4.46,99.45
6/29/2018,1.15,85.51,25.85,0.83,4.69,99.4
6/30/2018,3.26,87.28,26.07,0.83,4.2,99.4
7/1/2018,1.83,88.22,25.99,0.83,3.98,99.43
7/2/2018,3.23,89.2,26.03,0.82,4.38,99.49
7/3/2018,1.39,88.42,26.1,0.82,3.9,99.52
7/4/2018,0.28,88.25,26.22,0.82,4.54,99.55
7/5/2018,0.48,87.78,26.38,0.81,4.77,99.53
7/6/2018,0.82,89.62,26.3,0.8,5.42,99.49
7/7/2018,0.83,88.81,26.04,0.8,6.03,99.48
7/8/2018,1.65,86.91,26.14,0.8,6.3,99.43
7/9/2018,7.29,88.58,26.32,0.79,7.14,99.5
7/10/2018,11.82,87.84,25.85,0.8,6.24,99.63
7/11/2018,8.72,89.33,25.74,0.8,5.46,99.63
7/12/2018,3.55,88.69,25.93,0.8,5.39,99.55
7/13/2018,1.62,88.08,25.98,0.8,6.32,99.52
7/14/2018,2.02,87.48,26.03,0.79,6.17,99.45
7/15/2018,6.37,89.76,25.9,0.79,6.61,99.46
7/16/2018,3.02,87.94,25.74,0.79,6.15,99.49
7/17/2018,1.98,86.31,25.87,0.79,6.31,99.51
7/18/2018,1.07,89.11,25.8,0.78,5.44,99.51
7/19/2018,1.26,91.16,25.61,0.78,6.35,99.55
7/20/2018,0.26,86.09,25.73,0.77,5.94,99.6
7/21/2018,0.46,91.89,25.69,0.77,4.96,99.63
7/22/2018,0.29,91.06,25.69,0.76,4.89,99.58
7/23/2018,0.63,90.29,25.62,0.76,4.64,99.47
7/24/2018,2.33,90.18,25.54,0.75,5.82,99.58
7/25/2018,1.59,91.06,25.46,0.75,4.93,99.58
7/26/2018,0.82,89.09,25.76,0.74,5.82,99.62
7/27/2018,0.45,90.52,25.58,0.74,5.38,99.61
7/28/2018,0.19,88.18,25.58,0.73,4.9,99.55
7/29/2018,0.33,89.14,25.43,0.73,5.38,99.49
7/30/2018,4.16,90.37,25.65,0.72,6.17,99.54
7/31/2018,5.52,90.72,25.34,0.72,5.24,99.64
8/1/2018,3.15,91.63,25.47,0.72,4.37,99.67
8/2/2018,1.77,91.44,25.65,0.72,4.56,99.69
8/3/2018,1.04,92.12,25.66,0.72,4.35,99.72
8/4/2018,0.9,89.14,25.54,0.72,5.09,99.72
8/5/2018,0.86,89.52,25.79,0.72,5.86,99.71
8/6/2018,0.7,88.49,25.65,0.71,6.54,99.63
8/7/2018,0.91,89.5,25.69,0.71,5.7,99.5
8/8/2018,7.74,91.7,25.47,0.71,5.45,99.53
8/9/2018,10.48,91.05,25.4,0.71,5.11,99.64
8/10/2018,4.42,89.52,25.71,0.72,5.82,99.72
8/11/2018,1.41,89.71,25.62,0.71,6.64,99.63
8/12/2018,1.42,90.4,25.7,0.71,6.99,99.54
8/13/2018,4.25,89.82,25.57,0.71,5.14,99.58
8/14/2018,13.05,86.83,25.63,0.72,7.17,99.57
8/15/2018,5.84,88.07,25.56,0.72,7.69,99.56
8/16/2018,5.86,87.07,25.25,0.72,7.25,99.58
8/17/2018,5.29,87.73,25.51,0.72,7.06,99.47
8/18/2018,7.02,89.45,24.95,0.72,7.47,99.47
8/19/2018,1.88,88.76,25.17,0.72,6.97,99.47
8/20/2018,0.73,89.63,25.23,0.71,6.26,99.52
8/21/2018,0.42,89.23,25.31,0.71,5.62,99.57
8/22/2018,0.33,88.59,25.21,0.7,4.13,99.57
8/23/2018,0.92,87.17,25.46,0.7,3.87,99.55
8/24/2018,2.11,89.35,25.29,0.69,4.31,99.51
8/25/2018,1,90.28,25.24,0.69,4.13,99.47
8/26/2018,0.23,89.87,25.13,0.69,4.77,99.4
8/27/2018,1,87.74,25.44,0.68,4.58,99.44
8/28/2018,1.14,88.73,25.26,0.68,3.9,99.5
8/29/2018,0.72,88.98,25.34,0.68,3.83,99.55
8/30/2018,0.79,86.03,25.6,0.67,4.44,99.52
8/31/2018,1.18,88.54,25.45,0.67,5.24,99.59
9/1/2018,0.73,87.14,25.51,0.66,4.19,99.69
9/2/2018,0.87,86.18,25.81,0.66,4.48,99.65
9/3/2018,0.32,86.64,25.56,0.65,4.21,99.65
9/4/2018,0.07,84.48,25.71,0.65,4.85,99.7
9/5/2018,0.15,81.63,25.7,0.65,5.06,99.69
9/6/2018,0.24,82.2,26.07,0.64,5.96,99.62
9/7/2018,0.41,81.01,26.19,0.64,6.17,99.63
9/8/2018,0.05,81.57,25.99,0.63,4.66,99.55
9/9/2018,0.4,81.71,26.37,0.62,3.64,99.55
9/10/2018,1.3,82.08,26.31,0.62,3.7,99.69
9/11/2018,0.25,80.83,26.25,0.61,3.55,99.73
9/12/2018,1.02,80.18,26.22,0.61,3.24,99.62
9/13/2018,1.37,80.87,26.18,0.61,3.96,99.55
9/14/2018,0.8,80.33,26.39,0.6,3.98,99.6
9/15/2018,1.89,79.41,26.6,0.6,4.15,99.66
9/16/2018,2.1,81.73,26.39,0.6,5.18,99.58
9/17/2018,3.03,79.74,26.73,0.6,5.98,99.54
9/18/2018,2.39,80.18,26.64,0.59,6.83,99.55
9/19/2018,3.68,83.75,26.44,0.59,5.51,99.51
9/20/2018,10.14,84.93,26.57,0.6,6.3,99.37
9/21/2018,13.18,86.25,26.41,0.61,5.89,99.49
9/22/2018,3.19,85.17,26.4,0.61,4.83,99.65
9/23/2018,2.81,86.22,26.39,0.61,3.82,99.74
9/24/2018,13.8,88.28,25.78,0.61,3.55,99.76
9/25/2018,9.22,86.15,25.73,0.63,3.08,99.65
9/26/2018,3.35,84.64,26.26,0.63,3.01,99.48
9/27/2018,10.95,87.66,25.84,0.63,2.75,99.47
9/28/2018,3.42,84.78,26.27,0.64,2.93,99.46
9/29/2018,18.92,86.5,26.14,0.64,3.24,99.42
9/30/2018,6.24,85.67,26.95,0.65,2.43,99.32
10/1/2018,2.44,85.28,26.9,0.65,2.74,99.4
10/2/2018,4.38,89.67,25.44,0.65,2.95,99.49
10/3/2018,4.92,86.71,25.95,0.65,2.15,99.43
10/4/2018,13.41,90.98,25.98,0.65,4.07,99.33
10/5/2018,21.59,89,26.4,0.67,3.75,99.46
10/6/2018,20.55,90.6,25.91,0.69,3.24,99.46
10/7/2018,40.89,89.61,25.65,0.72,2.12,99.48
10/8/2018,26.51,89.13,25.44,0.74,3.99,99.51
10/9/2018,15.65,87.01,25.22,0.76,3.51,99.55
10/10/2018,5.59,82.98,26,0.77,3.92,99.5
10/11/2018,3.12,85.36,25.87,0.76,4.43,99.57
10/12/2018,1.9,84.3,25.65,0.76,5.19,99.68
10/13/2018,5.05,80.98,25.87,0.76,4.36,99.8
10/14/2018,2.99,87.31,25.53,0.76,3.11,99.84
10/15/2018,1.38,83.42,26.48,0.75,2.29,99.8
10/16/2018,6.16,85.36,26.12,0.75,2.31,99.84
10/17/2018,8.31,84.96,25.29,0.75,3.28,99.86
10/18/2018,1.35,78.37,26.33,0.75,1.81,99.77
10/19/2018,1.39,81.22,26.67,0.75,2,99.67
10/20/2018,4.76,89.39,25.64,0.75,3.32,99.74
10/21/2018,1.26,85.72,26.13,0.75,2.82,99.76
10/22/2018,33.44,88.29,26.06,0.76,3.23,99.68
10/23/2018,3.67,84.28,26.7,0.77,2.87,99.71
10/24/2018,2.79,86.16,26.52,0.77,2.45,99.68
10/25/2018,7.86,89.27,25.59,0.78,1.88,99.69
10/26/2018,4.91,86.29,26.06,0.78,3.15,99.7
10/27/2018,8.57,85.18,26.37,0.78,2.81,99.68
10/28/2018,10.13,85.86,26.15,0.78,3.66,99.63
10/29/2018,1.61,84.27,26.14,0.79,3.76,99.49
10/30/2018,3.64,87.52,25.81,0.79,3.14,99.52
10/31/2018,7.49,89.45,25.84,0.79,3.39,99.48
11/1/2018,27.75,88.45,25.97,0.79,2.75,99.5
11/2/2018,25.61,84.17,26.46,0.82,1.72,99.46
11/3/2018,13.11,87.39,26.22,0.83,2.17,99.54
11/4/2018,5.07,84.9,26.74,0.83,2.56,99.59
11/5/2018,16.85,86.41,26,0.83,2.91,99.61
11/6/2018,27.67,89.69,25.81,0.85,5.35,99.61
11/7/2018,4.99,88.03,25.36,0.86,4.29,99.61
11/8/2018,20.82,90.98,25.38,0.86,4.88,99.49
11/9/2018,20.93,84.38,26.1,0.88,3.56,99.49
11/10/2018,1.06,83.83,26.06,0.88,4.38,99.54
11/11/2018,0.01,83.31,25.59,0.88,4.23,99.69
11/12/2018,0.3,81.4,25.42,0.87,3.71,99.69
11/13/2018,0.22,84.72,25.54,0.86,2.96,99.56
11/14/2018,0.56,84.19,26.08,0.85,2.71,99.52
11/15/2018,0.29,80.04,26.63,0.85,2.18,99.53
11/16/2018,1.23,85.31,26.42,0.84,3.64,99.59
11/17/2018,7.14,86.72,25.66,0.84,2.28,99.68
11/18/2018,6.98,81.07,26.54,0.84,2.3,99.66
11/19/2018,22.12,81.65,26.56,0.84,2.16,99.71
11/20/2018,1.21,86.73,25.52,0.85,2.59,99.73
11/21/2018,1.43,84.57,26.2,0.85,3.48,99.7
11/22/2018,8.54,81.42,26.82,0.84,1.76,99.73
11/23/2018,38.65,85.01,26.77,0.86,2.31,99.84
11/24/2018,20.46,85.14,26.11,0.88,2.38,99.99
11/25/2018,1.54,83.71,26.87,0.88,3.62,99.81
11/26/2018,1.88,82.07,26.32,0.87,4.64,99.71
11/27/2018,7.47,83.28,26.15,0.87,4.65,99.7
11/28/2018,5.38,83.8,26.11,0.87,2.75,99.7
11/29/2018,6.24,79.46,26.9,0.87,2.32,99.77
11/30/2018,2.38,86.62,25.83,0.87,4.2,99.8
12/1/2018,0.08,80.83,24.76,0.86,4.83,99.67
12/2/2018,0.04,81.71,25.2,0.86,4.37,99.52
12/3/2018,8.26,87.04,26.05,0.85,4.06,99.54
12/4/2018,7.14,81.66,26.76,0.85,2.27,99.6
12/5/2018,7.25,85.19,26.11,0.85,2.43,99.6
12/6/2018,4.43,86.48,26.03,0.86,3.85,99.5
12/7/2018,2.59,83.35,26.16,0.85,4.04,99.53
12/8/2018,1.73,84.89,26.19,0.85,5.26,99.57
12/9/2018,1,84.66,25.87,0.84,5.65,99.58
12/10/2018,0,83.25,25.17,0.84,4.53,99.66
12/11/2018,0,81.09,25.01,0.83,4.69,99.69
12/12/2018,0,81.32,24.23,0.82,4.76,99.8
12/13/2018,0,84.04,24.75,0.82,4.11,99.83
12/14/2018,1.56,86.06,25.32,0.81,4.66,99.73
12/15/2018,6.44,86.62,25.67,0.81,5.01,99.68
12/16/2018,0.26,83.04,24.85,0.81,4.52,99.72
12/17/2018,0,71.84,25.32,0.8,2.28,99.79
12/18/2018,0,77.76,25.45,0.8,1.58,99.78
12/19/2018,0,79.05,25.3,0.79,3.35,99.75
12/20/2018,2.14,85.26,25.53,0.78,3.95,99.75
12/21/2018,17.27,89.76,25.73,0.78,4.6,99.68
12/22/2018,6.55,88.81,25.46,0.8,4.2,99.65
12/23/2018,2.65,83,26.53,0.8,1.54,99.67
12/24/2018,4.52,84.43,26.31,0.79,2.36,99.71
12/25/2018,14.47,89.51,25.94,0.8,2.71,99.71
12/26/2018,9.33,86.24,25.98,0.8,2.47,99.75
12/27/2018,22.04,87.19,25.8,0.81,3.34,99.69
12/28/2018,0.55,75.76,25.68,0.81,3.28,99.67
12/29/2018,0.04,78.78,25.22,0.81,4.13,99.81
12/30/2018,0.04,79.52,24.88,0.8,5.62,99.94
12/31/2018,0.48,83.26,25.01,0.79,6.23,100
1/1/2019,0.12,80,24.8,0.79,6.29,100.03
1/2/2019,0.02,79.51,24.39,0.78,5.64,100.02
1/3/2019,0.01,78.52,24.17,0.77,6.15,100.06
1/4/2019,0,77.63,24.03,0.76,5.64,100.01
1/5/2019,0.03,81.53,24.88,0.76,5.47,99.88
1/6/2019,0,77.62,24.56,0.75,5.14,99.81
1/7/2019,0.02,79.76,25.04,0.74,3.88,99.71
1/8/2019,0.01,81.23,25.58,0.73,5.32,99.75
1/9/2019,0.04,80.65,25.37,0.73,5.29,99.71
1/10/2019,0.23,81.21,25.6,0.72,5.2,99.68
1/11/2019,6.5,82.99,25.37,0.71,5,99.77
1/12/2019,2.04,84.11,25.66,0.71,5.44,99.74
1/13/2019,5.47,86.26,25.56,0.71,4.63,99.77
1/14/2019,4.44,85.05,25.8,0.71,4.75,99.72
1/15/2019,1.18,83.54,25.59,0.71,5.06,99.75
1/16/2019,3.96,83.78,25.53,0.71,5.61,99.75
1/17/2019,0.15,78.57,24.78,0.7,5.79,99.72
1/18/2019,0.03,76.98,24.12,0.69,5.39,99.73
1/19/2019,0,76.58,23.87,0.69,5.08,99.81
1/20/2019,0.1,78.26,24.58,0.68,5.53,99.86
1/21/2019,0,79.26,25.38,0.67,3.87,99.84
1/22/2019,0.04,80.48,25.61,0.67,3.82,99.82
1/23/2019,0.03,80.44,25.92,0.66,3.97,99.77
1/24/2019,0.13,79.32,26.28,0.66,2.97,99.85
1/25/2019,0.92,80.77,26.44,0.65,2.25,99.82
1/26/2019,0.82,79.92,26.98,0.65,2.27,99.78
1/27/2019,0.21,75.39,26.74,0.64,1.64,99.87
1/28/2019,0.02,74.62,26.35,0.64,2.26,99.86
1/29/2019,0,76.04,25.32,0.63,5.15,99.84
1/30/2019,0,78.06,25.54,0.62,6.01,99.84
1/31/2019,0.02,77.68,25.87,0.62,5.52,99.8
2/1/2019,0.02,77.27,26.14,0.61,4.29,99.81
2/2/2019,0.84,77.84,26.51,0.6,4.36,99.69
2/3/2019,1.86,80.11,26.83,0.6,4.29,99.77
2/4/2019,13.75,82.77,26.6,0.6,3.13,99.88
2/5/2019,7.29,84.8,26.58,0.61,4.3,99.85
2/6/2019,2.55,81.05,26.6,0.61,3.78,99.73
2/7/2019,0.18,76.65,26.7,0.61,1.94,99.77
2/8/2019,0.91,81.87,26.9,0.6,2.25,99.84
2/9/2019,26.92,85.71,25.84,0.61,1.92,99.88
2/10/2019,10.02,77.39,26.67,0.63,2.18,99.89
2/11/2019,0.32,79.88,26.4,0.63,4.24,99.83
2/12/2019,0.11,79.64,26.4,0.62,5.33,99.88
2/13/2019,0.22,79.44,26.77,0.62,6.16,99.92
2/14/2019,3.1,80.81,27.05,0.61,4.14,99.76
2/15/2019,4.83,81.26,27.09,0.61,2.04,99.81
2/16/2019,12.26,83.87,26.58,0.61,1.74,99.87
2/17/2019,6.04,82.1,27.05,0.62,1.47,99.79
2/18/2019,1.15,82.19,26.87,0.62,2.21,99.66
2/19/2019,0.63,76.77,27.51,0.61,2.29,99.67
2/20/2019,0.03,74.08,26.69,0.61,3.37,99.86
2/21/2019,0.07,75.9,26.79,0.6,4.92,99.94
2/22/2019,0.1,73.94,26.14,0.6,5.35,99.78
2/23/2019,0,68.91,26.05,0.59,2.38,99.67
2/24/2019,0,69.65,26.75,0.59,2.07,99.56
2/25/2019,0.42,73.83,27.46,0.58,1.88,99.53
2/26/2019,6.44,82.45,27.08,0.58,2.22,99.52
2/27/2019,18.91,85.03,26.14,0.6,2.76,99.57
2/28/2019,0.6,80.78,26.74,0.6,2.87,99.56
3/1/2019,0.18,74.19,27.91,0.59,1.21,99.52
3/2/2019,0.02,72.11,27.47,0.59,1.46,99.57
3/3/2019,4.24,74.86,27.92,0.58,2.38,99.51
3/4/2019,2.23,80.14,26.77,0.58,2.53,99.54
3/5/2019,1.04,81.85,26.91,0.58,2.54,99.53
3/6/2019,0.51,81.52,27.12,0.58,3.69,99.63
3/7/2019,0.07,80.16,27.63,0.57,3.3,99.56
3/8/2019,0.48,80.67,27.16,0.57,3.4,99.69
3/9/2019,7.58,79.5,27.42,0.56,2.19,99.79
3/10/2019,2.36,72.61,27.66,0.57,1.33,99.78
3/11/2019,0.57,68.26,27.42,0.56,1.51,99.84
3/12/2019,0.42,68.45,27.27,0.56,1.62,99.84
3/13/2019,0.04,67.66,27.5,0.55,2.06,99.81
3/14/2019,0.14,65.43,28.1,0.55,2.09,99.79
3/15/2019,0.28,66.35,27.73,0.54,1.52,99.77
3/16/2019,1.84,71.36,28.15,0.54,1.86,99.76
3/17/2019,5.19,73.79,27.94,0.54,1.52,99.75
3/18/2019,9.18,73,28.31,0.54,1.76,99.71
3/19/2019,0.82,70.45,28.17,0.54,2.04,99.6
3/20/2019,0.18,70.35,28.09,0.54,1.75,99.61
3/21/2019,2.38,72.46,27.89,0.53,1.54,99.68
3/22/2019,0.7,74.33,28.23,0.53,2.05,99.72
3/23/2019,4.45,76.85,28.15,0.53,2.16,99.73
3/24/2019,0.47,74.09,27.82,0.53,1.87,99.64
3/25/2019,0,59.75,27.99,0.52,1.39,99.57
3/26/2019,0,65.33,27.72,0.52,2.34,99.75
3/27/2019,0.05,67.13,28.34,0.51,2.02,99.86
3/28/2019,0.39,69.15,28.09,0.51,2.12,99.82
3/29/2019,0.01,70.01,27.68,0.51,2.22,99.65
3/30/2019,0.96,73.83,27.82,0.5,2.97,99.68
3/31/2019,0.7,72.91,28.09,0.5,2.91,99.73
4/1/2019,0.1,71.41,28.05,0.49,2.81,99.72
4/2/2019,0.01,71.89,27.99,0.49,2.71,99.66
4/3/2019,0.86,69.89,28.44,0.49,2.98,99.63
4/4/2019,1.06,67.22,28.04,0.49,3.16,99.78
4/5/2019,0.15,70.2,28.18,0.48,2.18,99.8
4/6/2019,0.07,69.31,28.69,0.48,2.13,99.73
4/7/2019,0.13,74.54,28.5,0.48,2.57,99.66
4/8/2019,0.14,75.03,28.52,0.47,3.55,99.57
4/9/2019,0.11,71.47,28.82,0.47,2.5,99.62
4/10/2019,0.46,69.66,29.34,0.47,1.89,99.62
4/11/2019,4.75,76.9,28.17,0.47,2.07,99.6
4/12/2019,1.02,74.43,28.8,0.47,1.87,99.51
4/13/2019,3.06,76.23,28.85,0.47,2.29,99.51
4/14/2019,2.53,74.02,29.05,0.47,2.72,99.53
4/15/2019,2.61,75.48,28.74,0.47,2.39,99.61
4/16/2019,5.37,78.49,28.59,0.47,2.26,99.59
4/17/2019,83.86,87.37,27.11,0.52,3.02,99.65
4/18/2019,3.48,82.22,27.7,0.56,3.23,99.63
4/19/2019,2.37,81.77,27.78,0.56,3.86,99.53
4/20/2019,14.38,83.18,27.44,0.56,2.81,99.41
4/21/2019,3.54,73.19,28.02,0.57,2.13,99.31
4/22/2019,8.55,79.77,28.05,0.57,2.27,99.32
4/23/2019,7.86,83.27,27.51,0.58,2.3,99.44
4/24/2019,3.91,76.4,28.59,0.58,2.08,99.48
4/25/2019,20.1,79.97,28.01,0.58,2.37,99.54
4/26/2019,2.51,74.85,27.72,0.59,1.22,99.47
4/27/2019,3.32,76.51,28.12,0.59,3.08,99.43
4/28/2019,7.92,83.6,28.06,0.59,2.74,99.43
4/29/2019,13.82,85.18,28.13,0.6,3.51,99.5
4/30/2019,10.09,83.4,28.05,0.61,6.15,99.43
5/1/2019,7.16,85.52,28.04,0.62,6.28,99.39
5/2/2019,7.24,86.58,28.26,0.62,5.97,99.4
5/3/2019,7.19,88.26,28.15,0.62,6.64,99.54
5/4/2019,3.01,83.56,27.86,0.63,4.61,99.68
5/5/2019,0.52,83.81,27.91,0.62,4.17,99.73
5/6/2019,0.02,81.36,27.71,0.62,4.48,99.63
5/7/2019,0.18,82.19,27.62,0.61,5.37,99.63
5/8/2019,0.08,79.34,27.99,0.6,5.6,99.62
5/9/2019,0.08,79.72,27.78,0.6,5.07,99.47
5/10/2019,0.08,78.92,27.87,0.59,4.53,99.48
5/11/2019,0.16,82.5,27.81,0.59,4.33,99.62
5/12/2019,0.42,84.75,27.8,0.58,5.06,99.56
5/13/2019,0.29,82.68,27.96,0.58,5.33,99.51
5/14/2019,0.28,82.58,28.25,0.57,5.24,99.45
5/15/2019,0.2,82.98,28.32,0.57,4.87,99.53
5/16/2019,1.61,84.98,28.01,0.56,5.18,99.6
5/17/2019,1.44,86.2,27.7,0.56,4.47,99.57
5/18/2019,1.93,85.57,27.76,0.56,4.81,99.51
5/19/2019,2.56,82.09,27.69,0.56,4.35,99.53
5/20/2019,2.16,82.99,27.92,0.56,4.41,99.57
5/21/2019,2.42,80.25,27.88,0.55,4.64,99.62
5/22/2019,4.11,79.67,27.88,0.55,4.17,99.56
5/23/2019,7.6,86.64,27.52,0.55,4.78,99.55
5/24/2019,8.5,86.23,27.31,0.56,4.19,99.58
5/25/2019,5.18,85.37,27.34,0.56,5.16,99.53
5/26/2019,0.99,84.51,27.72,0.56,4.53,99.4
5/27/2019,0.86,85.12,28,0.56,4.2,99.32
5/28/2019,1.95,86.59,28.3,0.56,4.42,99.28
5/29/2019,4.54,87.12,28.31,0.56,5.25,99.25
5/30/2019,5.27,83.1,27.77,0.56,5,99.33
5/31/2019,0.84,83.14,27.38,0.56,6.31,99.43
6/1/2019,0.39,80.75,27.56,0.56,5.82,99.47
6/2/2019,0.87,79.64,28.13,0.55,5.77,99.44
6/3/2019,9.28,82.98,28.11,0.55,4.97,99.43
6/4/2019,9.86,84.55,27.68,0.56,6.12,99.41
6/5/2019,7.91,84.61,27.63,0.56,5.18,99.36
6/6/2019,4.34,86.32,27.66,0.57,5.74,99.35
6/7/2019,19.28,87.07,27.41,0.58,7,99.48
6/8/2019,4.73,83.62,27.71,0.58,6.59,99.49
6/9/2019,5.55,84.47,27.81,0.58,6.71,99.49
6/10/2019,6.5,84.54,27.65,0.58,5.93,99.49
6/11/2019,8.99,83.48,27.84,0.58,5.23,99.5
6/12/2019,5.97,86.15,27.71,0.59,5.32,99.52
6/13/2019,4.97,85.6,27.82,0.59,5.68,99.57
6/14/2019,2.74,83.86,27.14,0.59,4.91,99.58
6/15/2019,4.35,84.71,27.62,0.59,4.39,99.58
6/16/2019,1.54,85.73,27.97,0.59,5.54,99.59
6/17/2019,0.77,83.89,27.89,0.59,6.23,99.65
6/18/2019,1.14,84.91,27.72,0.58,6.53,99.54
6/19/2019,0.82,85.52,27.86,0.58,6.62,99.45
6/20/2019,2.4,81.62,27.08,0.58,7.25,99.56
6/21/2019,3.46,83.46,27.09,0.58,6.82,99.47
6/22/2019,1.71,82.8,27.61,0.58,7.68,99.4
6/23/2019,1.51,84.29,27.55,0.58,5.99,99.32
6/24/2019,3.58,86.81,27.66,0.57,5.77,99.35
6/25/2019,3.09,86.17,27.58,0.58,5.73,99.5
6/26/2019,0.17,83.88,27.48,0.57,5.28,99.56
6/27/2019,0.11,81.53,27.71,0.57,5.81,99.49
6/28/2019,0.07,79.11,27.69,0.56,5.57,99.48
6/29/2019,0.07,76.44,27.92,0.56,5.75,99.49
6/30/2019,0.11,80.41,27.73,0.55,6.06,99.47
7/1/2019,0.35,84.55,27.56,0.55,5.7,99.43
7/2/2019,1.04,83.39,27.65,0.55,6.54,99.49
7/3/2019,1.55,84.37,27.43,0.55,5.42,99.54
7/4/2019,0.42,82.52,27.55,0.54,5.47,99.53
7/5/2019,0.45,83.76,27.48,0.54,5.58,99.46
7/6/2019,0.32,83.7,27.47,0.54,5.14,99.47
7/7/2019,0.11,82.49,27.52,0.53,4.51,99.53
7/8/2019,0.21,81.93,27.7,0.53,4.59,99.6
7/9/2019,10.34,86.08,27.23,0.53,4.61,99.6
7/10/2019,5.93,82.01,26.88,0.54,4.78,99.57
7/11/2019,1.61,81.01,27.12,0.54,3.22,99.6
7/12/2019,4.52,83.12,27.34,0.54,4.09,99.63
7/13/2019,7.32,85.91,26.88,0.54,4.76,99.69
7/14/2019,5.24,85.16,26.86,0.54,4.37,99.67
7/15/2019,4.11,84.93,26.55,0.54,4.95,99.55
7/16/2019,2.69,83.54,26.96,0.54,5.61,99.49
7/17/2019,5.06,81.49,27.2,0.54,7.62,99.4
7/18/2019,12.86,83.79,26.58,0.55,8.82,99.24
7/19/2019,9.07,87.04,26.01,0.56,8.36,99.22
7/20/2019,3.02,85.49,26.16,0.56,6.62,99.31
7/21/2019,3.5,81.91,26.36,0.55,5.58,99.38
7/22/2019,3.16,82.87,26.65,0.55,5.49,99.35
7/23/2019,0.6,82.2,26.4,0.55,4.67,99.39
7/24/2019,0.91,83.94,26.45,0.55,4.72,99.47
7/25/2019,4.19,84.82,26.62,0.54,5.57,99.6
7/26/2019,1.57,84.77,26.41,0.54,4.81,99.59
7/27/2019,0.2,85.19,26.22,0.54,3.96,99.53
7/28/2019,0.06,83.26,26.6,0.54,4.78,99.53
7/29/2019,0.06,83.54,26.64,0.54,4.79,99.58
7/30/2019,0.05,82.88,26.66,0.53,3.54,99.62
7/31/2019,0.34,84.65,26.74,0.53,3.89,99.67
8/1/2019,1.2,87.75,26.62,0.53,5.51,99.69
8/2/2019,0.4,85.67,27.05,0.53,5.73,99.68
8/3/2019,0.1,84.5,27.33,0.52,5.61,99.64
8/4/2019,1.47,82.75,27.33,0.52,5.92,99.62
8/5/2019,6.08,83.24,27.19,0.52,6.3,99.59
8/6/2019,5.02,85.1,27.39,0.53,6.7,99.53
8/7/2019,9.39,84.82,27.29,0.53,7.06,99.52
8/8/2019,20.99,85.33,26.86,0.55,6.65,99.59
8/9/2019,8.8,85.2,26.88,0.55,4.86,99.58
8/10/2019,13.83,82.99,26.79,0.56,5.61,99.57
8/11/2019,10.96,84.06,26.2,0.57,5.5,99.55
8/12/2019,5.99,83.34,26.1,0.57,6.63,99.53
8/13/2019,17.04,86.58,26.05,0.58,6.37,99.58
8/14/2019,8.81,86.82,26.04,0.59,5.67,99.66
8/15/2019,0.66,85.88,26.43,0.59,4.35,99.65
8/16/2019,4.93,86.83,26.51,0.59,4.56,99.57
8/17/2019,4.84,82.11,25.5,0.59,4.62,99.59
8/18/2019,4.05,82.56,25.86,0.59,4.53,99.58
8/19/2019,6.28,85.33,26.4,0.59,4.55,99.64
8/20/2019,6,86.13,26.55,0.59,5.79,99.64
8/21/2019,8.52,82.19,26.79,0.59,7.31,99.61
8/22/2019,16.14,85.13,26.45,0.6,6.7,99.64
8/23/2019,7.95,84.51,25.94,0.61,5.98,99.73
8/24/2019,7.5,83.81,26.09,0.61,5.66,99.75
8/25/2019,11.76,82.01,26.09,0.61,6.41,99.75
8/26/2019,5.86,80.66,25.89,0.62,6.58,99.77
8/27/2019,6.78,84.78,26.1,0.62,5.6,99.68
8/28/2019,6.48,85.4,26.7,0.62,5.4,99.62
8/29/2019,23.7,85.04,26.32,0.63,6.13,99.69
8/30/2019,8.26,84.44,26.24,0.64,5.96,99.48
8/31/2019,5.96,84.7,26.76,0.64,6.79,99.4
9/1/2019,10.48,87.89,26.49,0.64,5.76,99.51
9/2/2019,3.51,85.56,26.77,0.65,5.11,99.62
9/3/2019,1.67,86.51,26.52,0.64,5.42,99.57
9/4/2019,2.7,86.18,26.61,0.64,5.63,99.53
9/5/2019,4.73,85.18,26.79,0.64,5.35,99.56
9/6/2019,2.96,86.57,26.97,0.64,5.41,99.54
9/7/2019,1.17,86.98,27.13,0.64,5.41,99.59
9/8/2019,0.61,85.31,26.96,0.63,4.67,99.66
9/9/2019,1.19,80.23,26.97,0.63,4.51,99.57
9/10/2019,4.04,85.89,26.76,0.63,4.47,99.53
9/11/2019,22.52,87.88,26.76,0.63,5.13,99.68
9/12/2019,10.08,86.2,26.09,0.65,4.16,99.86
9/13/2019,5.1,84.7,26.14,0.65,3.6,99.85
9/14/2019,9.66,85.03,26.32,0.65,4.14,99.76
9/15/2019,30.17,88.33,26.21,0.67,4.92,99.71
9/16/2019,29.38,86.73,26.02,0.7,5.04,99.63
9/17/2019,9.85,87.53,26.47,0.7,5.67,99.5
9/18/2019,4.5,86.54,26.82,0.71,6.18,99.57
9/19/2019,12.18,87.48,26.55,0.7,5.97,99.65
9/20/2019,5.19,81.87,25.42,0.71,4.06,99.67
9/21/2019,3.26,86.79,26.17,0.71,4.08,99.54
9/22/2019,20.75,89.57,26.02,0.71,4.72,99.56
9/23/2019,42.05,88.64,26.05,0.73,6.19,99.59
9/24/2019,39.2,87.65,25.96,0.78,6.04,99.61
9/25/2019,23.33,89.82,25.7,0.79,4.37,99.69
9/26/2019,2.83,84.47,26.13,0.8,3.19,99.88
9/27/2019,5.65,79.23,26.7,0.8,1.65,99.92
9/28/2019,7.32,79.19,26.67,0.8,2.3,99.78
9/29/2019,14.57,82.08,26,0.8,1.81,99.81
9/30/2019,2.39,83.12,26.17,0.81,2.65,99.79
10/1/2019,3.44,85.43,26.05,0.8,2.75,99.81
10/2/2019,2.14,82.71,26.71,0.8,1.51,99.75
10/3/2019,13.91,82.28,27.05,0.8,2.21,99.68
10/4/2019,21.38,86.65,25.89,0.82,3.68,99.69
10/5/2019,15.44,86.07,25.97,0.82,3.47,99.63
10/6/2019,15.9,85.37,25.84,0.82,3.33,99.7
10/7/2019,13.86,84.16,25.91,0.83,3.2,99.7
10/8/2019,12.65,86.44,26.13,0.84,3.08,99.65
10/9/2019,7.9,87.94,26.21,0.84,2.55,99.61
10/10/2019,9.31,89.01,25.69,0.85,3.44,99.64
10/11/2019,20.99,88.21,25.84,0.85,3.08,99.61
10/12/2019,5.96,85.3,26.34,0.86,2.41,99.58
10/13/2019,14.39,85.72,26.4,0.86,2.57,99.59
10/14/2019,12.28,83.71,27.09,0.86,1.45,99.55
10/15/2019,25.32,86.84,26.64,0.87,3.11,99.52
10/16/2019,32.27,90.36,25.97,0.89,4.51,99.55
10/17/2019,8.12,89.63,25.77,0.9,3.18,99.59
10/18/2019,15.89,82.38,26.82,0.9,1.9,99.58
10/19/2019,39.95,85.64,26.68,0.92,2.37,99.57
10/20/2019,43.59,87.24,26.62,0.93,3.13,99.54
10/21/2019,26.76,90.63,26.04,0.94,5.54,99.5
10/22/2019,4.65,87.7,25.62,0.95,3.01,99.57
10/23/2019,7.94,86.14,26.03,0.95,3.61,99.56
10/24/2019,41.67,90.24,25.28,0.96,3.17,99.67
10/25/2019,9.27,87,24.97,0.96,3.18,99.74
10/26/2019,2.37,87.78,25.05,0.96,2.74,99.73
10/27/2019,16.86,87.3,25.21,0.96,3.81,99.65
10/28/2019,13.67,83.69,25.89,0.96,4.29,99.53
10/29/2019,20.98,87.6,25.69,0.96,4.07,99.5
10/30/2019,27.28,89.31,25.88,0.96,5.45,99.61
10/31/2019,2.92,88.84,25.34,0.96,3.2,99.74
11/1/2019,1.4,82.62,26.37,0.96,1.93,99.66
11/2/2019,11.1,79.46,26.75,0.95,2.08,99.63
11/3/2019,18.13,78.76,26.35,0.96,1.83,99.8
11/4/2019,14.7,87.46,25.8,0.96,2.6,99.86
11/5/2019,4.41,87.11,25.9,0.96,2.32,99.72
11/6/2019,0.44,86.05,26.14,0.95,2.65,99.6
11/7/2019,1.66,85.05,26.44,0.95,3.21,99.59
11/8/2019,3.29,87.16,26.34,0.94,3.65,99.65
11/9/2019,6.24,90.8,26.07,0.94,3.73,99.65
11/10/2019,6.41,88.9,26.44,0.94,3.21,99.58
11/11/2019,13.09,89.66,25.34,0.94,2.26,99.58
11/12/2019,3.47,81.23,26.63,0.94,1.97,99.61
11/13/2019,3.34,79.49,27.14,0.93,1.97,99.61
11/14/2019,2.22,77.2,27.25,0.93,1.77,99.59
11/15/2019,20.29,81.99,27.14,0.92,1.48,99.53
11/16/2019,13.67,88.29,26.62,0.93,2.8,99.56
11/17/2019,15.27,83.36,27.02,0.93,1.77,99.6
11/18/2019,5.32,78.68,27.21,0.93,1.5,99.61
11/19/2019,23.87,83.13,27.19,0.93,1.85,99.56
11/20/2019,14.46,82.79,26.82,0.94,1.87,99.54
11/21/2019,1.18,78.77,27.13,0.93,2.42,99.58
11/22/2019,20.06,83.74,26.48,0.93,2.23,99.67
11/23/2019,11.02,90.53,26,0.94,3.71,99.58
11/24/2019,7.93,87.69,26.77,0.94,2.36,99.56
11/25/2019,6.81,81.23,27.07,0.94,2.17,99.55
11/26/2019,10.31,83.74,26.96,0.94,4.24,99.43
11/27/2019,6.9,85,26.86,0.93,2.25,99.4
11/28/2019,13.21,86.46,27.27,0.93,2.97,99.42
11/29/2019,23.52,86.66,26.98,0.93,1.95,99.46
11/30/2019,61.26,89.73,26.07,0.95,4.74,99.57
12/1/2019,22.32,88.59,25.94,0.96,2.89,99.65
12/2/2019,11.77,85.75,26.36,0.96,2.92,99.66
12/3/2019,3.46,81.58,26.21,0.96,3.05,99.6
12/4/2019,18.15,85.97,26.41,0.96,2.24,99.63
12/5/2019,46.94,87.28,26.39,0.96,2.53,99.72
12/6/2019,8.58,84.25,26.48,0.97,3.02,99.66
12/7/2019,0.92,84.47,26.43,0.97,3.16,99.63
12/8/2019,1.11,88.11,25.67,0.96,4.8,99.69
12/9/2019,4.2,90.95,25.53,0.96,5.47,99.65
12/10/2019,18.63,87.56,26.48,0.96,2.87,99.55
12/11/2019,5.6,87.38,25.85,0.96,3.01,99.55
12/12/2019,2.07,86.04,25.55,0.96,3.32,99.6
12/13/2019,0.87,79.38,26.92,0.96,1.43,99.63
12/14/2019,3.27,82.86,26.45,0.95,2.31,99.75
12/15/2019,0.39,83.79,26.15,0.94,4.02,99.65
12/16/2019,0.43,82.04,26.07,0.94,4.15,99.62
12/17/2019,6.08,85.46,26.31,0.93,3.83,99.64
12/18/2019,8.57,86.49,26.64,0.93,3.74,99.61
12/19/2019,20.44,87.91,26.51,0.93,3.97,99.57
12/20/2019,33.68,86.13,26.64,0.94,2.57,99.55
12/21/2019,7.73,83.87,26.64,0.95,2.15,99.68
12/22/2019,2.93,87.81,26.75,0.94,3.73,99.58
12/23/2019,11.86,89.89,25.64,0.94,4.46,99.6
12/24/2019,4.28,83.52,26.62,0.94,1.67,99.69
12/25/2019,6.77,82.77,26.6,0.94,2.28,99.69
12/26/2019,2.25,80.37,26.33,0.93,3.37,99.71
12/27/2019,0.53,81.37,25.44,0.92,4.03,99.61
12/28/2019,0.32,81.91,25.87,0.92,4.35,99.65
12/29/2019,0.04,79.7,25.29,0.91,4.45,99.69
12/30/2019,0,75.01,25.81,0.9,2.57,99.71
12/31/2019,2.26,78.64,26.64,0.9,2.04,99.77
1/1/2020,3.17,78.85,27.19,0.89,1.92,99.79
1/2/2020,13.41,81.28,27.37,0.89,1.69,99.83
1/3/2020,2.49,79.13,27.46,0.89,1.75,99.79
1/4/2020,8.44,82.67,27.06,0.88,1.26,99.67
1/5/2020,1.36,78.81,27.08,0.88,1.89,99.62
1/6/2020,0.31,82.52,26.37,0.87,4.06,99.72
1/7/2020,0.73,83.25,26.31,0.86,4.59,99.71
1/8/2020,0.38,82.61,25.84,0.86,5.65,99.69
1/9/2020,0,80.11,25.22,0.85,4.78,99.73
1/10/2020,0,77.89,25.22,0.84,3.81,99.72
1/11/2020,0.33,83.09,25.38,0.84,5.74,99.69
1/12/2020,0.62,83.46,25.87,0.83,6.1,99.64
1/13/2020,0.43,78.23,24.72,0.82,5.28,99.66
1/14/2020,0,76.29,24.22,0.81,4.82,99.69
1/15/2020,0,75.2,24.43,0.8,3.77,99.69
1/16/2020,0.35,78.55,25.51,0.8,2.85,99.68
1/17/2020,3.65,82.67,26.38,0.79,1.64,99.65
1/18/2020,2.48,80.3,26.79,0.79,2.31,99.61
1/19/2020,5.67,83.6,26.44,0.78,3.93,99.61
1/20/2020,2.6,83.29,26.5,0.78,4.94,99.72
1/21/2020,2.18,83.76,26.43,0.78,5.16,99.76
1/22/2020,7.41,86.85,26.52,0.77,5.46,99.73
1/23/2020,1.05,85.19,26.59,0.77,5.13,99.67
1/24/2020,0.15,83.81,26.37,0.76,5.46,99.69
1/25/2020,0.03,81.81,25.93,0.76,4.92,99.79
1/26/2020,0.09,77.87,25.87,0.75,4.24,99.74
1/27/2020,0.29,77.4,25.83,0.74,2.24,99.76
1/28/2020,0.29,74.77,26.25,0.73,1.05,99.83
1/29/2020,0.16,73.47,25.84,0.73,2.21,99.85
1/30/2020,0.09,75.65,25.75,0.72,2.56,99.78
1/31/2020,0.37,76.9,25.54,0.71,2.92,99.65
2/1/2020,0.02,75.61,25.07,0.71,3.51,99.72
2/2/2020,0.05,73.88,25.68,0.7,3.29,99.89
2/3/2020,0.05,78.06,25.88,0.69,4.3,99.88
2/4/2020,0.24,80.1,26.12,0.69,3.84,99.7
2/5/2020,3.74,82.52,25.78,0.68,2.47,99.77
2/6/2020,0.37,78.43,26.53,0.68,2.15,99.81
2/7/2020,0,77.68,26.38,0.67,2.71,99.84
2/8/2020,0.01,75.75,26.4,0.67,2.47,99.89
2/9/2020,0.02,76.51,25.93,0.66,3.56,99.82
2/10/2020,0,75.8,25.52,0.66,4.82,99.76
2/11/2020,0.33,79.1,25.99,0.65,5.16,99.75
2/12/2020,2.43,82.62,26.68,0.64,6.17,99.79
2/13/2020,1.34,81.82,26.66,0.64,6.01,99.78
2/14/2020,2,82.13,26.27,0.64,3.4,99.71
2/15/2020,1.07,78.08,27.3,0.63,2.55,99.7
2/16/2020,0.35,77.21,27.28,0.63,2.5,99.77
2/17/2020,0.06,77.45,26.22,0.62,4.72,99.82
2/18/2020,0,72.1,25.39,0.61,3.9,99.84
2/19/2020,0,72.74,25.55,0.61,3.88,99.77
2/20/2020,0.23,76.82,26.54,0.6,4.18,99.67
2/21/2020,3.47,82.49,27.27,0.6,4.19,99.7
2/22/2020,1.82,82.29,27.11,0.6,5.49,99.78
2/23/2020,0.86,80.43,26.82,0.59,5.2,99.74
2/24/2020,0.16,76.52,27.39,0.59,3.58,99.6
2/25/2020,0.26,76.51,27.89,0.59,2.41,99.56
2/26/2020,0.02,74.77,27.67,0.58,2.28,99.59
2/27/2020,0.01,73.36,27.24,0.58,3.65,99.61
2/28/2020,0,72.24,26.99,0.57,3.94,99.53
2/29/2020,0.01,69.1,27.47,0.56,1.87,99.57
3/1/2020,0,70.59,28.01,0.56,1.68,99.6
3/2/2020,0.02,71.49,27.77,0.55,1.65,99.7
3/3/2020,0.07,69.11,27.81,0.55,1.58,99.71
3/4/2020,0.05,72.35,27.83,0.54,1.74,99.64
3/5/2020,1.32,77.66,27.43,0.54,2.17,99.63
3/6/2020,7.74,82.21,27.31,0.54,3.33,99.67
3/7/2020,3.51,79.68,27.21,0.54,2.84,99.8
3/8/2020,0.44,73.61,27.73,0.54,2.31,99.7
3/9/2020,0.32,75,28.06,0.54,1.75,99.58
3/10/2020,2.12,72.67,27.96,0.53,1.8,99.6
3/11/2020,0.37,73.3,27.44,0.53,2.04,99.68
3/12/2020,0.19,71.93,27.97,0.52,1.5,99.74
3/13/2020,0.1,71.29,27.89,0.52,2.03,99.68
3/14/2020,0.27,74.39,27.94,0.52,2.36,99.63
3/15/2020,0.28,73.29,28.45,0.51,1.71,99.56
3/16/2020,3.78,74.03,28.57,0.51,1.69,99.63
3/17/2020,5.39,73.64,28.49,0.51,2.58,99.76
3/18/2020,2.89,71.39,29.01,0.51,1.48,99.71
3/19/2020,1.48,74.1,28.08,0.51,1.52,99.7
3/20/2020,1.73,76.93,27.78,0.51,1.55,99.72
3/21/2020,1.31,74.38,27.79,0.51,1.88,99.72
3/22/2020,0.33,73.58,27.78,0.51,2.29,99.69
3/23/2020,1.53,71.02,28.32,0.5,1.89,99.63
3/24/2020,1.35,69.53,28.28,0.5,1.83,99.47
3/25/2020,1.27,73.93,27.98,0.5,2.11,99.49
3/26/2020,0.38,64.11,28.36,0.49,1.43,99.48
3/27/2020,0.03,62.72,28.11,0.49,1.89,99.67
3/28/2020,0.03,66.45,28.38,0.48,2.36,99.59
3/29/2020,1.82,77.91,27.8,0.48,2.73,99.56
3/30/2020,4.76,74.06,28.47,0.48,1.72,99.57
3/31/2020,3.26,68.24,28.56,0.48,1.68,99.6
4/1/2020,0.66,68.47,28.72,0.48,2.14,99.58
4/2/2020,0.13,68.1,28.39,0.48,2.17,99.49
4/3/2020,2.27,69.03,28.47,0.47,2.49,99.56
4/4/2020,6.53,73.83,28.37,0.47,1.92,99.65
4/5/2020,3.76,74.64,28.8,0.48,2.38,99.73
4/6/2020,1.04,71.31,28.87,0.48,2.15,99.73
4/7/2020,1.45,77.74,28.1,0.47,3.02,99.69
4/8/2020,4.43,80.18,27.92,0.47,2.79,99.73
4/9/2020,3.39,79.87,27.94,0.48,1.82,99.67
4/10/2020,7.89,76.79,28.2,0.48,1.97,99.68
4/11/2020,6.89,73.22,28.74,0.48,1.7,99.73
4/12/2020,8.84,74.05,28.72,0.48,1.48,99.68
4/13/2020,3.94,75.22,28.51,0.49,1.86,99.56
4/14/2020,18.62,76.26,28.32,0.49,1.67,99.61
4/15/2020,6.8,75.92,28.51,0.51,1.84,99.68
4/16/2020,5.09,76.16,28.68,0.51,2.33,99.6
4/17/2020,12.88,79.61,28.51,0.52,2.78,99.56
4/18/2020,3.05,74.22,28.98,0.52,2.71,99.58
4/19/2020,5.48,74.75,29.01,0.52,1.69,99.51
4/20/2020,1.51,73.33,29.24,0.52,1.41,99.48
4/21/2020,1.96,75.95,29.09,0.51,1.82,99.52
4/22/2020,23.56,84.51,28.02,0.52,2.3,99.54
4/23/2020,8.56,84.63,27.96,0.55,2.62,99.55
4/24/2020,15.19,85.22,27.35,0.56,4.33,99.53
4/25/2020,2.89,80.01,28.55,0.56,3.04,99.51
4/26/2020,14.41,86.25,27.71,0.57,3.32,99.55
4/27/2020,8.22,82.61,28.48,0.58,2.48,99.61
4/28/2020,6.65,84.8,27.89,0.58,3.7,99.6
4/29/2020,4.96,82.72,27.88,0.58,4.15,99.59
4/30/2020,6.14,82.35,27.62,0.58,2.36,99.68
5/1/2020,3.75,77.2,28.04,0.59,2.98,99.59
5/2/2020,1.83,80.5,28.43,0.58,2.39,99.43
5/3/2020,2.99,83.52,28.53,0.58,2.47,99.4
5/4/2020,4.42,83.88,28.4,0.58,1.97,99.49
5/5/2020,12.79,83.66,27.78,0.59,3.6,99.57
5/6/2020,10.34,83.85,27.69,0.6,4.1,99.57
5/7/2020,12.07,80.91,28.19,0.6,4.05,99.58
5/8/2020,6.98,86.43,27.42,0.61,3.18,99.54
5/9/2020,10.99,83.41,28.09,0.61,2.62,99.5
5/10/2020,10.83,84.49,28.08,0.62,1.98,99.47
5/11/2020,62.95,89.38,27.03,0.66,3.36,99.52
5/12/2020,20.68,79.03,28.59,0.69,1.73,99.43
5/13/2020,8.28,83.75,27.47,0.7,1.95,99.37
5/14/2020,7.76,82.19,28.11,0.7,2.18,99.31
5/15/2020,29.01,85.89,27.89,0.71,4.68,99.2
5/16/2020,27.9,86.33,27.67,0.74,4.93,99.18
5/17/2020,9.84,86.61,28.04,0.74,6.27,99.15
5/18/2020,22.36,88.13,27.69,0.76,7.8,99.17
5/19/2020,18.76,87.47,27.16,0.77,7.2,99.2
5/20/2020,4.59,85.03,28.06,0.77,6.88,99.28
5/21/2020,8.02,85.29,27.12,0.77,6.02,99.49
5/22/2020,5.75,86.04,27.47,0.77,6.35,99.41
5/23/2020,2.3,86.53,27.69,0.77,5.59,99.41
5/24/2020,3.48,86.7,27.77,0.76,6.43,99.47
5/25/2020,5.22,88.28,27.46,0.76,4.56,99.59
5/26/2020,4.85,89.33,27.58,0.76,4.99,99.57
5/27/2020,10.63,90.45,27.47,0.76,5.78,99.55
5/28/2020,6.16,89.03,27.54,0.76,6.31,99.53
5/29/2020,5.95,89.37,26.64,0.77,4.87,99.5
5/30/2020,3.91,88.77,26.83,0.77,5.55,99.54
5/31/2020,2.57,86.18,27.54,0.77,5.67,99.61
6/1/2020,0.32,85.55,27.3,0.76,4.81,99.68
6/2/2020,0.17,83.94,27.19,0.75,5.1,99.68
6/3/2020,0.08,82.06,27.07,0.75,4.49,99.63
6/4/2020,0.23,85.35,27.15,0.74,5.2,99.64
6/5/2020,5.2,85.95,27.5,0.73,5.8,99.6
6/6/2020,24.64,83.04,26.92,0.75,6.52,99.63
6/7/2020,10.76,84.26,26.77,0.75,6.5,99.55
6/8/2020,6.22,86.21,27.21,0.75,5.39,99.43
6/9/2020,3.79,86.82,27.4,0.75,5.49,99.39
6/10/2020,7.4,87.97,27.5,0.75,6.13,99.35
6/11/2020,3.85,83.64,26.58,0.75,6.7,99.35
6/12/2020,10.15,84.14,27.02,0.75,6,99.3
6/13/2020,3.05,85.34,27.3,0.75,5.41,99.34
6/14/2020,2.2,86.31,27.36,0.75,5.79,99.42
6/15/2020,2.28,87.83,27.57,0.75,5.2,99.42
6/16/2020,2.02,87.68,27.46,0.74,5.68,99.39
6/17/2020,3.63,86.05,27.26,0.74,5.2,99.41
6/18/2020,1.38,85.02,27.45,0.74,4.76,99.53
6/19/2020,1.42,86.05,27.38,0.73,5.45,99.56
6/20/2020,4.46,86.71,26.9,0.73,4.84,99.53
6/21/2020,5.42,84.56,26.52,0.73,6.47,99.45
6/22/2020,1.32,83.29,26.63,0.73,6.99,99.32
6/23/2020,0.82,80.83,27.14,0.72,4.35,99.33
6/24/2020,7.29,85.8,26.81,0.72,3.68,99.33
6/25/2020,11.88,84.61,25.91,0.73,4.17,99.34
6/26/2020,6.94,84.65,26.32,0.73,5.56,99.37
6/27/2020,4.03,84.37,26.93,0.73,5.19,99.36
6/28/2020,1.65,85.47,27.1,0.72,5.75,99.33
6/29/2020,4.83,87.2,27.02,0.72,6.15,99.25
6/30/2020,5.32,87.8,26.98,0.72,5.28,99.3
7/1/2020,1.37,88.5,26.87,0.72,4.58,99.35
7/2/2020,1.88,86.82,26.89,0.72,4.47,99.36
7/3/2020,6.08,85.27,26.13,0.72,6,99.54
7/4/2020,0.4,82.58,26.57,0.71,4.92,99.49
7/5/2020,0.68,84.68,26.78,0.71,5.2,99.43
7/6/2020,4.63,82.54,26.83,0.71,6.51,99.4
7/7/2020,1.21,83.24,26.9,0.71,4.87,99.43
7/8/2020,2.2,87.52,26.32,0.7,3.39,99.42
7/9/2020,6.11,86.02,26.43,0.7,4.06,99.35
7/10/2020,11.09,88.92,26.06,0.71,4.48,99.44
7/11/2020,4.71,89.11,26.1,0.71,4.31,99.46
7/12/2020,3.98,86.13,26.36,0.71,4.71,99.4
7/13/2020,1.06,85.79,26.3,0.71,4.8,99.32
7/14/2020,1.28,86.24,26.8,0.71,4.37,99.32
7/15/2020,3.39,87.61,27.1,0.7,5.7,99.33
7/16/2020,6.11,88.15,26.14,0.7,5.68,99.37
7/17/2020,5.89,89.23,25.46,0.71,4.67,99.32
7/18/2020,3.24,87.47,26.16,0.71,4,99.31
7/19/2020,8.96,87.54,26.27,0.71,3.53,99.28
7/20/2020,10.85,88.91,26.2,0.71,4.28,99.22
7/21/2020,1.74,86.76,26.11,0.72,4.18,99.37
7/22/2020,0.67,85.58,26.15,0.71,4.85,99.4
7/23/2020,6.71,88.54,26.03,0.71,6.24,99.37
7/24/2020,5.13,84.91,26.33,0.71,6.03,99.5
7/25/2020,2.93,85.9,25.6,0.71,4.41,99.63
7/26/2020,1.15,84.25,25.18,0.71,4.51,99.69
7/27/2020,1.42,84.4,26.13,0.71,3.16,99.49
7/28/2020,3.52,86.85,26.27,0.7,4.83,99.35
7/29/2020,15.27,86.22,25.65,0.71,7.13,99.38
7/30/2020,2.23,82.14,26.35,0.71,6.56,99.45
7/31/2020,5.25,84.48,26.61,0.71,6.68,99.39
8/1/2020,8.07,85.21,26.61,0.71,6.56,99.46
8/2/2020,14.43,87.43,26.34,0.71,6.14,99.52
8/3/2020,6.24,88.91,26.15,0.72,5.78,99.47
8/4/2020,4.58,89.26,26.18,0.72,5.91,99.29
8/5/2020,7.11,87.32,26.02,0.72,5.52,99.33
8/6/2020,33.07,87.4,26.22,0.74,6.68,99.45
8/7/2020,9.37,85.54,26.33,0.75,6.36,99.52
8/8/2020,6.86,86.35,26.04,0.75,6.02,99.49
8/9/2020,5.99,88.33,25.49,0.75,6.39,99.49
8/10/2020,3.69,88.58,26.08,0.75,5.25,99.5
8/11/2020,5.61,90.7,26.06,0.75,5.31,99.57
8/12/2020,2.34,88.53,26.14,0.74,4.62,99.65
8/13/2020,0.45,86.27,26.07,0.74,4.78,99.47
8/14/2020,0.2,86.58,26.05,0.73,4.81,99.41
8/15/2020,0.21,89.39,26.11,0.73,4.22,99.44
8/16/2020,0.2,88.04,26.23,0.72,3.53,99.45
8/17/2020,0.48,87.21,26.46,0.72,3.92,99.42
8/18/2020,0.41,85.03,26.56,0.71,4.25,99.41
8/19/2020,0.3,85.68,26.48,0.71,4.17,99.31
8/20/2020,0.23,87.17,26.55,0.7,4.43,99.32
8/21/2020,0.16,84.96,26.74,0.7,4.07,99.47
8/22/2020,1.28,84.41,26.85,0.69,4.11,99.54
8/23/2020,1.52,85.28,26.63,0.68,4.13,99.52
8/24/2020,0.86,85.06,26.59,0.68,3.46,99.54
8/25/2020,1.08,85.24,26.75,0.67,3.42,99.56
8/26/2020,2.38,85.5,26.57,0.67,4.21,99.61
8/27/2020,2.98,84.79,26.65,0.67,4.45,99.5
8/28/2020,1.8,84.83,26.52,0.66,5.1,99.43
8/29/2020,0.42,84.93,26.5,0.66,5.52,99.44
8/30/2020,0.58,84.63,26.55,0.65,4.65,99.46
8/31/2020,2.51,86.57,26.19,0.65,4.72,99.48
9/1/2020,5.79,83.86,26.09,0.65,5.19,99.5
9/2/2020,16.8,87.87,25.66,0.66,5.34,99.5
9/3/2020,2.97,87.53,26.18,0.67,4.89,99.43
9/4/2020,4.38,88.05,26.32,0.67,3.94,99.38
9/5/2020,5.6,87.49,26.15,0.67,5.96,99.38
9/6/2020,17.7,84.11,26.4,0.67,7.06,99.45
9/7/2020,4.96,83.67,26.01,0.68,4.94,99.52
9/8/2020,6.64,85.49,26.4,0.68,4.71,99.53
9/9/2020,15.21,89.21,26.39,0.68,6.01,99.5
9/10/2020,8.28,87.34,26.16,0.69,5.83,99.43
9/11/2020,3.7,84.34,26.59,0.69,6.37,99.44
9/12/2020,2.75,86.12,26.37,0.69,5.09,99.58
9/13/2020,8.21,86.55,26.29,0.69,4.8,99.61
9/14/2020,7.44,86.24,26.24,0.69,4.7,99.54
9/15/2020,3.65,86.15,26.4,0.69,5.35,99.53
9/16/2020,1.84,88.51,26.42,0.69,4.99,99.54
9/17/2020,4.26,90.48,26.34,0.69,5.7,99.56
9/18/2020,8.01,90.11,26.33,0.69,6.76,99.51
9/19/2020,17.89,87,25.88,0.7,6.63,99.46
9/20/2020,14.3,79.76,26.23,0.71,7.45,99.44
9/21/2020,4.04,82.33,26.25,0.71,6.8,99.47
9/22/2020,13.59,86.01,26.22,0.72,5.57,99.52
9/23/2020,2.5,85.59,26.38,0.71,5,99.55
9/24/2020,5.73,87.73,26.12,0.71,3.66,99.62
9/25/2020,11.26,91.21,24.95,0.72,4.23,99.66
9/26/2020,2.32,86.55,26.1,0.72,3.67,99.58
9/27/2020,2.78,89.24,26.06,0.72,3.54,99.6
9/28/2020,8.32,89.49,26.06,0.72,4.63,99.58
9/29/2020,14.65,88.79,26.25,0.72,5.88,99.49
9/30/2020,10.89,86.86,26.14,0.73,6.96,99.49
10/1/2020,1.67,85.1,26.25,0.73,5.39,99.48
10/2/2020,2.06,84.66,26.16,0.73,5.83,99.51
10/3/2020,2.63,84.71,26.38,0.72,6.03,99.55
10/4/2020,0.71,83.53,26.25,0.72,5.97,99.6
10/5/2020,0.34,83.52,26.25,0.71,4.63,99.49
10/6/2020,0.28,83.7,26.22,0.71,4.45,99.49
10/7/2020,0.38,82.55,26.22,0.7,4.59,99.52
10/8/2020,1.88,84.91,26.34,0.69,4.34,99.5
10/9/2020,7.68,85.1,26.5,0.69,5.09,99.51
10/10/2020,12.68,85.4,26.35,0.7,5.52,99.47
10/11/2020,10.91,84.47,26.57,0.71,7.54,99.38
10/12/2020,6.38,85.35,26.65,0.71,6.87,99.33
10/13/2020,8.27,87.62,26.59,0.71,7.52,99.28
10/14/2020,11.44,87.27,26.69,0.71,7.15,99.38
10/15/2020,11.16,88.48,26.48,0.72,5.96,99.35
10/16/2020,2.68,87.51,26.28,0.72,5.02,99.3
10/17/2020,0.1,81.99,26.3,0.71,4.61,99.37
10/18/2020,0.33,86.01,26.42,0.71,4.22,99.4
10/19/2020,0.62,86.41,26.48,0.7,4.53,99.37
10/20/2020,0.9,86.78,26.6,0.7,5.54,99.36
10/21/2020,2.23,87.37,26.72,0.69,5.86,99.43
10/22/2020,3.52,87.32,26.61,0.69,6,99.41
10/23/2020,1.22,87.19,26.37,0.69,4.66,99.45
10/24/2020,1.78,85.87,26.49,0.68,4.06,99.54
10/25/2020,1.28,86.24,26.45,0.68,3.31,99.59
10/26/2020,1.2,86.42,26.41,0.68,2.66,99.57
10/27/2020,3.31,83.46,26.63,0.67,2.12,99.51
10/28/2020,1.47,84.65,26.31,0.67,2.19,99.59
10/29/2020,1.21,83.27,26.5,0.67,2.47,99.6
10/30/2020,2.44,85.93,26.13,0.67,2.21,99.6
10/31/2020,2.07,82.62,26.7,0.66,1.97,99.61
11/1/2020,2.09,86.45,26.31,0.66,2.22,99.69
11/2/2020,0.93,85.08,26.49,0.66,2.27,99.74
11/3/2020,4.25,81.61,27.01,0.66,2.16,99.69
11/4/2020,17.59,83.97,26.96,0.66,1.96,99.64
11/5/2020,14.85,80.54,27.3,0.67,1.9,99.63
11/6/2020,19.67,85.2,26.83,0.69,2.08,99.66
11/7/2020,5.81,78.07,27.72,0.7,2.45,99.68
11/8/2020,15.92,81.2,27.32,0.7,3.03,99.69
11/9/2020,7.91,86.49,26.94,0.71,5.15,99.53
11/10/2020,13.41,87.43,26.84,0.71,4.17,99.39
11/11/2020,24.48,80.68,27.52,0.73,1.97,99.42
11/12/2020,10.87,86.35,26.87,0.74,1.61,99.51
11/13/2020,21.48,84.64,26.97,0.75,2.26,99.47
11/14/2020,24.59,83.15,27.34,0.76,2.86,99.37
11/15/2020,26.15,87.62,27.01,0.79,3.48,99.31
11/16/2020,30.86,83.6,27.01,0.8,2.19,99.44
11/17/2020,23,86.14,26.1,0.83,2.88,99.45
11/18/2020,20.42,86.45,25.84,0.84,3.36,99.62
11/19/2020,3.04,81.6,26.56,0.85,2.36,99.6
11/20/2020,10.9,80.13,26.79,0.85,2.2,99.55
11/21/2020,3.85,83.25,26.43,0.85,4.07,99.61
11/22/2020,2.32,85.24,25.73,0.85,4.14,99.69
11/23/2020,3.87,89.79,25.26,0.84,3.48,99.64
11/24/2020,5.55,87.33,25.94,0.84,4.4,99.47
11/25/2020,6.67,89.1,26.31,0.84,4.5,99.43
11/26/2020,1.6,84.79,26.22,0.84,3.64,99.53
11/27/2020,2.44,83.43,25.9,0.84,2.29,99.68
11/28/2020,2.28,78.23,26.62,0.84,1.7,99.72
11/29/2020,0.95,80.16,26.73,0.83,2.94,99.65
11/30/2020,0.96,82.97,26.36,0.83,4.67,99.62
12/1/2020,2.7,87.98,25.73,0.82,5.54,99.61
12/2/2020,15.39,91.66,25.57,0.82,8.2,99.36
12/3/2020,18.96,88.42,26,0.84,6.98,99.33
12/4/2020,16.12,85.94,26.33,0.84,4.34,99.3
12/5/2020,19.75,88.41,26.46,0.86,3.59,99.36
12/6/2020,0.76,86.46,26.28,0.86,3.5,99.54
12/7/2020,0.65,78.39,26.48,0.85,1.79,99.69
12/8/2020,3.92,78.14,27.05,0.85,1.46,99.75
12/9/2020,3.99,81.54,26.97,0.85,2.27,99.67
12/10/2020,5.36,81.55,26.39,0.84,3.5,99.68
12/11/2020,1.12,81.28,26.17,0.84,4.42,99.7
12/12/2020,1.14,84.38,25.39,0.83,3.37,99.69
12/13/2020,0.03,78.89,25.54,0.83,4.4,99.63
12/14/2020,0.02,78.17,25.07,0.82,4.43,99.61
12/15/2020,10.82,81.22,25.63,0.81,2.78,99.65
12/16/2020,6.79,78.23,26.53,0.82,1.85,99.68
12/17/2020,3.47,79.63,26.28,0.82,1.23,99.67
12/18/2020,8.08,82.25,25.96,0.82,2.29,99.63
12/19/2020,4.14,85.91,25.7,0.82,3.84,99.62
12/20/2020,13.14,89.75,25.44,0.82,5.78,99.65
12/21/2020,8.75,88.44,25.61,0.82,5.62,99.54
12/22/2020,9.25,90.41,25.54,0.83,4.7,99.54
12/23/2020,15.7,89.84,25.31,0.83,4.61,99.59
12/24/2020,4.79,84.6,26.17,0.84,4.9,99.45
12/25/2020,0.37,83.26,25.47,0.83,5.08,99.52
12/26/2020,0.79,82.21,25.25,0.83,5.43,99.61
12/27/2020,7.08,87.75,25.63,0.82,5.94,99.5
12/28/2020,5.58,87.73,25.74,0.82,5.1,99.49
12/29/2020,9.14,86.53,26.26,0.82,3.16,99.44
12/30/2020,3.75,82.12,26.33,0.82,2.47,99.45
12/31/2020,20.28,85.2,26.57,0.82,2.51,99.46
1/1/2021,5.32,82.71,25.5,0.82,4.37,99.62
1/2/2021,2.3,85.31,25.89,0.82,4.43,99.53
1/3/2021,2.73,83.66,26.47,0.82,1.99,99.41
1/4/2021,24.62,85.56,26.24,0.82,1.56,99.46
1/5/2021,7.17,84.23,25.98,0.84,2.65,99.54
1/6/2021,16.64,83.99,26.27,0.84,1.97,99.55
1/7/2021,3.07,83.59,26.27,0.84,1.33,99.43
1/8/2021,9.25,86.62,26.04,0.84,2,99.36
1/9/2021,21.54,87.24,25.73,0.86,2.06,99.4
1/10/2021,7.56,87.42,24.75,0.86,2.83,99.44
1/11/2021,5.77,90.51,25.08,0.86,5.64,99.4
1/12/2021,13.74,89.82,25.69,0.87,3.96,99.29
1/13/2021,26.31,85.9,26.19,0.88,2.3,99.44
1/14/2021,13.7,84.14,25.69,0.89,2.54,99.53
1/15/2021,3.71,77.6,25.34,0.89,2.16,99.53
1/16/2021,7.99,87.79,24.42,0.89,3.11,99.49
1/17/2021,4.99,83.65,26.1,0.89,3.35,99.5
1/18/2021,3.42,85.88,25.59,0.89,5.82,99.54
1/19/2021,4.92,85.35,25.42,0.88,5.15,99.56
1/20/2021,8.79,90.4,25.72,0.89,4.85,99.57
1/21/2021,3.01,83.87,27.04,0.88,2.9,99.55
1/22/2021,0.71,80.61,26.65,0.88,2.77,99.58
1/23/2021,0.03,79.61,25.77,0.87,3.79,99.62
1/24/2021,0.01,79.36,25.09,0.86,4.44,99.7
1/25/2021,0.01,79.11,24.94,0.85,4.12,99.74
1/26/2021,0,76.99,24.26,0.85,5.03,99.7
1/27/2021,0.01,80.09,24.26,0.84,5.22,99.69
1/28/2021,0.01,80.43,25.18,0.83,4.4,99.68
1/29/2021,7.23,90.29,24.34,0.83,3.11,99.71
1/30/2021,5.1,84.46,25.88,0.83,3.56,99.63
1/31/2021,11.76,81.62,25.77,0.83,2.56,99.66
2/1/2021,4.25,85.79,25.63,0.83,4.86,99.76
2/2/2021,2.96,86.77,26.01,0.83,5.45,99.71
2/3/2021,0.86,84.31,25.62,0.82,6.1,99.72
2/4/2021,0.08,81.84,25.27,0.82,6,99.76
2/5/2021,0.27,82.11,25.23,0.81,5.75,99.69
2/6/2021,3.76,83.49,25.65,0.8,5.39,99.59
2/7/2021,2.13,85.16,25.97,0.8,5.67,99.56
2/8/2021,1.96,84.05,25.53,0.79,7.54,99.62
2/9/2021,0.07,80.17,24.47,0.78,7.05,99.61
2/10/2021,0,77.48,24.33,0.78,5.55,99.61
2/11/2021,0,76.14,24.34,0.77,4.97,99.59
2/12/2021,0.01,78.61,25.14,0.76,3.38,99.67
2/13/2021,0.29,81.14,25.86,0.75,3.62,99.74
2/14/2021,0.34,82.39,26.13,0.74,3.73,99.75
2/15/2021,0.1,80.65,26.21,0.74,4.17,99.65
2/16/2021,0.09,80.74,25.9,0.73,2.66,99.64
2/17/2021,0.01,79.03,26.05,0.72,3.32,99.57
2/18/2021,0.1,78.93,25.74,0.72,3.26,99.67
2/19/2021,3.13,83.55,26.16,0.71,3.26,99.63
2/20/2021,3.12,80.84,26.92,0.71,3.09,99.56
2/21/2021,2.51,79.12,26.87,0.7,2.96,99.63
2/22/2021,4.94,83.97,26.4,0.7,4.72,99.67
2/23/2021,0.21,81.08,26.07,0.69,5.28,99.62
2/24/2021,2.51,79.41,26.33,0.69,3.3,99.59
2/25/2021,0.9,81.21,26.71,0.68,2.67,99.6
2/26/2021,0.13,80.36,26.55,0.68,2.5,99.53
2/27/2021,0.09,78.97,26.49,0.67,1.92,99.47
2/28/2021,0.04,73.05,26.71,0.66,1.81,99.49
3/1/2021,0.14,71.51,26.17,0.66,2.17,99.77
3/2/2021,0.07,67.66,25.73,0.65,3.17,99.75
3/3/2021,0.09,70.8,25.79,0.65,2.28,99.65
3/4/2021,0.05,69.7,26.33,0.64,1.89,99.63
3/5/2021,0.07,71.12,26.99,0.63,2.44,99.75
3/6/2021,11.51,76.66,27.21,0.63,2.35,99.76
3/7/2021,8.42,78.96,27.11,0.64,2.04,99.65
3/8/2021,9.53,78.65,27.42,0.64,1.78,99.64
3/9/2021,0.73,72.67,27.48,0.64,2.08,99.71
3/10/2021,8.86,76.22,27.02,0.64,2.11,99.77
3/11/2021,9.31,77.75,26.81,0.64,1.71,99.77
3/12/2021,4.11,76.57,26.79,0.64,2.18,99.8
3/13/2021,4.54,75,27.48,0.64,2.75,99.69
3/14/2021,5.95,78.69,27.22,0.64,3.45,99.61
3/15/2021,0.37,74.3,27.45,0.64,2.72,99.52
3/16/2021,0.58,74.39,27.45,0.63,2.26,99.55
3/17/2021,1.21,73.67,27.51,0.62,1.74,99.49
3/18/2021,6.49,77.22,26.97,0.62,1.81,99.55
3/19/2021,7.43,83.03,25.94,0.63,2.43,99.57
3/20/2021,6.79,77.12,25.82,0.63,1.65,99.52
3/21/2021,9.4,74.84,26.94,0.63,1.39,99.45
3/22/2021,3.69,80.25,27.09,0.64,1.72,99.53
3/23/2021,2.02,78.58,27.52,0.63,1.74,99.56
3/24/2021,6.87,83.04,26.92,0.63,1.53,99.57
3/25/2021,3.6,73.8,26.99,0.64,1.79,99.5
3/26/2021,5.48,72.28,27.12,0.64,3.07,99.41
3/27/2021,10.2,75.13,27.27,0.64,1.89,99.47
3/28/2021,38.14,77.36,26.92,0.65,1.91,99.5
3/29/2021,7.1,80.64,26.7,0.67,3.21,99.52
3/30/2021,4.89,80.74,26.77,0.67,2.55,99.43
3/31/2021,0.27,83.22,27.14,0.66,3.47,99.32
4/1/2021,0.31,87.03,27.21,0.66,3.76,99.33
4/2/2021,0.4,83.46,27.95,0.65,4.37,99.38
4/3/2021,0.33,82.51,27.4,0.65,4.29,99.46
4/4/2021,0.15,81.76,27.19,0.64,3.41,99.48
4/5/2021,0.42,79.18,27.94,0.64,2.46,99.47
4/6/2021,0.81,74.66,28.33,0.64,1.32,99.51
4/7/2021,2.77,78.69,27.41,0.63,2.07,99.62
4/8/2021,3.84,82.31,26.74,0.63,2.68,99.54
4/9/2021,1.77,81.42,27.01,0.62,2.5,99.48
4/10/2021,4.72,79.12,27.29,0.62,2.13,99.59
4/11/2021,7.99,81.86,26.99,0.62,2.56,99.7
4/12/2021,10.46,74.82,27.4,0.63,1.6,99.73
4/13/2021,6.67,82.44,27.1,0.63,2.4,99.68
4/14/2021,17.11,82,27.39,0.63,2.07,99.66
4/15/2021,30.57,86.01,26.31,0.66,2.32,99.68
4/16/2021,7.39,81.39,26.93,0.67,2.69,99.65
4/17/2021,3.81,85.68,27.09,0.67,3.32,99.68
4/18/2021,3.42,87.11,27.01,0.67,4.19,99.76
4/19/2021,4.01,85.88,27.2,0.67,4.45,99.62
4/20/2021,4.42,83.58,27.55,0.67,4.18,99.52
4/21/2021,9.76,85.12,27.71,0.67,4.38,99.58
4/22/2021,8.74,86.43,27.36,0.67,3.75,99.65
4/23/2021,12.22,87.24,27.21,0.68,3.67,99.61
4/24/2021,8.7,83.3,27.69,0.68,2.33,99.52
4/25/2021,1.84,79.59,27.96,0.68,2.06,99.5
4/26/2021,5.7,86.43,27.45,0.68,2.74,99.48
4/27/2021,0.29,85.27,27.63,0.68,3.25,99.56
4/28/2021,1.82,86.27,27.62,0.68,4.18,99.62
4/29/2021,13.44,84.15,27.47,0.68,4.18,99.59
4/30/2021,10.05,81.08,28.02,0.69,2.75,99.44
5/1/2021,19.71,88.42,26.97,0.7,3.2,99.43
5/2/2021,4.96,83.66,27.38,0.71,2.06,99.44
5/3/2021,17.16,85.38,27.39,0.71,2.46,99.4
5/4/2021,23.07,86.12,26.86,0.73,2.66,99.39
5/5/2021,2.33,79.8,28.08,0.73,1.71,99.36
5/6/2021,25.8,85.87,27.56,0.74,2.6,99.42
5/7/2021,8.82,81.24,27.87,0.75,1.5,99.5
5/8/2021,11.38,84.39,27.53,0.76,1.48,99.41
5/9/2021,11.77,84.42,27.81,0.77,3.14,99.34
5/10/2021,19.34,89.37,26.99,0.78,3.15,99.39
5/11/2021,46.34,90.06,26.99,0.8,3.79,99.41
5/12/2021,15.18,89.11,27.2,0.83,4.08,99.33
5/13/2021,28.96,88.36,27.33,0.84,5.58,99.28
5/14/2021,19.65,87.74,26.82,0.86,4.76,99.32
5/15/2021,4.87,89.49,26.6,0.86,3.78,99.34
5/16/2021,1.17,87.29,26.76,0.86,3.79,99.41
5/17/2021,1.38,83,27.56,0.85,2.69,99.43
5/18/2021,0.55,82.57,27.76,0.85,3.2,99.48
5/19/2021,4.52,86.97,27.39,0.84,4.21,99.47
5/20/2021,22.9,86.44,27.34,0.85,4.9,99.55
5/21/2021,19.78,83.86,27.46,0.86,4.82,99.61
5/22/2021,14.77,88.45,27.52,0.86,6.26,99.51
5/23/2021,12.88,88.1,27.65,0.87,6.42,99.49
5/24/2021,28.07,89.92,27.61,0.88,6.8,99.56
5/25/2021,35.07,88.26,26.92,0.9,8.53,99.61
5/26/2021,15.86,84.48,26.91,0.9,9.13,99.57
5/27/2021,8.54,84.89,26.93,0.91,7.88,99.51
5/28/2021,5.78,86.36,27.19,0.9,6.31,99.5
5/29/2021,3.52,88.32,27.24,0.9,6.34,99.55
5/30/2021,1.51,87.52,27.31,0.9,6.62,99.51
5/31/2021,1.34,87.81,27.18,0.89,6.43,99.38
6/1/2021,0.95,85.64,27.22,0.88,5.58,99.37
6/2/2021,9.9,87.24,27.27,0.88,5.09,99.36
6/3/2021,21.72,86.91,27.23,0.88,6.03,99.42
6/4/2021,75.05,91.95,26.41,0.91,6.02,99.52
6/5/2021,8.29,89.71,26.22,0.93,5.22,99.57
6/6/2021,4.01,86.14,26.9,0.92,4.95,99.55
6/7/2021,4,88.31,26.8,0.92,4.95,99.54
6/8/2021,17.61,89.7,26.98,0.92,6.79,99.54
6/9/2021,7.74,88.71,26.46,0.92,4.89,99.52
6/10/2021,3.1,87.9,26.8,0.92,5.72,99.37
6/11/2021,0.83,84.4,26.88,0.91,5.74,99.42
6/12/2021,2.2,85.14,27.05,0.9,6.29,99.49
6/13/2021,10.87,87.3,26.96,0.9,6.66,99.53
6/14/2021,23.94,88.73,26.42,0.91,5.62,99.5
6/15/2021,1.06,86.25,26.63,0.9,6.34,99.43
6/16/2021,0.73,86.65,26.67,0.9,6.3,99.52
6/17/2021,0.98,87.75,26.71,0.89,5.3,99.59
6/18/2021,0.65,90.75,26.5,0.88,4.38,99.6
6/19/2021,0.34,87.28,26.65,0.88,4.16,99.71
6/20/2021,0.1,86.95,26.41,0.88,4.19,99.69
6/21/2021,0.43,88.01,26.66,0.87,4.49,99.61
6/22/2021,2.97,88.33,26.88,0.86,5.34,99.53
6/23/2021,2.89,85.56,26.59,0.86,5.51,99.57
6/24/2021,10.03,87.86,26.46,0.86,5.16,99.59
6/25/2021,2.43,86.91,26.72,0.86,5.31,99.52
6/26/2021,2.2,84.97,26.5,0.86,6.42,99.5
6/27/2021,4.3,86.09,26.5,0.85,5.63,99.56
6/28/2021,2.23,84.7,26.5,0.85,4.96,99.52
6/29/2021,1.45,85.41,26.6,0.84,4.69,99.45
6/30/2021,2.82,88.57,26.64,0.84,4.6,99.43
7/1/2021,15.8,87.89,26.58,0.84,6.69,99.44
7/2/2021,1.61,85.5,26.69,0.84,6.03,99.48
7/3/2021,3.51,88.04,26.79,0.84,5.38,99.42
7/4/2021,6.35,88.93,26.4,0.84,5.06,99.43
7/5/2021,7.18,88.17,26.51,0.84,4.05,99.35
7/6/2021,4.8,87.46,26.5,0.84,4.5,99.25
7/7/2021,5.11,87.67,26.35,0.84,5.49,99.28
7/8/2021,6.23,88.75,26.81,0.84,6.03,99.36
7/9/2021,19.95,87.64,26.61,0.84,7.47,99.32
7/10/2021,20.06,88.99,25.89,0.85,7.95,99.34
7/11/2021,3.37,86.77,26.29,0.85,6.49,99.38
7/12/2021,4.52,88.86,26.17,0.85,6.39,99.34
7/13/2021,3.49,88.14,25.98,0.85,6.11,99.34
7/14/2021,1.05,90.24,26.02,0.84,5.15,99.35
7/15/2021,1.04,88.88,26.19,0.84,3.37,99.37
7/16/2021,1.13,89.92,25.99,0.83,3.9,99.49
7/17/2021,1.48,87.28,26.49,0.83,4.21,99.47
7/18/2021,2.26,89.63,26.3,0.83,6.31,99.45
7/19/2021,0.61,88.07,26.44,0.82,5.73,99.54
7/20/2021,0.25,88.77,26.44,0.82,5.75,99.65
7/21/2021,0.91,88.36,26.58,0.81,6.44,99.64
7/22/2021,4.45,90.43,26.53,0.81,6.94,99.49
7/23/2021,10.2,87.97,26.48,0.81,7.47,99.47
7/24/2021,10.33,84.63,26.24,0.81,6.67,99.54
7/25/2021,18.5,87.93,26.13,0.82,5.83,99.61
7/26/2021,12.98,86.9,26.23,0.82,6.34,99.62
7/27/2021,14.44,89.58,26.41,0.83,5.65,99.54
7/28/2021,4.7,89.22,26.28,0.83,5.6,99.58
7/29/2021,0.64,87.97,26.21,0.83,4.86,99.56
7/30/2021,0.52,88,26.46,0.82,5.34,99.67
7/31/2021,0.27,88.27,26.24,0.81,5.35,99.69
8/1/2021,0.43,89.13,26.15,0.81,5.07,99.6
8/2/2021,1.13,88.21,26.28,0.8,6.27,99.66
8/3/2021,0.38,84.77,26.09,0.8,5.59,99.8
8/4/2021,1.36,88.82,26.4,0.79,6.06,99.79
8/5/2021,4.75,88.92,26.34,0.79,6.3,99.7
8/6/2021,4.13,89.29,26.49,0.79,6.47,99.6
8/7/2021,7.6,89.85,26.33,0.79,6.43,99.58
8/8/2021,7.47,89.46,25.68,0.79,5.41,99.64
8/9/2021,13.82,89.41,25.55,0.79,5.27,99.68
8/10/2021,2.05,86.71,25.93,0.79,4.96,99.59
8/11/2021,9.43,88.25,26.04,0.79,6.58,99.58
8/12/2021,14.02,87.76,26,0.8,5.87,99.64
8/13/2021,3.09,87.57,25.91,0.8,5.22,99.51
8/14/2021,1.18,86.91,25.87,0.79,5.96,99.4
8/15/2021,0.86,89.13,25.98,0.79,5.31,99.46
8/16/2021,1.89,89.01,25.82,0.79,4.55,99.58
8/17/2021,2.95,90.37,25.82,0.78,5.49,99.65
8/18/2021,5.41,86.92,25.69,0.78,5.55,99.65
8/19/2021,1.38,87.48,26.05,0.78,4.25,99.48
8/20/2021,1.58,86.88,26.41,0.78,4.01,99.44
8/21/2021,6.92,88.48,26.11,0.77,3.7,99.52
8/22/2021,4.25,87.5,26.06,0.78,2.76,99.53
8/23/2021,2.59,87.25,25.74,0.77,3.52,99.55
8/24/2021,3.22,85.92,25.91,0.77,4.21,99.57
8/25/2021,14.17,88,26.28,0.77,5.27,99.48
8/26/2021,17.05,86.38,26.54,0.78,6.53,99.39
8/27/2021,10.25,87.04,26.6,0.79,6.53,99.32
8/28/2021,9.87,88.23,26.29,0.79,6.95,99.28
8/29/2021,12.08,86.98,25.99,0.79,6.94,99.31
8/30/2021,3.65,86.92,26.16,0.79,5.03,99.37
8/31/2021,1.15,88.02,26.45,0.79,4.76,99.4
9/1/2021,4.56,87.03,26.56,0.78,5.47,99.5
9/2/2021,6.28,87.27,26.37,0.78,5.41,99.5
9/3/2021,4.9,86.97,26.23,0.78,5.17,99.47
9/4/2021,6.68,87.68,26.3,0.78,6.38,99.5
9/5/2021,11.35,87.45,26.77,0.78,6.75,99.5
9/6/2021,8.51,87.94,26.48,0.79,5.89,99.52
9/7/2021,5.43,87.32,26.49,0.79,5.33,99.56
9/8/2021,4.57,87.34,26.22,0.79,5.06,99.61
9/9/2021,1.42,85.35,26.5,0.78,4.76,99.65
9/10/2021,2.31,85.87,26.66,0.78,5.54,99.6
9/11/2021,1.44,85.62,26.43,0.77,5.92,99.57
9/12/2021,2.39,84.82,26.39,0.77,6.69,99.52
9/13/2021,6.58,86.43,26.47,0.77,6.48,99.46
9/14/2021,5.45,88.4,26.62,0.77,5.09,99.48
9/15/2021,6.64,89.95,26.91,0.77,5.54,99.51
9/16/2021,8.29,88.87,26.24,0.77,5.29,99.49
9/17/2021,6,88.72,26.32,0.77,4.45,99.39
9/18/2021,6.65,86.65,26.39,0.77,4.77,99.48
9/19/2021,2.83,88.21,26.68,0.77,4.05,99.53
9/20/2021,5.86,88.27,26.72,0.77,3.98,99.54
9/21/2021,6.33,89.33,26.52,0.77,4.71,99.49
9/22/2021,2.94,88.08,26.74,0.77,3.96,99.33
9/23/2021,5.05,85.56,26.86,0.76,5.22,99.38
9/24/2021,16.09,85.95,27.09,0.76,4.55,99.4
9/25/2021,6.18,84.5,26.39,0.77,5.32,99.43
9/26/2021,14.33,87.01,26.45,0.77,7.32,99.31
9/27/2021,13.72,87.51,25.61,0.78,9.33,99.33
9/28/2021,8.07,86.26,26.06,0.78,6.72,99.47
9/29/2021,1.05,86.87,26.4,0.78,4.45,99.46
9/30/2021,7.1,86.4,26.39,0.77,3.78,99.53
10/1/2021,43.12,88.27,25.21,0.79,2.69,99.47
10/2/2021,13.63,88.26,25.46,0.81,3.2,99.4
10/3/2021,3.08,88.57,25.93,0.81,3.16,99.38
10/4/2021,10.25,90.16,26.18,0.81,3.56,99.35
10/5/2021,24.65,90.26,25.94,0.82,5.66,99.37
10/6/2021,16.25,88.58,26.17,0.83,5.65,99.35
10/7/2021,1.07,88.68,26.5,0.83,5.46,99.39
10/8/2021,1.14,86.77,26.55,0.83,5.61,99.5
10/9/2021,2.03,86.12,26.52,0.82,4.87,99.61
10/10/2021,13.07,88.23,26.67,0.82,5.32,99.53
10/11/2021,18.78,87.76,26.22,0.83,5.44,99.47
10/12/2021,5.2,84.24,26.46,0.83,5.79,99.44
10/13/2021,0.82,86.53,26.63,0.83,5.26,99.37
10/14/2021,0.98,87.81,26.88,0.82,5.64,99.31
10/15/2021,2,87.48,26.95,0.81,5.84,99.1
10/16/2021,6.33,86.39,26.92,0.81,6.93,99.15
10/17/2021,3.24,87.8,26.61,0.81,6.84,99.31
10/18/2021,3.01,86.68,26.84,0.81,6.13,99.49
10/19/2021,4.97,83.84,26.63,0.8,3.92,99.64
10/20/2021,14.81,84.94,26.88,0.8,2.82,99.71
10/21/2021,33.26,86.1,26.74,0.83,2.79,99.72
10/22/2021,9.53,85.41,26.55,0.83,2.72,99.79
10/23/2021,9.21,85.24,26.09,0.83,4.3,99.89
10/24/2021,10.47,85.16,25.84,0.83,3.74,99.86
10/25/2021,10.69,86.52,26.3,0.83,2.69,99.64
10/26/2021,21.41,87.21,25.64,0.84,2.37,99.55
10/27/2021,14.6,85.73,25.83,0.85,2.3,99.56
10/28/2021,9.18,87.57,25.77,0.85,3.5,99.5
10/29/2021,26.3,90.49,25.18,0.86,4.15,99.53
10/30/2021,23,86.81,26.04,0.88,1.97,99.6
10/31/2021,37.3,90.51,26.45,0.89,5.6,99.38
11/1/2021,33.65,90.76,25.65,0.91,6.11,99.34
11/2/2021,14.7,84.85,26.28,0.91,2.57,99.53
11/3/2021,14.79,87.62,25.86,0.92,3.27,99.6
11/4/2021,17.62,88.88,25.61,0.92,3.36,99.64
11/5/2021,13.13,88.3,25.93,0.92,3.55,99.64
11/6/2021,15.18,87.49,26.16,0.92,4.03,99.52
11/7/2021,26.31,86.79,25.9,0.93,5.18,99.49
11/8/2021,36.77,85.64,25.63,0.93,5.81,99.52
11/9/2021,28.3,89.67,24.84,0.94,5.21,99.48
11/10/2021,13.81,88.56,25.78,0.95,5.68,99.37
11/11/2021,7.23,88.14,25.82,0.95,4.52,99.29
11/12/2021,10.02,85.58,26.41,0.94,6.58,99.41
11/13/2021,9.56,86.11,26.19,0.94,5.42,99.51
11/14/2021,10.43,88.18,26.41,0.94,5.61,99.55
11/15/2021,14.82,89.37,26.42,0.94,5.59,99.39
11/16/2021,12.51,91.51,25.95,0.94,4.29,99.35
11/17/2021,14.58,89.62,25.89,0.94,3.51,99.46
11/18/2021,6.36,87.06,25.8,0.94,3.47,99.32
11/19/2021,12.47,88.33,26.16,0.94,5,99.2
11/20/2021,2.11,83.75,25.71,0.94,4.62,99.35
11/21/2021,0.12,78.77,25.81,0.93,3.64,99.53
11/22/2021,0.32,83.06,25.85,0.93,3.38,99.51
11/23/2021,12.88,86.72,26.02,0.92,4.48,99.38
11/24/2021,41.82,89.95,25.63,0.93,4.81,99.36
11/25/2021,16.29,91.86,25.31,0.94,3.59,99.31
11/26/2021,5.57,89.8,26.16,0.94,1.79,99.36
11/27/2021,17.89,86.1,26.25,0.94,2.82,99.42
11/28/2021,24.35,90.05,25.63,0.95,2.52,99.48
11/29/2021,9.74,87.25,25.71,0.95,2.62,99.64
11/30/2021,12.38,80.9,26.52,0.95,1.11,99.62
12/1/2021,3.82,79.31,27.28,0.95,1.41,99.56
12/2/2021,5.81,84.73,26.59,0.95,1.95,99.57
12/3/2021,3.12,83.68,26.58,0.94,1.96,99.64
12/4/2021,4.99,85.04,26.59,0.94,1.97,99.71
12/5/2021,6.09,82,26.65,0.93,1.66,99.69
12/6/2021,6.92,83,26.66,0.93,2.06,99.61
12/7/2021,0.59,80.23,26.42,0.93,3.32,99.6
12/8/2021,2.08,83.34,26.32,0.92,3.1,99.57
12/9/2021,12.88,83.17,26.41,0.92,3.47,99.63
12/10/2021,1.65,83.95,26.13,0.92,4.56,99.69
12/11/2021,0.97,84.19,26.46,0.91,5.21,99.61
12/12/2021,5.16,84.5,26.34,0.9,4.76,99.58
12/13/2021,12.05,88.45,25.97,0.9,4.68,99.53
12/14/2021,4.78,87.75,25.68,0.91,4.59,99.51
12/15/2021,3.84,88.39,25.59,0.91,4.11,99.59
12/16/2021,2.61,86.07,25.95,0.9,4.45,99.68
12/17/2021,0.8,83.92,25.89,0.9,4.22,99.77
12/18/2021,7.92,86.06,25.88,0.89,3.86,99.68
12/19/2021,3.24,84.77,26.01,0.89,5.82,99.77
12/20/2021,0.19,85.05,25.85,0.88,5.36,99.8
12/21/2021,0.14,83.93,26.09,0.88,4.46,99.87
12/22/2021,0.87,82.37,26.27,0.87,3.88,99.78
12/23/2021,0.59,82.34,25.54,0.86,4.13,99.73
12/24/2021,0.13,78.58,24.59,0.86,4.08,99.76
12/25/2021,0,77.2,24.3,0.85,4.2,99.8
12/26/2021,0.02,77.83,24.54,0.84,3.69,99.9
12/27/2021,0.01,80.03,24.89,0.84,4.17,99.88
12/28/2021,0.01,80.34,24.88,0.83,4.3,99.8
12/29/2021,0.16,82.43,25.27,0.82,4.52,99.7
12/30/2021,1.24,81.9,26.24,0.81,2.39,99.73
12/31/2021,2.27,80.41,26.5,0.81,1.93,99.77
1/1/2022,4.03,83.19,26.68,0.8,3.18,99.77
1/2/2022,3.49,84.8,26.42,0.8,4.48,99.68
1/3/2022,17.9,87.43,26.01,0.8,6.25,99.66
1/4/2022,4.02,86.17,26.16,0.81,6.11,99.73
1/5/2022,3.68,86.58,26.1,0.8,5.19,99.75
1/6/2022,3.02,86.73,26.2,0.8,5.56,99.67
1/7/2022,2.88,84.16,26.43,0.8,3.87,99.71
1/8/2022,1.57,85.18,25.84,0.79,4.37,99.75
1/9/2022,3.05,84.14,25.96,0.79,4.77,99.64
1/10/2022,1.6,85.01,25.73,0.78,3.68,99.63
1/11/2022,0.44,84.39,26.15,0.78,4.72,99.62
1/12/2022,1.25,84.18,26.54,0.77,3.75,99.6
1/13/2022,2.46,82.87,26.98,0.77,3.18,99.56
1/14/2022,0.62,83,26.88,0.76,1.81,99.6
1/15/2022,0.76,80.43,27.13,0.76,2.15,99.61
1/16/2022,6.26,83.16,26.57,0.75,4.72,99.66
1/17/2022,3.28,83.14,26.18,0.75,5.09,99.81
1/18/2022,1.31,82.98,25.99,0.74,5.32,99.81
1/19/2022,0.13,80.27,25.57,0.74,6,99.68
1/20/2022,0,75.72,24.67,0.73,4.79,99.64
1/21/2022,0,72.19,24.36,0.72,3.24,99.71
1/22/2022,0,67.9,25.2,0.72,1.93,99.6
1/23/2022,0,77.16,25.42,0.71,1.73,99.59
1/24/2022,0.11,77.49,25.34,0.71,2.32,99.53
1/25/2022,0.34,80.61,24.92,0.7,1.99,99.53
1/26/2022,0.45,80.7,25.06,0.69,1.95,99.54
1/27/2022,0.17,76.19,24.76,0.69,3.44,99.52
1/28/2022,0.28,80.07,25.58,0.68,3.75,99.55
1/29/2022,1.07,83.41,26.79,0.68,2.54,99.59
1/30/2022,0.75,80.65,26.93,0.67,2.02,99.61
1/31/2022,4.18,82.84,26.75,0.67,4.2,99.53
2/1/2022,0.09,77.85,25.49,0.66,4.52,99.54
2/2/2022,0,73.92,25.04,0.66,3.21,99.6
2/3/2022,0.01,76.15,25.49,0.65,1.88,99.67
2/4/2022,0,73.29,25.78,0.65,2.05,99.54
2/5/2022,0.1,72.52,26.21,0.64,1.95,99.57
2/6/2022,0.06,73.36,25.63,0.63,4.03,99.72
2/7/2022,0.68,80.37,25.55,0.63,5.07,99.74
2/8/2022,0.01,74.72,25.39,0.62,4.82,99.66
2/9/2022,0.3,75.4,25.05,0.62,5.41,99.6
2/10/2022,5.41,83.81,25.71,0.62,2.74,99.49
2/11/2022,5.56,80.87,26.24,0.62,2.62,99.49
2/12/2022,21.58,80.88,26.18,0.62,2.34,99.46
2/13/2022,11.71,88.64,25.19,0.64,2.38,99.42
2/14/2022,1.99,82.77,25.8,0.65,4.85,99.43
2/15/2022,0.02,76.66,25.64,0.64,5.31,99.43
2/16/2022,0,76.62,25.29,0.64,5.1,99.31
2/17/2022,0,74.21,25.2,0.63,4.08,99.23
2/18/2022,4.37,77.27,25.85,0.62,2.39,99.39
2/19/2022,15.02,85.52,26.24,0.64,2.56,99.57
2/20/2022,1.16,85.93,26.37,0.64,3.72,99.54
2/21/2022,0.7,79.9,27.3,0.64,2,99.5
2/22/2022,2.07,77.35,26.94,0.63,1.82,99.6
2/23/2022,43.25,79.04,26.18,0.63,1.81,99.75
2/24/2022,34.01,82.86,26.31,0.67,3.86,99.8
2/25/2022,2.09,80.59,26.15,0.68,4.89,99.75
2/26/2022,5.3,81.78,26.67,0.67,4.14,99.69
2/27/2022,0.42,79.86,26.17,0.67,5.44,99.71
2/28/2022,0.04,79.25,25.76,0.66,4.99,99.7
3/1/2022,0.04,78.26,25.99,0.65,5.89,99.67
3/2/2022,0.55,81.34,25.7,0.65,6.05,99.58
3/3/2022,0.54,81.44,26.23,0.64,6.25,99.49
3/4/2022,2.53,85.28,26.06,0.64,4.77,99.55
3/5/2022,0.31,83.31,26.34,0.64,4.93,99.53
3/6/2022,0.01,80.79,26.52,0.64,3.49,99.49
3/7/2022,4.85,82.78,26.78,0.63,2.28,99.53
3/8/2022,7.88,80.75,27.13,0.63,3.27,99.54
3/9/2022,0.25,76.26,26.59,0.63,3.87,99.48
3/10/2022,0.97,75.84,26.87,0.63,2.4,99.48
3/11/2022,4.92,78.2,26.67,0.62,2.67,99.43
3/12/2022,7.22,81.07,26.75,0.63,3.91,99.34
3/13/2022,1.76,79.89,26.92,0.62,3.81,99.38
3/14/2022,0.57,77.78,27.31,0.62,3.4,99.42
3/15/2022,0.25,77.01,26.72,0.62,2.73,99.41
3/16/2022,0.49,80.42,26.84,0.61,2.54,99.38
3/17/2022,8.85,80.51,27.46,0.61,2.43,99.37
3/18/2022,2.93,79.21,27.09,0.62,3.48,99.38
3/19/2022,2.78,84.1,26.92,0.61,4.67,99.38
3/20/2022,1.5,82.56,27.21,0.61,5.2,99.39
3/21/2022,0.28,81.31,27.24,0.61,4.43,99.43
3/22/2022,0.15,79.94,27.36,0.6,3.78,99.42
3/23/2022,0.17,81,27.43,0.6,3.1,99.39
3/24/2022,0.28,78.28,27.25,0.59,3.41,99.39
3/25/2022,0.49,77.08,27.47,0.59,3.06,99.48
3/26/2022,2.32,77.49,27.72,0.59,2.97,99.63
3/27/2022,3.63,77.9,27.78,0.59,2.08,99.64
3/28/2022,3.35,80.13,27.91,0.58,2.38,99.62
3/29/2022,5.45,79.85,27.93,0.58,2.94,99.55
3/30/2022,13.55,83.73,27.24,0.59,3.5,99.54
3/31/2022,3.45,80.86,27.45,0.59,2.9,99.55
4/1/2022,3.5,83.8,27.19,0.59,3.52,99.59
4/2/2022,6.56,83.72,26.98,0.59,2.88,99.68
4/3/2022,4.35,81.28,26.88,0.59,2.57,99.58
4/4/2022,14.54,80.92,27.29,0.6,1.84,99.58
4/5/2022,64.04,86.4,26.38,0.62,2.7,99.74
4/6/2022,61.86,84.31,25.95,0.68,1.74,99.82
4/7/2022,17.03,77.77,27.63,0.69,1.62,99.66
4/8/2022,25.69,84.2,26.72,0.71,2.03,99.61
4/9/2022,7.75,83.13,26.56,0.72,3.2,99.54
4/10/2022,38.06,85.13,26.35,0.74,4.05,99.47
4/11/2022,23.07,84.45,26.88,0.76,3.4,99.36
4/12/2022,14.18,86.78,26.88,0.76,2.76,99.33
4/13/2022,6.49,89.12,26.24,0.77,3.22,99.36
4/14/2022,3.36,84.98,26.75,0.77,3.59,99.42
4/15/2022,3.06,85.65,26.99,0.77,3.1,99.41
4/16/2022,1.76,85.61,27.28,0.76,3.57,99.31
4/17/2022,3.45,85.84,27.4,0.76,3.29,99.38
4/18/2022,5.77,87.73,27.19,0.76,3.49,99.5
4/19/2022,11.36,88.08,27.18,0.76,4.15,99.61
4/20/2022,5.18,87.5,27.5,0.77,2.23,99.42
4/21/2022,5.83,87.59,27.45,0.77,2.93,99.36
4/22/2022,18.24,88.11,27.1,0.77,3.38,99.49
4/23/2022,8.29,83.76,26.58,0.78,1.63,99.54
4/24/2022,6.63,79.11,27.76,0.78,1.5,99.37
4/25/2022,12.23,86.11,27.47,0.79,2.07,99.34
4/26/2022,7.28,82.18,28.08,0.79,1.58,99.38
4/27/2022,19.18,83.03,28.05,0.79,1.9,99.33
4/28/2022,14.61,86.5,27.43,0.8,2.92,99.46
4/29/2022,8.41,85.34,27.64,0.81,2.65,99.49
4/30/2022,4.75,86.32,27.73,0.81,3.96,99.38
5/1/2022,8.1,86.73,27.6,0.81,5.77,99.33
5/2/2022,8.18,87.73,28.05,0.81,4.98,99.27
5/3/2022,2.82,88.49,28.15,0.81,3.98,99.32
5/4/2022,4.19,86.52,27.97,0.81,4.12,99.4
5/5/2022,8.98,86.61,27.87,0.81,4.72,99.38
5/6/2022,3.07,80.3,27.21,0.81,4.15,99.36
5/7/2022,2.55,85.93,27.6,0.81,4.35,99.24
5/8/2022,2.11,86.51,28.01,0.8,5.07,99.09
5/9/2022,11.06,87.21,27.96,0.8,6.51,99.1
5/10/2022,8.51,87.61,27.37,0.81,5.87,99.15
5/11/2022,2.73,86.55,27.35,0.81,7.02,99.26
5/12/2022,17.65,87.63,27.42,0.81,7.24,99.36
5/13/2022,13.21,87.13,27.28,0.82,7.81,99.35
5/14/2022,25.24,85.14,27.01,0.82,7.38,99.4
5/15/2022,13.02,85.9,26.97,0.83,6.69,99.48
5/16/2022,6.36,89.22,27.06,0.83,6.57,99.38
5/17/2022,11.81,89.47,27.24,0.83,7.71,99.27
5/18/2022,9.51,89.04,27.21,0.83,8.65,99.36
5/19/2022,9.63,88.73,26.93,0.84,7.78,99.52
5/20/2022,3.36,89.26,26.99,0.83,6.05,99.53
5/21/2022,1.93,87.67,27,0.83,6.14,99.49
5/22/2022,1.81,87.11,27.12,0.82,6.59,99.37
5/23/2022,5.8,89.1,27.08,0.82,5.84,99.27
5/24/2022,18.78,89.69,26.97,0.82,6.36,99.47
5/25/2022,9.36,88.97,26.72,0.83,4.92,99.54
5/26/2022,11.74,89,26.69,0.83,5.93,99.62
5/27/2022,9.1,86.28,26.77,0.84,5.82,99.59
5/28/2022,8.82,87.65,26.76,0.84,6.46,99.51
5/29/2022,12.68,88.56,26.69,0.84,6.34,99.5
5/30/2022,31.34,88.34,26.69,0.85,6.93,99.44
5/31/2022,18.25,86.71,26.08,0.86,7.04,99.41
6/1/2022,10.32,86.64,26.55,0.86,6.36,99.35
6/2/2022,7.89,86.84,26.76,0.86,6.38,99.35
6/3/2022,5.77,89.69,26.79,0.86,5.79,99.31
6/4/2022,2.25,90.09,26.54,0.86,5.34,99.34
6/5/2022,2.57,88.34,26.54,0.86,6.28,99.34
6/6/2022,3.69,87.87,26.61,0.85,5.89,99.38
6/7/2022,2.81,88.84,26.32,0.85,5.67,99.46
6/8/2022,2.66,88.25,26.53,0.85,5.72,99.44
6/9/2022,2.36,89.82,26.55,0.85,6.19,99.39
6/10/2022,2.87,87.62,26.72,0.84,6.69,99.45
6/11/2022,3.33,88.76,26.03,0.84,4.87,99.55
6/12/2022,3.08,87.76,26.1,0.84,4.8,99.5
6/13/2022,2.55,88.84,25.9,0.84,4.69,99.51
6/14/2022,3.03,85.72,27.01,0.83,4.47,99.44
6/15/2022,4.98,87.95,26.25,0.83,5.72,99.4
6/16/2022,15.09,90.53,25.54,0.83,4.15,99.42
6/17/2022,5.77,89.72,25.7,0.84,4.65,99.4
6/18/2022,9.48,88.63,25.83,0.84,4.87,99.43
6/19/2022,2.19,86.55,26.25,0.84,4.59,99.43
6/20/2022,2.64,87.99,26.58,0.84,4.47,99.35
6/21/2022,1.68,88.14,26.45,0.84,5.19,99.28
6/22/2022,1.72,87.86,26.4,0.83,5.54,99.43
6/23/2022,2.47,85.66,26.43,0.83,5.11,99.51
6/24/2022,3.37,86.11,26.98,0.82,5.83,99.46
6/25/2022,3.78,84.51,26.75,0.82,7.06,99.38
6/26/2022,2.6,85.65,26.87,0.82,5.6,99.37
6/27/2022,0.38,86.46,26.92,0.81,5.08,99.45
6/28/2022,0.82,87.24,26.59,0.81,6.09,99.4
6/29/2022,1.43,86.37,26.82,0.8,6.22,99.32
6/30/2022,1.59,87.87,26.54,0.8,6.81,99.3
7/1/2022,0.57,87.63,26.55,0.79,6.13,99.3
7/2/2022,3.42,87.8,26.61,0.79,6.37,99.23
7/3/2022,8.24,88.56,25.93,0.79,8.44,99.28
7/4/2022,2.73,87.98,25.86,0.79,6.02,99.31
7/5/2022,1.88,88.4,25.73,0.78,5.38,99.34
7/6/2022,1.52,86.72,25.88,0.78,5.53,99.46
7/7/2022,2.18,88.98,25.45,0.78,5.04,99.58
7/8/2022,0.52,87.5,25.64,0.77,5.64,99.5
7/9/2022,0.45,86.96,25.83,0.77,6.63,99.37
7/10/2022,4.03,84.34,25.94,0.76,5.73,99.46
7/11/2022,1.47,82.11,25.76,0.76,6.4,99.69
7/12/2022,0.13,87.51,25.54,0.76,5.85,99.61
7/13/2022,0.36,85.58,26.19,0.75,7.42,99.46
7/14/2022,1.24,84.21,26.44,0.74,7.3,99.35
7/15/2022,1.07,87.45,26.43,0.74,5.49,99.33
7/16/2022,1.65,89.16,26.35,0.73,5.09,99.4
7/17/2022,2.03,89.04,26.46,0.73,4.01,99.41
7/18/2022,1.56,89.47,26.11,0.73,5.46,99.41
7/19/2022,3.57,85.13,26.56,0.72,4.85,99.38
7/20/2022,9.13,90.06,25.81,0.73,5.59,99.36
7/21/2022,6.51,90.08,25.52,0.73,5.25,99.43
7/22/2022,7.23,88.46,25.67,0.73,6.33,99.45
7/23/2022,4.57,87.3,25.66,0.73,6.42,99.44
7/24/2022,1.45,86.6,26.13,0.73,4.84,99.38
7/25/2022,3.62,89.64,25.73,0.72,3.71,99.38
7/26/2022,8.21,88.82,25.95,0.72,2.97,99.38
7/27/2022,7.05,85.17,26.32,0.73,2.75,99.38
7/28/2022,9.09,82.9,26.14,0.73,2.35,99.43
7/29/2022,2.49,79.79,26.99,0.73,2.08,99.38
7/30/2022,5.84,86,25.76,0.73,2.66,99.39
7/31/2022,6.83,89.96,25.44,0.73,4.54,99.26
8/1/2022,28.94,89.85,25.62,0.74,8.12,99.24
8/2/2022,19.02,86.83,25.51,0.75,8.61,99.21
8/3/2022,11.65,88.12,25.77,0.76,8.7,99.26
8/4/2022,11.18,87.74,25.57,0.76,8.88,99.39
8/5/2022,8.28,87.22,25.92,0.76,7.64,99.46
8/6/2022,2.27,85.38,25.9,0.76,5.67,99.43
8/7/2022,1.45,90.18,25.52,0.76,6,99.39
8/8/2022,1.34,92.16,25.62,0.76,5.96,99.37
8/9/2022,0.57,91.14,25.68,0.76,5.35,99.36
8/10/2022,0.01,87.69,25.98,0.75,4.74,99.34
8/11/2022,0.01,87.37,26.17,0.74,4.61,99.4
8/12/2022,0.04,87.42,26.28,0.74,4.29,99.45
8/13/2022,0.06,86.73,26.35,0.73,3.89,99.41
8/14/2022,0.45,88.43,25.99,0.73,3.76,99.44
8/15/2022,0.75,88.64,26.02,0.72,3.32,99.5
8/16/2022,0.58,86.78,26.28,0.72,4.56,99.48
8/17/2022,0.89,85.1,26.2,0.71,4.46,99.57
8/18/2022,1.99,86.72,26.15,0.71,4.8,99.48
8/19/2022,1.5,87.92,26.21,0.7,5.52,99.47
8/20/2022,1.2,87.55,26.14,0.7,5.41,99.48
8/21/2022,2.5,87.24,26.13,0.69,5.93,99.49
8/22/2022,7.91,87.86,25.93,0.69,7.33,99.49
8/23/2022,3.84,87.14,25.77,0.69,7.02,99.5
8/24/2022,1.46,88.82,25.47,0.69,5.78,99.55
8/25/2022,3.49,88,25.47,0.69,5.44,99.38
8/26/2022,10.38,89.31,24.91,0.69,6.76,99.35
8/27/2022,6.79,87.33,24.45,0.7,5.89,99.42
8/28/2022,1.9,84.67,25.4,0.69,5.49,99.35
8/29/2022,1.83,85.71,25.55,0.69,5.21,99.36
8/30/2022,30.14,88.59,25.74,0.69,4.59,99.3
8/31/2022,49.78,89.93,24.7,0.73,6.8,99.34
9/1/2022,10.95,88.72,25.29,0.75,6.49,99.43
9/2/2022,4.19,86.23,25.83,0.75,5.4,99.53
9/3/2022,3.27,89.82,25.64,0.75,4.76,99.51
9/4/2022,7.09,92.27,25.67,0.75,4.86,99.45
9/5/2022,37.98,92.49,25.81,0.77,6.08,99.39
9/6/2022,7.37,90.27,25.57,0.78,6.11,99.47
9/7/2022,2.1,88.41,25.49,0.78,6.31,99.53
9/8/2022,0.42,85.41,25.57,0.77,5.09,99.55
9/9/2022,0.26,89.13,25.82,0.77,5.72,99.51
9/10/2022,1,88.66,25.94,0.76,6.08,99.55
9/11/2022,0.88,88.5,25.99,0.76,5.65,99.52
9/12/2022,0.37,87.82,25.76,0.75,4.76,99.49
9/13/2022,0.11,86.27,25.89,0.75,4.31,99.61
9/14/2022,0.13,86.58,25.8,0.74,4.92,99.78
9/15/2022,0.07,86.5,25.85,0.73,4.23,99.79
9/16/2022,0.06,86.22,25.9,0.73,4.41,99.6
9/17/2022,0.03,83.48,26.14,0.72,4.78,99.6
9/18/2022,0.07,83.79,26.35,0.71,4.9,99.62
9/19/2022,0.7,83.79,26.48,0.71,5.21,99.6
9/20/2022,0.25,85.16,26.65,0.7,5.15,99.58
9/21/2022,0.6,87.11,26.15,0.7,4.64,99.54
9/22/2022,0.29,83.15,26.57,0.69,5,99.58
9/23/2022,0.22,81.61,26.42,0.69,4.87,99.61
9/24/2022,0.17,85.61,25.97,0.68,4,99.53
9/25/2022,1.55,84.91,26.46,0.68,3.72,99.38
9/26/2022,1.64,86.43,26.34,0.68,4.24,99.46
9/27/2022,0.71,84.04,26.65,0.67,5.48,99.43
9/28/2022,2.53,84.58,26.4,0.67,6.2,99.4
9/29/2022,3.69,85.36,26.36,0.67,5.77,99.42
9/30/2022,7.85,86.31,26.03,0.67,7.31,99.56
10/1/2022,9.65,85.17,26.23,0.67,6.7,99.56
10/2/2022,7.39,87.56,25.9,0.67,7.07,99.48
10/3/2022,8.24,83.69,25.89,0.67,7.26,99.43
10/4/2022,3.9,85.96,26.19,0.67,6.32,99.36
10/5/2022,2.65,85.55,25.63,0.67,6.03,99.42
10/6/2022,0.79,84.87,26.1,0.67,5.45,99.39
10/7/2022,0.79,84.33,26.26,0.67,5.09,99.43
10/8/2022,1.9,84.31,26.08,0.66,4.02,99.45
10/9/2022,4.7,86.24,25.93,0.66,3.58,99.49
10/10/2022,2.47,87.22,25.97,0.66,3.08,99.6
10/11/2022,2.56,82.2,26.95,0.66,4.02,99.57
10/12/2022,9.9,85.84,26.44,0.66,4.75,99.54
10/13/2022,28.32,89.96,25.62,0.67,4.82,99.55
10/14/2022,34.64,89.45,25.76,0.7,5.59,99.49
10/15/2022,21.86,88.96,25.46,0.73,3.97,99.46
10/16/2022,19.99,85.53,26.02,0.73,4.6,99.64
10/17/2022,13.58,87.92,25.7,0.74,4.69,99.8
10/18/2022,18.65,86.95,25.64,0.76,5.24,99.78
10/19/2022,13.44,87.62,25.91,0.77,5.3,99.68
10/20/2022,15.41,87.05,25.87,0.77,5.6,99.7
10/21/2022,24.74,89.48,25.27,0.79,4.36,99.78
10/22/2022,21.04,89.44,25.14,0.79,3.21,99.82
10/23/2022,16.73,89.55,25.42,0.81,4.29,99.78
10/24/2022,11.05,89.55,25.48,0.81,4.49,99.69
10/25/2022,5.38,88.51,26.02,0.81,3.62,99.65
10/26/2022,6.15,87.04,26.37,0.81,2.7,99.68
10/27/2022,1.38,78.24,26.41,0.81,3.69,99.63
10/28/2022,0.01,77.81,26.24,0.8,3.52,99.54
10/29/2022,2.85,77.93,26.39,0.79,2.88,99.45
10/30/2022,10.57,82.41,26.56,0.79,3.35,99.45
10/31/2022,12.24,88.23,26.34,0.79,5.98,99.42
11/1/2022,20.92,91.53,25.51,0.8,5.77,99.6
11/2/2022,11.76,87.72,25.31,0.81,2.36,99.65
11/3/2022,11.87,85.86,25.91,0.81,3.02,99.6
11/4/2022,9.33,86.47,25.69,0.82,2.37,99.72
11/5/2022,38.75,89.38,24.75,0.83,3.18,99.83
11/6/2022,19.25,85.39,26.43,0.86,2.7,99.71
11/7/2022,6.27,82.3,26.33,0.86,3.51,99.69
11/8/2022,22.87,88.63,26.01,0.86,5.1,99.58
11/9/2022,3.99,87.59,25.83,0.87,4.3,99.6
11/10/2022,1.78,84.8,25.89,0.86,3.82,99.54
11/11/2022,20.09,86.87,25.38,0.87,3.92,99.54
11/12/2022,3.97,87.86,25.36,0.87,3.22,99.63
11/13/2022,16.66,83.8,25.81,0.87,1.56,99.64
11/14/2022,41.16,86.69,25.58,0.88,3.14,99.7
11/15/2022,20.34,83.32,25.83,0.91,3.18,99.71
11/16/2022,4.6,84.7,25.7,0.9,3.29,99.61
11/17/2022,0.68,81.16,25.04,0.9,4.89,99.59
11/18/2022,0,79.93,25.15,0.89,4.98,99.6
11/19/2022,0.1,85.07,25.17,0.89,4.93,99.56
11/20/2022,0.45,84.72,25.33,0.88,4.8,99.44
11/21/2022,0.47,80.89,25.23,0.87,2.75,99.54
11/22/2022,0.35,80.16,26.09,0.87,1.85,99.56
11/23/2022,0.01,79.75,26.16,0.86,3.21,99.63
11/24/2022,0.04,80.03,26.31,0.86,2.62,99.64
11/25/2022,0.05,77.09,25.95,0.85,2,99.68
11/26/2022,2.12,76.37,26.41,0.84,2.05,99.59
11/27/2022,5.84,74.03,27.04,0.84,1.81,99.45
11/28/2022,6.27,80.98,26.6,0.84,2.33,99.44
11/29/2022,2.75,79.82,26.28,0.83,3.59,99.51
11/30/2022,0.98,80.83,25.84,0.83,3.76,99.55
12/1/2022,1.66,75.04,27.3,0.82,2.17,99.5
12/2/2022,12.69,75.67,26.62,0.82,0.87,99.5
12/3/2022,17.54,75.99,26.31,0.83,2.37,99.5
12/4/2022,29.44,82.35,26.06,0.84,2.23,99.54
12/5/2022,9.5,80.9,26.43,0.85,2.3,99.61
12/6/2022,1.8,85.33,25.78,0.85,3.17,99.56
12/7/2022,0.35,84.3,24.74,0.85,5.36,99.5
12/8/2022,1.2,84.55,24.72,0.85,6.12,99.45
12/9/2022,6.94,79.22,25.29,0.85,6.23,99.37
12/10/2022,14.43,85.01,25.91,0.85,5.1,99.36
12/11/2022,15.46,84.25,26.06,0.86,4.65,99.56
12/12/2022,2.04,82.11,26.37,0.86,3.89,99.58
12/13/2022,1.24,82.98,25.87,0.85,2.57,99.67
12/14/2022,1.96,78.35,26.28,0.85,1.48,99.65
12/15/2022,2.67,81.04,25.88,0.84,3.27,99.54
12/16/2022,0.99,83.02,25.37,0.84,4.63,99.46
12/17/2022,2.22,85.74,25.07,0.83,5.9,99.47
12/18/2022,7.72,86.29,25.36,0.83,6.2,99.38
12/19/2022,14.8,89.77,24.93,0.83,5.71,99.29
12/20/2022,6.41,89.37,25.47,0.84,4.58,99.25
12/21/2022,10.28,90.81,25.19,0.84,6.53,99.26
12/22/2022,2.85,88.99,25.29,0.84,5.25,99.35
12/23/2022,5.34,88.53,25.87,0.84,5.92,99.39
12/24/2022,13.59,88.74,25.82,0.84,5.53,99.46
12/25/2022,63.44,91.89,25.64,0.85,6.78,99.38
12/26/2022,8.08,91.52,25.26,0.88,5.95,99.57
12/27/2022,1.4,82.35,25.84,0.88,2.23,99.83
12/28/2022,2.74,83.83,26.02,0.88,2.28,99.89
12/29/2022,0.22,84.15,25.05,0.87,4.27,100
12/30/2022,0.01,83.36,24.52,0.87,4.78,100.08
12/31/2022,0,83.03,24.38,0.86,4.93,100.06
1/1/2023,0,84.02,24.43,0.85,5.19,99.99
1/2/2023,0,82,24.39,0.84,4.72,99.93
1/3/2023,0.01,80.6,24.44,0.84,5.08,99.95
1/4/2023,0.1,80.96,24.7,0.83,5.66,99.83
1/5/2023,0.69,86.07,25.26,0.82,5.32,99.76
1/6/2023,5.38,89.12,25.35,0.82,5.32,99.84
1/7/2023,11.17,88.98,25.41,0.82,5.71,99.8
1/8/2023,3.37,85.78,25.33,0.82,6.81,99.75
1/9/2023,0.36,83.05,25.08,0.82,6.29,99.89
1/10/2023,0.01,80.38,24.34,0.81,6.53,99.87
1/11/2023,0,77.64,23.43,0.8,5.62,99.76
1/12/2023,0,77.63,23.29,0.79,4.88,99.68
1/13/2023,0,78.23,24.05,0.79,4.59,99.69
1/14/2023,0.18,80.47,24.62,0.78,4.54,99.7
1/15/2023,2.5,83.28,25.21,0.77,3.15,99.62
1/16/2023,19.56,86.21,25.64,0.77,3.37,99.61
1/17/2023,6.57,82.87,25.75,0.78,3,99.7
1/18/2023,0.24,81.11,24.77,0.78,5.48,99.8
1/19/2023,0,79.52,23.65,0.78,5.7,99.8
1/20/2023,0.04,80.31,23.74,0.77,4.94,99.76
1/21/2023,0.41,82,24.21,0.76,6.63,99.68
1/22/2023,2.78,85.81,24.6,0.76,6.21,99.63
1/23/2023,3.39,85.35,25.23,0.76,4.07,99.56
1/24/2023,19.24,80.63,25.5,0.76,2.73,99.63
1/25/2023,3.49,81.64,25.31,0.77,4.29,99.61
1/26/2023,2.6,81.8,25.25,0.76,4.31,99.6
1/27/2023,1.53,84.55,25,0.76,4.99,99.57
1/28/2023,0.26,78.99,24.6,0.75,5.57,99.55
1/29/2023,0.05,82.6,24.75,0.74,5.03,99.44
1/30/2023,3.04,85.95,24.67,0.74,4.37,99.5
1/31/2023,3.48,86.99,24.42,0.74,6.68,99.46
2/1/2023,3.87,90.62,24.88,0.74,6.16,99.44
2/2/2023,9.86,88.04,25.72,0.74,4.81,99.38
2/3/2023,11.89,87.19,25.77,0.74,4.86,99.42
2/4/2023,6.11,86.93,25.72,0.75,4.53,99.44
2/5/2023,1.04,83.39,25.82,0.74,5.65,99.47
2/6/2023,1.89,86.52,25.16,0.74,5.45,99.5
2/7/2023,1.79,85.88,25.83,0.74,5.05,99.51
2/8/2023,0.33,83.33,25.92,0.73,4.3,99.54
2/9/2023,0.71,81.7,25.86,0.72,4.18,99.63
2/10/2023,1.01,82.62,25.27,0.72,4.52,99.71
2/11/2023,1.18,78.76,24.57,0.71,4.17,99.78
2/12/2023,3.19,77.68,25.06,0.71,4.07,99.77
2/13/2023,0.22,79.09,24.98,0.71,4.43,99.73
2/14/2023,0.39,80.05,24.84,0.7,4.73,99.71
2/15/2023,0.02,76.27,23.95,0.69,5.75,99.59
2/16/2023,0,77.95,23.9,0.68,5.3,99.62
2/17/2023,0,79.66,24.69,0.68,4.6,99.65
2/18/2023,1.67,82.29,25.98,0.67,4.59,99.68
2/19/2023,16.23,84.72,26.1,0.67,4.01,99.69
2/20/2023,15.78,84.06,26.05,0.68,4.16,99.71
2/21/2023,1.4,82.18,25.71,0.69,4.54,99.76
2/22/2023,0.08,74.67,25.64,0.68,3.48,99.73
2/23/2023,0.16,75.49,25.92,0.67,2.6,99.71
2/24/2023,5.74,78.1,26.12,0.67,3.01,99.75
2/25/2023,2.88,77.9,26.17,0.67,4.27,99.89
2/26/2023,0.22,75.74,24.74,0.66,5.19,99.97
2/27/2023,1.25,76.96,25.12,0.66,5.18,99.93
2/28/2023,6.16,83.2,26.49,0.65,5.06,99.82
3/1/2023,1.19,80.95,26.49,0.65,3.94,99.86
3/2/2023,0.18,77.42,26.43,0.65,3.72,99.97
3/3/2023,0.25,76.85,26.31,0.64,4.65,99.99
3/4/2023,4.48,80.46,26.41,0.64,4.14,99.96
3/5/2023,2.04,80.27,26.7,0.63,3.52,99.9
3/6/2023,4.21,81.17,26.48,0.63,3.45,99.81
3/7/2023,4.79,80.09,26.78,0.63,3.59,99.73
3/8/2023,0.54,78.65,26.61,0.63,4.37,99.7
3/9/2023,0.45,78.35,26.94,0.62,4.32,99.66
3/10/2023,0.3,78.97,26.52,0.62,2.69,99.68
3/11/2023,8.4,80.4,26.91,0.62,3.13,99.65
3/12/2023,5.17,80.86,27.12,0.63,4.12,99.62
3/13/2023,10.66,81.02,26.69,0.63,2.86,99.56
3/14/2023,2.59,76.98,27.33,0.63,1.74,99.5
3/15/2023,4.27,78.77,27.47,0.63,1.47,99.48
3/16/2023,8.45,81.2,27.46,0.63,1.63,99.53
3/17/2023,1.55,76.28,27.07,0.63,1.14,99.53
3/18/2023,9.67,76.75,27.29,0.63,1.8,99.52
3/19/2023,10.36,81.71,27.38,0.64,2.9,99.47
3/20/2023,4.95,83.92,26.77,0.64,2.88,99.49
3/21/2023,2.13,79.21,27.48,0.64,1.82,99.45
3/22/2023,7,84.82,26.88,0.64,3.3,99.52
3/23/2023,3.98,80.67,27.08,0.64,2.89,99.54
3/24/2023,28.12,81.52,27.33,0.65,2.72,99.53
3/25/2023,1.74,77.63,27.73,0.66,1.66,99.59
3/26/2023,1.1,76.12,27.62,0.65,1.93,99.57
3/27/2023,1.8,78.19,27.75,0.65,1.76,99.53
3/28/2023,1.66,79.7,27.65,0.64,1.91,99.55
3/29/2023,3.01,80.84,27.68,0.64,2.6,99.62
3/30/2023,6.21,81.3,27.41,0.64,1.74,99.57
3/31/2023,2.07,80.19,27.73,0.64,1.71,99.51
4/1/2023,3.46,80.65,27.48,0.63,2.44,99.54
4/2/2023,6.55,82.88,27.46,0.63,2.64,99.49
4/3/2023,5.05,82.94,27.31,0.63,2.76,99.49
4/4/2023,21.27,84.74,26.62,0.64,2.88,99.58
4/5/2023,6.8,82.62,27.01,0.65,2.29,99.54
4/6/2023,5.4,81.68,27.24,0.65,2.03,99.57
4/7/2023,7.24,70.56,28.57,0.65,1.38,99.64
4/8/2023,16.93,75.23,27.85,0.66,2.08,99.81
4/9/2023,3.52,71.46,28.28,0.66,1.83,99.76
4/10/2023,1.15,74.02,28.1,0.65,2.2,99.62
4/11/2023,0.15,72.41,28,0.65,1.99,99.64
4/12/2023,0.04,73.3,28.04,0.64,2.05,99.63
4/13/2023,1.99,76.06,28.39,0.64,1.35,99.6
4/14/2023,3.77,83.72,27.75,0.64,2.22,99.65
4/15/2023,6.39,81.86,27.99,0.64,2.36,99.59
4/16/2023,5.35,82.88,27.28,0.64,1.84,99.47
4/17/2023,0.31,79.66,27.93,0.64,2.07,99.5
4/18/2023,0.19,77.79,28.41,0.63,1.58,99.57
4/19/2023,0.23,81.43,28.03,0.63,2.69,99.44
4/20/2023,1.07,82.08,27.97,0.62,3.65,99.3
4/21/2023,5.76,80.33,28.37,0.62,3.56,99.25
4/22/2023,5.11,82.42,27.99,0.62,2.84,99.27
4/23/2023,3.38,83.95,28.31,0.62,2.12,99.26
4/24/2023,6.39,84.57,28.08,0.62,1.88,99.37
4/25/2023,12.51,86.58,27.21,0.63,2.24,99.47
4/26/2023,21.86,75.01,27.73,0.65,1.43,99.47
4/27/2023,9.98,75.58,28.37,0.66,2.14,99.42
4/28/2023,14.49,78,28,0.66,2.01,99.46
4/29/2023,32.27,80.88,27.95,0.68,1.69,99.43
4/30/2023,10.99,79.94,28.4,0.7,2.88,99.34
5/1/2023,36.8,85.75,27.39,0.72,3.76,99.37
5/2/2023,8.52,83.2,27.8,0.74,3.55,99.5
5/3/2023,13.94,85.12,27.29,0.74,4.48,99.57
5/4/2023,38.15,85.32,26.5,0.76,4.25,99.53
5/5/2023,30.86,85.17,26.13,0.79,4.75,99.45
5/6/2023,5.49,83.61,27.02,0.8,4.5,99.42
5/7/2023,14.67,81.2,27.24,0.81,4.79,99.38
5/8/2023,5.07,82.46,27.23,0.81,3.68,99.37
5/9/2023,13.04,81.73,27.22,0.81,3.51,99.45
5/10/2023,10.46,82.82,27.14,0.81,3.88,99.39
5/11/2023,3.18,83.83,27.56,0.81,5.52,99.53
5/12/2023,7.44,84.32,27.91,0.81,6.71,99.59
5/13/2023,5.19,86.51,27.74,0.81,6.74,99.6
5/14/2023,3.8,86.27,28.08,0.81,6.44,99.51
5/15/2023,2.19,88.29,28.11,0.81,5.6,99.5
5/16/2023,1.75,87.35,28.19,0.8,3.54,99.57
5/17/2023,3.33,85.84,28.19,0.8,3.88,99.6
5/18/2023,5.34,83.58,27.9,0.8,4.27,99.71
5/19/2023,4.9,88,27.17,0.8,4.73,99.68
5/20/2023,5.45,88.25,27.35,0.8,4.64,99.61
5/21/2023,4.71,88.36,27.31,0.8,4.84,99.66
5/22/2023,1.37,87.11,27.44,0.79,4.68,99.72
5/23/2023,2.06,86.03,27.15,0.79,3.66,99.76
5/24/2023,0.57,87.21,26.99,0.78,3.96,99.76
5/25/2023,0.25,88.39,27.18,0.78,4.45,99.78
5/26/2023,0.69,86.63,27.75,0.77,5,99.76
5/27/2023,1.15,85.05,27.91,0.77,4.88,99.59
5/28/2023,0.83,84.27,28.3,0.76,4.54,99.44
5/29/2023,1.93,85.59,28.13,0.76,3.59,99.48
5/30/2023,10.27,88.27,27.57,0.76,3.85,99.56
5/31/2023,5.77,83.57,27.51,0.76,4.19,99.6
6/1/2023,12.56,84.77,27.53,0.76,5.97,99.57
6/2/2023,8.23,87.77,27.64,0.77,5.9,99.55
6/3/2023,2.6,86.2,27.33,0.76,6.14,99.57
6/4/2023,2.65,84.4,27.42,0.76,6.47,99.59
6/5/2023,6.51,84.99,27.57,0.76,6.6,99.54
6/6/2023,4.82,86.18,27.53,0.76,5.87,99.5
6/7/2023,6.02,84.11,27.57,0.76,7.62,99.52
6/8/2023,5.18,84.12,27.48,0.75,6.79,99.54
6/9/2023,4.09,86.49,27.58,0.75,6.31,99.44
6/10/2023,4.81,86.42,27.49,0.75,5.86,99.4
6/11/2023,5.14,87.09,27.45,0.75,5.76,99.38
6/12/2023,9.1,87.74,27.62,0.75,6.22,99.39
6/13/2023,13.81,90.2,27.24,0.76,6.21,99.45
6/14/2023,4.56,84.33,27.24,0.76,5,99.58
6/15/2023,1.56,90.56,27.26,0.76,4.78,99.49
6/16/2023,1.54,85.8,27.71,0.76,6.29,99.5
6/17/2023,1.77,87.36,27.09,0.75,6.43,99.55
6/18/2023,3.4,85.94,27.09,0.75,6.56,99.53
6/19/2023,1.74,88.23,26.98,0.75,5.24,99.41
6/20/2023,2.22,86.11,27.21,0.74,5.36,99.37
6/21/2023,2.2,85.37,27.35,0.74,5.53,99.44
6/22/2023,3.63,86.46,27.48,0.74,4.72,99.43
6/23/2023,2.74,87.52,27.37,0.73,5.91,99.45
6/24/2023,3.75,87.67,27.15,0.73,5.23,99.45
6/25/2023,6.13,88.52,26.77,0.73,6.74,99.45
6/26/2023,5.81,86,26.43,0.73,6.31,99.5
6/27/2023,6.48,86.35,26.56,0.74,6,99.56
6/28/2023,5.64,87.83,26.79,0.74,4.83,99.63
6/29/2023,11.26,88.07,26.54,0.74,5.22,99.68
6/30/2023,10.03,89.95,26.75,0.75,5.04,99.64
7/1/2023,4.65,89.33,26.82,0.75,4.8,99.64
7/2/2023,11.8,87.8,26.49,0.75,5.44,99.66
7/3/2023,4.01,86.95,25.74,0.75,6.51,99.66
7/4/2023,15.66,86.7,26.39,0.75,7.38,99.51
7/5/2023,15.67,87.6,26.18,0.77,6.76,99.46
7/6/2023,2.46,87.8,26.24,0.77,5.25,99.54
7/7/2023,5.35,88.36,26.12,0.76,4.37,99.67
7/8/2023,2.47,87.22,26.37,0.76,4.52,99.69
7/9/2023,0.51,84,27,0.76,2.9,99.5
7/10/2023,2.42,89.28,26.41,0.75,4.57,99.48
7/11/2023,1.09,88.38,26.55,0.75,4.02,99.5
7/12/2023,0.89,89.42,26.72,0.75,4.36,99.51
7/13/2023,2.62,87.41,26.81,0.74,5.13,99.59
7/14/2023,0.9,85.1,26.6,0.74,5.3,99.66
7/15/2023,1.48,86.98,26.64,0.73,4.62,99.62
7/16/2023,1.24,88.3,26.81,0.73,5.37,99.54
7/17/2023,0.58,89.05,26.96,0.72,5.5,99.53
7/18/2023,1.95,89.48,26.87,0.72,6.78,99.58
7/19/2023,3.48,87.73,26.93,0.72,6.83,99.53
7/20/2023,3.3,88.16,26.81,0.72,6.13,99.47
7/21/2023,0.67,87.46,26.86,0.71,5.77,99.57
7/22/2023,0.26,87.03,26.73,0.71,5.61,99.66
7/23/2023,2.38,84.55,26.93,0.71,5.7,99.64
7/24/2023,5.54,89.54,26.34,0.7,5.25,99.58
7/25/2023,6.19,87.87,26.54,0.71,5.16,99.63
7/26/2023,6.6,87.68,26.61,0.71,4.63,99.73
7/27/2023,0.26,86.16,26.71,0.71,5,99.75
7/28/2023,0.09,86.29,26.78,0.7,5.2,99.66
7/29/2023,0.22,87.48,26.78,0.69,5.55,99.62
7/30/2023,0.35,87.2,26.62,0.69,5.72,99.56
7/31/2023,0.58,87.6,26.84,0.68,6,99.56
8/1/2023,0.14,90.71,26.39,0.68,5.66,99.57
8/2/2023,0.1,89.64,26.41,0.67,4.75,99.71
8/3/2023,0.22,88.91,26.64,0.67,5.18,99.69
8/4/2023,0.35,88.66,26.65,0.67,4.78,99.78
8/5/2023,0.36,88.52,26.76,0.66,4.4,99.81
8/6/2023,1.17,83.31,27.24,0.66,5.68,99.7
8/7/2023,0.55,86.71,26.96,0.65,5.11,99.55
8/8/2023,0.83,90.25,26.58,0.65,5.23,99.58
8/9/2023,1.84,87.53,26.52,0.65,4.06,99.71
8/10/2023,2.38,87.92,26.45,0.65,3.76,99.71
8/11/2023,4.65,86.71,26.84,0.65,5.13,99.64
8/12/2023,1.84,86.02,26.85,0.65,6.16,99.67
8/13/2023,1.37,79.57,27.58,0.64,5.82,99.63
8/14/2023,0.31,79.92,27.46,0.64,5.64,99.64
8/15/2023,0.33,79.97,26.78,0.63,5.45,99.71
8/16/2023,0.35,81.32,26.77,0.63,5,99.72
8/17/2023,0.74,83.21,26.79,0.62,5.58,99.71
8/18/2023,1.13,83.25,26.97,0.62,6.06,99.63
8/19/2023,0.17,82.56,27.11,0.61,5.69,99.56
8/20/2023,0.06,82.96,26.98,0.61,4.39,99.48
8/21/2023,0.2,83.15,27.29,0.6,4.35,99.4
8/22/2023,1.65,83.57,27.39,0.6,4.6,99.44
8/23/2023,2.11,84.58,27.18,0.6,4.65,99.5
8/24/2023,1.31,83.19,27.29,0.6,4.98,99.52
8/25/2023,0.43,83.72,27.17,0.59,4.61,99.53
8/26/2023,0.3,83.9,27.37,0.59,4.43,99.59
8/27/2023,1.56,83.52,27.41,0.59,5.07,99.65
8/28/2023,5.35,84.16,27.65,0.59,5.79,99.6
8/29/2023,16.09,84.75,27.34,0.59,6.78,99.53
8/30/2023,14.93,87.97,26.14,0.61,4.61,99.57
8/31/2023,17.49,83.3,26.62,0.62,5.24,99.6
9/1/2023,14.08,85.51,26.71,0.63,5.63,99.62
9/2/2023,28.81,86.85,26.74,0.65,6.88,99.61
9/3/2023,27.09,86.27,26.3,0.67,6.95,99.55
9/4/2023,19.21,82.56,26.77,0.69,7.03,99.43
9/5/2023,14.99,85.74,26.95,0.69,6.78,99.46
9/6/2023,17.8,88.32,26.78,0.71,6.37,99.56
9/7/2023,24.47,86.69,26.47,0.72,5.62,99.66
9/8/2023,5.8,86.83,26.48,0.73,5.66,99.72
9/9/2023,2.55,84.95,26.85,0.72,5.16,99.62
9/10/2023,4.74,86.69,26.75,0.72,5.86,99.58
9/11/2023,12.88,83.39,25.99,0.72,5.77,99.66
9/12/2023,7,84.31,26.67,0.73,5.17,99.64
9/13/2023,6.59,86.5,26.77,0.73,5.8,99.59
9/14/2023,12.16,88.4,26.51,0.73,5.82,99.67
9/15/2023,5.68,82.34,26.59,0.73,5.65,99.7
9/16/2023,1.31,84.6,26.9,0.73,5.09,99.66
9/17/2023,17.82,87.74,26.53,0.73,4.65,99.55
9/18/2023,7.51,87.89,25.95,0.74,4.93,99.57
9/19/2023,26.75,86.07,26.38,0.74,5.09,99.68
9/20/2023,9.13,85.78,26.32,0.76,4.2,99.67
9/21/2023,3.95,84.06,26.26,0.76,4.43,99.68
9/22/2023,19.23,86.3,26.49,0.76,5.39,99.68
9/23/2023,5.86,87.27,26.92,0.77,5.37,99.66
9/24/2023,3.26,88.06,26.51,0.77,4.86,99.68
9/25/2023,7.15,85.83,26.99,0.76,5.04,99.55
9/26/2023,9.02,86.03,27,0.76,5.64,99.53
9/27/2023,25.95,87.62,26.27,0.77,5.84,99.61
9/28/2023,20.09,84.43,26.32,0.79,5.63,99.67
9/29/2023,37.97,87.67,26.67,0.8,5.75,99.7
9/30/2023,9.03,87.22,26.29,0.81,4.98,99.74
10/1/2023,23.15,86.35,26.21,0.82,5.23,99.75
10/2/2023,24.98,88.28,26.16,0.83,5.53,99.8
10/3/2023,16.72,88.95,26.42,0.84,5.03,99.77
10/4/2023,27.71,87.47,25.92,0.85,5.28,99.77
10/5/2023,14.6,88.83,26.18,0.86,5.51,99.7
10/6/2023,34.15,88.8,26.44,0.87,5.93,99.62
10/7/2023,11.21,88.76,26.53,0.87,4.86,99.58
10/8/2023,13.31,88.94,26.76,0.87,4.11,99.69
10/9/2023,10.24,88.26,26.77,0.87,3.34,99.79
10/10/2023,20.93,89.66,26.52,0.88,3.3,99.78
10/11/2023,15.02,88.66,26.4,0.88,4.47,99.75
10/12/2023,7.83,86.51,25.73,0.88,4.01,99.82
10/13/2023,11.72,84.39,26.41,0.88,3.52,99.88
10/14/2023,23.96,85.71,26.13,0.88,2.3,99.88
10/15/2023,16.78,88.81,25.93,0.89,3.38,99.77
10/16/2023,9.79,86.79,26.28,0.89,3.29,99.73
10/17/2023,18.95,86.56,26.21,0.89,3.31,99.75
10/18/2023,19.74,91.51,25.54,0.9,4.47,99.79
10/19/2023,18.22,87.62,25.27,0.91,2.9,99.88
10/20/2023,16.67,84.72,26.07,0.91,2.61,99.81
10/21/2023,9.79,88.4,25.66,0.91,2.22,99.84
10/22/2023,19.8,88.32,26.18,0.91,3.17,99.82
10/23/2023,35.25,89.7,25.43,0.93,2.88,99.83
10/24/2023,5.12,82.73,26.77,0.92,2.67,99.76
10/25/2023,5.92,79.53,26.82,0.92,1.45,99.83
10/26/2023,1.88,76.64,27.42,0.92,1.34,99.79
10/27/2023,4.71,82.18,27.3,0.91,1.96,99.68
10/28/2023,28.75,89.41,26.3,0.91,2.6,99.64
10/29/2023,23.52,89.39,25.77,0.93,2.96,99.7
10/30/2023,23.87,88.16,26,0.93,2.23,99.65
10/31/2023,43.08,85.42,26.82,0.94,1.35,99.63
11/1/2023,13.53,81.8,26.76,0.95,2.3,99.72
11/2/2023,15.92,86.59,26.34,0.95,2.06,99.63
11/3/2023,29.61,91.13,25.68,0.95,3.2,99.56
11/4/2023,25.44,89.35,26.18,0.96,2.65,99.56
11/5/2023,17.98,85.63,26.38,0.96,1.42,99.71
11/6/2023,22.73,84.66,26.72,0.97,2.55,99.78
11/7/2023,15.46,82.15,27.23,0.96,2.4,99.68
11/8/2023,20.07,87.76,26.74,0.96,2.71,99.65
11/9/2023,29.62,84.46,25.78,0.97,2.4,99.8
11/10/2023,21.85,82.3,26.78,0.97,1.99,99.84
11/11/2023,11.59,86.85,26.98,0.97,2.14,99.8
11/12/2023,39.94,85.33,27.29,0.98,2.57,99.73
11/13/2023,10.99,88.17,26.35,0.98,2.97,99.71
11/14/2023,6.77,90.33,26.18,0.97,4.3,99.6
11/15/2023,6.9,88.62,26.49,0.97,3.34,99.68
11/16/2023,1.83,86.74,26.69,0.97,1.55,99.77
11/17/2023,9.87,87.79,26.92,0.97,1.9,99.72
11/18/2023,28.01,88.47,26.95,0.97,2.76,99.7
11/19/2023,23.49,81.64,27,0.97,1.71,99.75
11/20/2023,13.01,80.17,27.17,0.97,1.32,99.69
11/21/2023,12.33,84.83,27.37,0.96,2.15,99.66
11/22/2023,38.34,88.97,25.97,0.97,2.65,99.68
11/23/2023,9.14,84.68,26.65,0.97,2.01,99.57
11/24/2023,11.72,81.68,27.21,0.97,1.7,99.54
11/25/2023,6.17,80.51,27.29,0.96,1.81,99.59
11/26/2023,1.25,78.89,27.22,0.96,2.08,99.62
11/27/2023,15.29,82.88,27.28,0.95,1.99,99.52
11/28/2023,14.95,81.7,27.19,0.96,2.16,99.45
11/29/2023,22.46,87.84,26.18,0.96,3.6,99.48
11/30/2023,8.08,85.79,25.71,0.96,2.67,99.61
12/1/2023,6.75,88.81,25.82,0.96,3.27,99.51
12/2/2023,8.26,89.84,26.23,0.96,3.82,99.46
12/3/2023,18.42,87.9,26.84,0.96,4.58,99.46
12/4/2023,13.72,90.39,26.49,0.96,5.7,99.47
12/5/2023,14.03,90.14,27.07,0.96,4.88,99.45
12/6/2023,6.4,89.81,26.75,0.96,3.6,99.6
12/7/2023,5.7,86.38,26.76,0.96,2.23,99.62
12/8/2023,23.15,89.2,26.6,0.96,2.91,99.64
12/9/2023,21.96,85.55,26.72,0.96,2.16,99.67
12/10/2023,11.08,83.61,27.23,0.96,1.89,99.59
12/11/2023,9.9,84.84,27.11,0.96,2.39,99.59
12/12/2023,39.13,87.77,26.49,0.96,3.57,99.53
12/13/2023,2.59,88.43,26.14,0.97,5.44,99.52
12/14/2023,11.88,89.65,26.4,0.96,5.63,99.58
12/15/2023,31.22,91.03,25.96,0.96,4.83,99.57
12/16/2023,12.76,86.29,26.54,0.97,1.39,99.54
12/17/2023,8.44,86.4,26.97,0.97,3.39,99.49
12/18/2023,21.09,83.68,26.74,0.97,2.3,99.68
12/19/2023,6.91,85.56,26.63,0.96,4.01,99.67
12/20/2023,5.38,87.96,26.76,0.96,3.76,99.63
12/21/2023,4.72,84.68,27.08,0.96,2.38,99.67
12/22/2023,1.43,86.18,26.41,0.95,5,99.72
12/23/2023,0.09,81.67,26.08,0.94,4.31,99.8
12/24/2023,0.75,84.71,26.53,0.94,3.64,99.84
12/25/2023,1.06,84.87,26.21,0.93,4.29,99.78
12/26/2023,3.5,86.27,26.13,0.92,6.01,99.75
12/27/2023,9.45,88.57,26.89,0.92,6.43,99.66
12/28/2023,13.93,90.59,26.85,0.92,3.93,99.58
12/29/2023,9.8,89.03,26.53,0.92,2.59,99.69
12/30/2023,9.98,87.47,26.61,0.92,4.59,99.67
12/31/2023,14.96,86.37,26.63,0.92,5.08,99.69
1/1/2024,24.76,90.07,25.92,0.93,5.17,99.75
1/2/2024,6.37,83.62,26.6,0.93,3.15,99.73
1/3/2024,1.25,85.64,26.57,0.93,4,99.68
1/4/2024,2.25,82.91,27,0.92,2.68,99.69
1/5/2024,5.41,84.53,27.24,0.92,3.36,99.65
1/6/2024,8.43,88.37,26.05,0.91,3.04,99.67
1/7/2024,31.3,80.53,26.59,0.92,1.48,99.67
1/8/2024,18.7,83.35,26.38,0.93,1.76,99.69
1/9/2024,11.97,87.86,25.65,0.93,4.08,99.6
1/10/2024,20.8,89.38,25.97,0.93,4.45,99.6
1/11/2024,2.73,87.26,26.2,0.94,5.2,99.64
1/12/2024,0.14,84.82,25.76,0.93,4.84,99.69
1/13/2024,0.02,84.54,25.2,0.92,5.16,99.77
1/14/2024,0.01,84.55,25,0.91,5.11,99.77
1/15/2024,0,81,24.31,0.91,4.74,99.79
1/16/2024,0.02,77.49,24.84,0.9,3.17,99.72
1/17/2024,0.08,79.87,26.16,0.89,2.34,99.62
1/18/2024,6.93,83.72,26.35,0.89,1.92,99.64
1/19/2024,7.25,84.37,26.67,0.89,1.9,99.66
1/20/2024,8.33,84.53,26.5,0.88,2.92,99.72
1/21/2024,1.27,83.21,26.6,0.88,3.59,99.79
1/22/2024,0.01,82.92,26.65,0.87,3.91,99.87
1/23/2024,0,80.51,25.42,0.86,4.69,99.87
1/24/2024,0,76.95,24.64,0.86,4.21,99.88
1/25/2024,0,74.99,24.61,0.85,3.98,99.93
1/26/2024,0,79.68,24.92,0.84,4.93,100.02
1/27/2024,0.13,81.81,25.39,0.83,5.5,99.98
1/28/2024,0.56,85.04,25.86,0.83,6.8,99.89
1/29/2024,0.92,84.87,26.1,0.82,6.56,99.82
1/30/2024,5.53,87.37,26.41,0.81,4.71,99.77
1/31/2024,13.21,86.74,26.53,0.81,3.38,99.86
2/1/2024,2.03,89.06,26.6,0.82,4.05,99.86
2/2/2024,5.19,82.64,27.05,0.81,3.16,99.82
2/3/2024,0.27,82.76,27.05,0.81,3.4,99.83
2/4/2024,5.54,85.19,26.63,0.8,4.71,99.94
2/5/2024,1.89,84.53,26.86,0.8,5.06,99.94
2/6/2024,0.01,80.58,25.62,0.79,5.37,99.93
2/7/2024,0,80.51,25.02,0.79,4.71,99.93
2/8/2024,0,81.27,25.04,0.78,5,99.83
2/9/2024,0,81.32,25.32,0.77,4.58,99.86
2/10/2024,0.01,81.03,25.65,0.76,4.84,99.96
2/11/2024,0,80.93,25.42,0.75,5.5,99.99
2/12/2024,0.19,83.38,26.38,0.75,5.62,99.89
2/13/2024,0.68,84.31,26.74,0.74,5.68,99.81
2/14/2024,0.79,84.47,26.75,0.73,5.83,99.74
2/15/2024,0.21,82.47,26.57,0.73,5.3,99.76
2/16/2024,1.09,85.87,26.2,0.72,5.27,99.77
2/17/2024,0.26,83.28,26.83,0.71,5.27,99.68
2/18/2024,0.03,80.38,26.51,0.71,4.73,99.68
2/19/2024,0.18,81.11,26.94,0.7,3.75,99.71
2/20/2024,0.2,79.95,27.59,0.69,2.29,99.76
2/21/2024,0.42,82.21,27.56,0.69,2.24,99.75
2/22/2024,0.34,86.52,27,0.68,2.87,99.83
2/23/2024,2.46,80.39,27.76,0.68,1.89,99.75
2/24/2024,3.71,79.65,27.75,0.67,1.44,99.69
2/25/2024,0.38,77.77,27.09,0.67,2.76,99.55
2/26/2024,0.65,80.41,27.81,0.66,4.12,99.5
2/27/2024,0.77,80.57,27.73,0.66,5.79,99.55
2/28/2024,0.16,80.58,27.11,0.65,5.65,99.57
2/29/2024,0.14,78.58,27.39,0.64,4.18,99.65
3/1/2024,0.21,78.73,27.28,0.64,4.89,99.74
3/2/2024,0.06,75.51,26.72,0.63,3.18,99.76
3/3/2024,0.37,75.64,27.31,0.62,2.41,99.7
3/4/2024,0.16,75.07,27.24,0.62,2.64,99.68
3/5/2024,0.15,73.53,27.36,0.61,2.09,99.69
3/6/2024,0.95,78.39,27.33,0.61,2.32,99.74
3/7/2024,0.25,72.24,27.94,0.6,1.8,99.65
3/8/2024,1.54,75.03,27.45,0.6,1.51,99.75
3/9/2024,0.6,68.07,27.74,0.6,1.25,99.71
3/10/2024,0.04,69.89,27.39,0.59,2.34,99.82
3/11/2024,0,73.45,27.23,0.59,3.04,99.94
3/12/2024,0.04,72.6,27.8,0.58,2,99.88
3/13/2024,0.27,74.74,27.77,0.58,2.01,99.85
3/14/2024,0.19,73.35,27.84,0.57,2.46,99.83
3/15/2024,0.31,72.13,27.84,0.57,1.84,99.76
3/16/2024,0.95,79.1,27.34,0.56,2.27,99.77
3/17/2024,0.57,67.24,27.73,0.56,1.36,99.75
3/18/2024,0,65.12,27.55,0.55,1.38,99.71
3/19/2024,0.06,66.87,27.87,0.55,1.77,99.66
3/20/2024,0.52,69.56,28.42,0.54,1.24,99.65
3/21/2024,5.2,78.61,28.15,0.54,2.08,99.53
3/22/2024,20.55,80.77,28.33,0.55,2,99.43
3/23/2024,2.84,75.1,28.98,0.56,1.45,99.48
3/24/2024,7.91,78.68,28.18,0.56,2.13,99.62
3/25/2024,0.23,73.46,28.46,0.56,3.01,99.6
3/26/2024,0.95,71.84,28.33,0.56,1.95,99.74
3/27/2024,9.72,81.76,27.87,0.56,2.38,99.83
3/28/2024,0.84,72.5,29.08,0.56,2.28,99.7
3/29/2024,2.46,78.66,28.5,0.56,1.87,99.66
3/30/2024,0.41,74.39,28.6,0.56,1.74,99.76
3/31/2024,1.08,76.58,28.54,0.55,1.73,99.81
4/1/2024,5.16,76.64,28.43,0.55,1.63,99.62
4/2/2024,7.98,78.12,28.82,0.55,1.85,99.45
4/3/2024,4.94,80.19,28.82,0.55,2.26,99.52
4/4/2024,7.41,77.85,29.08,0.55,1.67,99.55
4/5/2024,4.62,82.53,28.3,0.56,2.38,99.53
4/6/2024,0.98,78.39,29.18,0.55,2.16,99.43
4/7/2024,2.79,82.63,28.66,0.55,2.55,99.43
4/8/2024,1.58,77.16,29.18,0.55,2.03,99.5
4/9/2024,0.45,69.1,29.65,0.55,2.02,99.45
4/10/2024,0.92,72.24,29.32,0.54,1.83,99.47
4/11/2024,6.71,78.51,29.19,0.54,1.55,99.47
4/12/2024,23.79,83.04,27.92,0.57,1.97,99.53
4/13/2024,4.51,75.15,28.46,0.57,1.72,99.52
4/14/2024,7.28,75.95,29.1,0.57,2.07,99.5
4/15/2024,5.37,78.83,28.77,0.57,2.29,99.57
4/16/2024,3.99,79.43,28.65,0.57,2.17,99.57
4/17/2024,1.83,81.74,28.7,0.57,2.92,99.55
4/18/2024,0.89,81.93,28.81,0.57,2.78,99.45
4/19/2024,0.64,83.55,28.71,0.56,3.01,99.33
4/20/2024,6.29,82.47,29.02,0.56,3.73,99.3
4/21/2024,8.12,82.13,29.15,0.57,2.32,99.35
4/22/2024,5.74,83.9,28.65,0.57,2.81,99.45
4/23/2024,6.95,79.51,28.9,0.57,2.36,99.37
4/24/2024,5.3,82.8,28.67,0.58,2.23,99.33
4/25/2024,1.42,80.09,28.79,0.58,2.38,99.31
4/26/2024,0.7,75.72,28.73,0.57,1.62,99.3
4/27/2024,9.83,76.96,29.2,0.57,1.42,99.28
4/28/2024,5.16,80.92,29.05,0.57,1.79,99.32
4/29/2024,7.85,83.97,28.86,0.58,1.96,99.41
4/30/2024,15.33,88.06,28.23,0.59,2.85,99.38
5/1/2024,2.86,83.77,28.75,0.6,2.88,99.22
5/2/2024,0.51,82.92,29.2,0.59,3.32,99.27
5/3/2024,0.66,83.97,29.43,0.59,3.55,99.37
5/4/2024,0.46,83.12,29.24,0.58,3.08,99.37
5/5/2024,3.24,85.11,29.02,0.58,4.04,99.33
5/6/2024,4.93,85,29.22,0.58,4.43,99.4
5/7/2024,6.57,86.95,28.92,0.59,4.42,99.49
5/8/2024,5.11,83.49,29.06,0.59,2.28,99.44
5/9/2024,11.45,86.19,27.99,0.59,3.56,99.43
5/10/2024,8.49,80.64,27.72,0.6,1.77,99.48
5/11/2024,5.81,77.34,28.66,0.6,1.35,99.53
5/12/2024,11.95,86.72,27.68,0.61,2.21,99.53
5/13/2024,23.82,82.26,28.41,0.62,2.11,99.47
5/14/2024,15.37,82.69,28.03,0.64,1.79,99.44
5/15/2024,14.19,83.07,27.94,0.66,1.66,99.51
5/16/2024,16.31,86.03,27.67,0.66,3.5,99.52
5/17/2024,4.66,83.77,27.86,0.67,3.83,99.44
5/18/2024,36.89,87.33,27.64,0.68,5.24,99.29
5/19/2024,27.78,87.76,27.81,0.71,6.37,99.19
5/20/2024,12.28,84.57,27.78,0.73,7.34,99.21
5/21/2024,3.76,82.48,28.55,0.73,6.19,99.22
5/22/2024,10.91,85.89,27.99,0.73,9.06,99.19
5/23/2024,12.02,86.34,27.9,0.73,10.11,99.14
5/24/2024,14.68,87.05,27.72,0.74,10.02,99.13
5/25/2024,14.4,88.29,27.85,0.75,8.65,99.18
5/26/2024,15.29,87.34,28.08,0.76,7.3,99.26
5/27/2024,10.71,86.8,27.59,0.76,7.75,99.36
5/28/2024,5.46,85.1,27.6,0.76,8.78,99.38
5/29/2024,10.96,87.85,27.51,0.76,8.31,99.28
5/30/2024,5.69,88.9,27.52,0.76,6.75,99.25
5/31/2024,5.13,89.54,27.46,0.76,5.25,99.24
6/1/2024,10.4,90.04,27.68,0.76,5.79,99.34
6/2/2024,40.2,88.83,26.9,0.79,4.59,99.48
6/3/2024,7.87,88.37,26.74,0.8,5.17,99.52
6/4/2024,4.58,87.96,27.26,0.8,6.11,99.56
6/5/2024,0.99,86.27,27.28,0.79,5.76,99.64
6/6/2024,1.92,87.28,27.39,0.78,5.93,99.67
6/7/2024,4.91,87.87,27.13,0.78,6.03,99.6
6/8/2024,3.46,85.75,27.43,0.78,6.4,99.6
6/9/2024,8.95,88.51,27.24,0.78,6.13,99.56
6/10/2024,3.68,87.11,27.37,0.78,6.14,99.63
6/11/2024,1.01,87.54,27.45,0.78,5.98,99.63
6/12/2024,1.44,86.62,27.33,0.77,5.33,99.69
6/13/2024,0.85,88.68,27.32,0.77,4.56,99.63
6/14/2024,1.15,87.45,27.64,0.77,4.55,99.51
6/15/2024,3.12,87.69,27.43,0.76,5.36,99.44
6/16/2024,1.58,87.33,27.45,0.76,5.15,99.45
6/17/2024,0.54,87.14,27.64,0.76,5.17,99.49
6/18/2024,3.09,88.56,27.42,0.75,5.43,99.5
6/19/2024,4.57,88.26,27.2,0.75,6.37,99.46
6/20/2024,7.5,86.94,27.09,0.75,5.83,99.47
6/21/2024,5.68,85.27,27.16,0.75,6.08,99.47
6/22/2024,9.81,82.81,26.94,0.75,7.76,99.37
6/23/2024,1.71,84.39,27.32,0.75,7.85,99.35
6/24/2024,8.38,86.26,27.3,0.75,6.81,99.37
6/25/2024,1.84,85.94,27.29,0.74,6.04,99.33
6/26/2024,6.16,86.49,26.53,0.74,5.59,99.36
6/27/2024,5.03,89.65,26.91,0.74,4.88,99.45
6/28/2024,2.56,88,27.09,0.74,4.27,99.47
6/29/2024,0.58,88.92,26.93,0.74,4.15,99.49
6/30/2024,2.86,88.85,27.11,0.73,4.28,99.56
7/1/2024,3.56,86.47,27.11,0.73,4.69,99.56
7/2/2024,1.17,89.36,26.96,0.73,3.7,99.43
7/3/2024,2.66,89.81,27.14,0.73,4.12,99.46
7/4/2024,5.07,82.85,27.13,0.73,4.83,99.58
7/5/2024,13.39,85.96,26.99,0.73,5.95,99.51
7/6/2024,4.75,82.67,26.76,0.73,4.92,99.47
7/7/2024,4.5,87.8,26.77,0.73,4.41,99.43
7/8/2024,5.14,84.81,26.47,0.73,5.54,99.37
7/9/2024,1.59,81.85,27.12,0.73,5.02,99.46
7/10/2024,1.88,84.72,27.11,0.72,4.77,99.64
7/11/2024,2.2,85.92,27.25,0.72,4.98,99.55
7/12/2024,5.86,88.16,27.33,0.72,5.33,99.44
7/13/2024,3.99,88.04,26.6,0.72,6.03,99.48
7/14/2024,3.79,84.74,27.03,0.72,5.54,99.36
7/15/2024,7.09,85.93,27.14,0.72,6.32,99.39
7/16/2024,1.37,86.74,26.99,0.71,5.36,99.44
7/17/2024,2.59,87.28,26.87,0.71,5.36,99.5
7/18/2024,2.96,88.52,26.43,0.71,5.57,99.57
7/19/2024,1.83,88.07,26.87,0.71,5.02,99.44
7/20/2024,0.62,90.68,27.09,0.71,4.13,99.45
7/21/2024,0.67,88.89,27.2,0.7,4.14,99.49
7/22/2024,2.11,87.53,27.19,0.7,3.59,99.64
7/23/2024,1.39,87.62,26.92,0.7,3.64,99.68
7/24/2024,0.62,88.12,27.12,0.69,4.02,99.5
7/25/2024,1.25,86.24,26.61,0.69,4.1,99.46
7/26/2024,0.93,87.8,27.17,0.69,5.58,99.44
7/27/2024,2.01,88.52,27.13,0.68,5.72,99.49
7/28/2024,6.03,89.29,27.32,0.68,5.92,99.42
7/29/2024,8.6,84.69,27.34,0.69,6.52,99.35
7/30/2024,11.95,83.8,26.48,0.69,5,99.54
7/31/2024,2.83,87.43,27.1,0.69,4.76,99.62
8/1/2024,2.81,87.47,26.94,0.69,5.25,99.61
8/2/2024,3.32,86.8,26.7,0.69,5.12,99.61
8/3/2024,2.24,85.65,26.5,0.69,3.78,99.61
8/4/2024,1.47,86.89,26.86,0.68,5.01,99.58
8/5/2024,3.92,85.43,26.56,0.68,5.86,99.65
8/6/2024,1.54,86.71,26.61,0.68,4.3,99.5
8/7/2024,0.49,84.34,26.85,0.68,4.24,99.5
8/8/2024,1.42,84.32,26.64,0.67,5.62,99.62
8/9/2024,0.43,82.89,26.88,0.67,4.57,99.63
8/10/2024,1.75,84.42,26.81,0.66,5.48,99.6
8/11/2024,6.29,84.94,26.72,0.66,4.78,99.4
8/12/2024,12.56,88.61,26.8,0.66,4.56,99.23
8/13/2024,15.2,91.44,26.24,0.68,5.17,99.18
8/14/2024,6.24,88.21,26.33,0.68,3.8,99.25
8/15/2024,2.16,88.01,26.91,0.68,4.67,99.21
8/16/2024,15.03,88.64,27.47,0.68,5.8,99.12
8/17/2024,24.01,87.24,27.01,0.71,6.21,99.31
8/18/2024,8.52,88.49,26.99,0.71,4.83,99.38
8/19/2024,9,90.74,26.73,0.72,4.88,99.36
8/20/2024,21.34,87.82,26.56,0.72,5.65,99.43
8/21/2024,8.64,84.6,26.35,0.74,6.37,99.63
8/22/2024,0.48,84.78,26.06,0.73,4.47,99.7
8/23/2024,0.76,84.1,26.64,0.73,4.69,99.72
8/24/2024,0.76,87.37,26.5,0.72,4.48,99.75
8/25/2024,0.58,85.96,26.67,0.72,5.47,99.8
8/26/2024,0.09,83.15,27.15,0.71,5.53,99.7
8/27/2024,0.04,85.08,26.78,0.71,4.88,99.72
8/28/2024,0.18,86.19,26.86,0.7,4.46,99.71
8/29/2024,1.57,86.19,27.11,0.7,5.42,99.61
8/30/2024,10.89,86.1,26.71,0.7,6.63,99.6
8/31/2024,3.84,85.42,26.69,0.7,5.79,99.61
9/1/2024,7.5,84.42,26.88,0.71,5.5,99.54
9/2/2024,10.19,85.48,27.19,0.71,6.3,99.57
9/3/2024,5.6,87.04,26.51,0.71,5.97,99.69
9/4/2024,2.16,85.7,26.99,0.71,5.42,99.64
9/5/2024,2.93,87.9,27.05,0.71,5.5,99.51
9/6/2024,2.45,87.24,27.15,0.71,6.41,99.54
9/7/2024,2.84,88.02,27.18,0.71,5.38,99.63
9/8/2024,3.14,86.92,27.18,0.7,5.82,99.67
9/9/2024,6.07,87.35,27.07,0.7,5.7,99.54
9/10/2024,4.78,86.94,27.07,0.7,5.24,99.52
9/11/2024,7.5,86.09,26.99,0.7,5.38,99.63
9/12/2024,0.59,85.7,26.79,0.7,5.29,99.72
9/13/2024,1.06,87.03,27.11,0.7,4.68,99.59
9/14/2024,1.71,87.72,27.08,0.69,5.28,99.56
9/15/2024,1.08,87.41,27.13,0.69,5.32,99.55
9/16/2024,0.98,86.83,27.28,0.69,6.07,99.59
9/17/2024,0.34,86.7,27.27,0.68,5.95,99.53
9/18/2024,0.83,87.08,27.17,0.68,5.79,99.44
9/19/2024,0.44,85.19,27.19,0.67,5.55,99.45
9/20/2024,0.44,85.23,27.05,0.67,5.37,99.42
9/21/2024,1.88,85.14,27.21,0.66,5.77,99.46
9/22/2024,1.54,84.46,27.24,0.66,6.15,99.43
9/23/2024,0.41,83.29,27.27,0.65,6.79,99.41
9/24/2024,2.63,84.41,27.52,0.65,7.06,99.37
9/25/2024,1.41,86.2,27.46,0.65,5.78,99.38
9/26/2024,2.25,85.56,27.51,0.64,4.63,99.38
9/27/2024,4.08,86.44,26.76,0.64,4.38,99.48
9/28/2024,4.88,82.32,27.5,0.64,2.48,99.45
9/29/2024,12.17,82.28,27.47,0.64,2.06,99.47
9/30/2024,9.05,79.84,27.49,0.65,1.82,99.49
10/1/2024,2.38,82.1,27.66,0.65,4.04,99.43
10/2/2024,3.95,86.69,27.13,0.65,4.84,99.57
10/3/2024,3.16,84.75,27.28,0.65,4.81,99.58
10/4/2024,0.69,85.28,27.18,0.65,4.31,99.59
10/5/2024,4.94,86.51,26.83,0.64,3.71,99.61
10/6/2024,5.13,88.12,25.76,0.65,3.98,99.63
10/7/2024,30.2,88.59,25.87,0.66,4.81,99.69
10/8/2024,15.11,86.76,25.76,0.68,3.46,99.79
10/9/2024,6.39,86.58,26.44,0.69,3.14,99.59
10/10/2024,13.66,87.04,26.28,0.69,5.79,99.47
10/11/2024,19.05,87.16,26.07,0.71,6.31,99.48
10/12/2024,19.69,86.42,25.8,0.72,4.36,99.58
10/13/2024,8.94,84.37,26.15,0.73,4.52,99.57
10/14/2024,16.47,87.49,25.6,0.74,4.95,99.56
10/15/2024,2.46,85.47,26.4,0.74,5.09,99.5
10/16/2024,4.12,87.17,26.86,0.74,4.71,99.5
10/17/2024,0.61,86.48,27.06,0.73,4.12,99.52
10/18/2024,0.11,85.35,27.1,0.73,3.71,99.56
10/19/2024,0.66,85.9,26.68,0.72,3.38,99.68
10/20/2024,6.06,86.07,26.86,0.72,3.05,99.68
10/21/2024,8.95,87.64,27.01,0.73,3.28,99.68
10/22/2024,6.6,86.58,27.09,0.73,2.31,99.67
10/23/2024,13.86,89.6,26.73,0.74,3.69,99.68
10/24/2024,2.6,86.25,26.73,0.74,4.53,99.69
10/25/2024,2.67,86.11,27.08,0.74,4.16,99.68
10/26/2024,8.9,89.16,26.93,0.74,4.52,99.64
10/27/2024,7.87,89.08,26.7,0.75,4.09,99.53
10/28/2024,1.24,88.64,26.95,0.75,4.35,99.49
10/29/2024,0.46,88.11,27.16,0.74,3.5,99.54
10/30/2024,0.4,88.1,27.11,0.74,3.13,99.53
10/31/2024,0.32,86.28,27,0.74,2.47,99.62
11/1/2024,5.61,85.78,26.99,0.73,2.08,99.7
11/2/2024,34.35,84.43,26.4,0.74,1.6,99.75
11/3/2024,24.39,81.8,26.66,0.77,1.6,99.73
11/4/2024,15.09,84.18,26.59,0.78,2.71,99.61
11/5/2024,14.96,84.19,26.18,0.79,2.59,99.7
11/6/2024,1.41,79.43,26.69,0.79,2.9,99.66
11/7/2024,5.19,83.84,26.7,0.79,3.34,99.62
11/8/2024,23.92,92.09,26.75,0.79,3.51,99.55
11/9/2024,8.36,85.63,26.92,0.81,4.42,99.55
11/10/2024,0.15,84.16,26.68,0.8,5,99.53
11/11/2024,0.14,83.12,26.95,0.79,4.33,99.48
11/12/2024,2.33,84.84,26.8,0.79,4.23,99.44
11/13/2024,7.36,86.68,27.01,0.79,2.97,99.32
11/14/2024,25.59,86.62,26.94,0.8,1.91,99.48
11/15/2024,21.83,81.97,27.36,0.81,1.01,99.5
11/16/2024,6.79,77.23,27.83,0.82,1.25,99.43
11/17/2024,5.28,79.65,27.76,0.82,1.85,99.43
11/18/2024,4.65,81.74,27.31,0.82,2.07,99.5
11/19/2024,25.37,87.97,26.62,0.82,4.66,99.46
11/20/2024,5.87,86.63,26.79,0.83,4.16,99.5
11/21/2024,4.77,85.2,26.67,0.83,2.94,99.55
11/22/2024,19.75,88.63,26.41,0.84,4.91,99.46
11/23/2024,11.3,83.55,26.97,0.85,3.12,99.54
11/24/2024,13.94,88.23,26.05,0.85,4.51,99.57
11/25/2024,11.78,90.04,25.55,0.86,7.7,99.38
11/26/2024,36.8,91.03,25.93,0.88,7.74,99.23
11/27/2024,9,90.42,25.95,0.89,9.97,99.12
11/28/2024,1.69,83.46,25.96,0.89,6.92,99.28
11/29/2024,3.04,86.49,26.16,0.88,5.01,99.29
11/30/2024,6.65,87.21,26.34,0.88,5.92,99.31
12/1/2024,0.24,83.1,26.67,0.88,6.1,99.27
12/2/2024,0.09,79.99,26.47,0.87,5.16,99.36
12/3/2024,0.06,78.2,26.95,0.86,3.21,99.51
12/4/2024,0.37,75.67,27.2,0.86,1.44,99.53
12/5/2024,3.98,84.58,26.69,0.85,2.75,99.56
12/6/2024,0.81,85.47,25.98,0.85,3.25,99.58
12/7/2024,0.22,80.89,26.67,0.85,3.05,99.54
12/8/2024,5.97,83.31,26.41,0.84,2.48,99.57
12/9/2024,0.81,81.15,26.16,0.84,3.58,99.53
12/10/2024,0.46,82.83,26.19,0.83,4.5,99.5
12/11/2024,1.15,86.17,26.4,0.83,4.92,99.43
12/12/2024,10.87,86.62,26.25,0.83,3.12,99.37
12/13/2024,20.32,84.39,26.75,0.83,1.34,99.5
12/14/2024,25.82,87.88,26.51,0.85,3.72,99.59
12/15/2024,2.16,84.43,26,0.85,6.17,99.66
12/16/2024,11.98,90.27,25.93,0.85,5.47,99.58
12/17/2024,1.02,89.77,25.87,0.85,4.41,99.55
12/18/2024,1.95,87.57,26.27,0.85,3.26,99.51
12/19/2024,7.81,86.91,26.56,0.85,2.15,99.52
12/20/2024,3.13,88.37,26.83,0.85,3.71,99.53
12/21/2024,5.35,89.92,27.02,0.85,3.73,99.52
12/22/2024,3.07,87.12,26.8,0.85,2.68,99.59
12/23/2024,0.25,84.3,26.21,0.84,3.27,99.59
12/24/2024,0,81.55,25.77,0.84,2.55,99.66
12/25/2024,0,78.17,26.02,0.83,1.81,99.74
12/26/2024,0.2,79.39,26.66,0.82,2.87,99.81
12/27/2024,2.06,83.4,26.92,0.82,1.97,99.83
12/28/2024,1.14,83.67,26.57,0.81,4.64,99.78
12/29/2024,0.72,85.26,25.96,0.81,4.87,99.77
12/30/2024,4.64,83.82,26.86,0.8,2.05,99.69
12/31/2024,6.72,84.99,26.56,0.8,3.8,99.65
